time,class_ 1,class_ 2,class_ 3,class_ 4,class_ 5,class_ 6,class_ 7,class_ 8,class_ 9,class_ 10,class_ 11,class_ 12,class_ 13,class_ 14,class_ 15,class_ 16,class_ 17,class_ 18,class_ 19,class_ 20,class_ 21,class_ 22,class_ 23,class_ 24,class_ 25,class_ 26
1971,1144387.4965072852,9392542.627157662,493574.7960627228,232702.95835582569,663312.5864404647,894743.7636932876,365093.5735249978,475031.4573907805,280921.875138303,189097.59559797272,9461806.186230956,2107346.1543923886,266002.1043778483,959467.6707510875,610864.9392750601,2828611.690088785,530654.8112321922,1350458.417425436,170614.05456387423,1915750.1954716605,552541.615199033,320263.0789708728,1803571.58377054,869854.0285971474,435904.220034386,347892.6890529857
1972,38746.28270666362,292728.0324968988,21577.57462891637,5734.002056397209,53882.86771064217,24318.830612959886,13097.522774018345,12834.330271909676,7484.943530385493,7216.078632777461,305353.94799515256,34972.01402127423,16174.227975136884,13324.716664237925,7035.273651373861,40411.429537597876,35661.582426022665,32382.3958720248,3720.7935245074236,51391.13587787809,14061.239262960657,10867.006122326544,112107.48197478676,20316.118904673694,8409.289121913194,8078.732517839839
1973,94373.83202050946,512352.15189092065,46634.869335538664,14760.947675147034,93618.3855899954,49727.05350418803,14510.56140430317,17580.496186169912,8729.284699608908,12144.386020958975,543292.5695620588,122934.28049040993,19687.087254693783,107174.16886196815,76689.33535499153,230422.9657422491,45072.760899810164,38205.153394761444,10256.409036298506,86127.68643564168,29977.47251923285,15886.079909407335,157421.82532187976,53690.63614179404,9396.125592378028,23641.436756903462
1974,112959.54450323031,380889.7288302808,49926.159157731956,14036.756404129726,82375.14217609509,60799.40699915983,19688.77772002516,19129.653673972887,12206.51765549499,12920.619630447396,454241.8747002586,153694.96997186256,19707.159131092067,142350.551017121,79965.61713780391,253628.68480413858,47760.329431190905,55751.473986090685,10057.263283525255,91411.41224631046,27759.06393246607,19067.023342339195,63858.19028711455,58572.12024280598,19530.405662835477,28556.94073978113
1975,77231.65914438933,561711.4068347703,48352.790185768376,19758.810759909167,66983.21908328554,77565.99727791757,21779.270841627655,23832.564731630246,11956.663509531358,15489.843966139142,527817.3642686888,193838.50624986144,37935.619725069526,137465.42695146144,68645.69947936431,248532.26080594258,67624.09340875929,56912.043717001,9472.488420389582,93485.14205448914,32817.55073907532,21638.24644717824,147793.6800974134,55861.064547644855,28279.362804142827,39061.35870767784
1976,86418.34658085639,681517.3415777492,74817.7893365834,23327.060920015734,94301.02005494338,85534.9247109938,30894.180241241294,26815.5293074461,14014.642487800054,19475.618146850444,684535.4281909115,209139.55920453608,31082.696662813778,150430.31276972772,68121.84224157144,282355.25625437463,105197.3176528628,58859.17127054571,9003.663039561892,106767.85410987999,38514.28697780927,21753.939442846713,153319.39316142796,64405.177528684246,24873.371627125216,39051.17021393668
1977,80580.72200743851,750276.5426497519,83924.35990852266,25254.7542936847,75676.85073885083,116470.11228098218,40537.2030072981,32040.704425144577,14961.481359879692,21574.477567035025,677157.5215529914,238321.83549620293,48670.9475843288,149336.64811294922,69596.84162832797,274483.40697702,165056.9644607105,67882.85124169118,16355.966255717645,134170.35442630053,49285.36501313523,26590.079453906044,134989.52654614032,73592.35141932592,28389.880349794672,47582.47569274383
1978,68292.65582922168,725942.1223628004,82927.99174962501,22309.74191881157,93522.85464041342,94704.03129216694,39697.910079872214,32454.977426014055,13105.483122114882,22425.03226402727,486314.6704463992,187356.34328970028,32699.963517519616,116754.57518441684,20454.198043299097,136347.92812482917,141583.2464661862,78239.76315994475,19669.7445088246,154914.7059257069,38800.61603803257,30422.404110497442,158207.9830037612,52878.199783151715,32090.561602169582,38465.13362165404
1979,107920.74024962007,645397.0468610297,109231.16380194748,18669.135264730456,117608.96150016657,117354.30127332787,40760.5133681123,27767.710106774815,11595.136364479331,28611.319565860205,542218.6721408563,164301.52726717966,19269.652192500842,48306.17310740841,34032.83553408422,218466.68726325544,150690.7750717784,82415.85151885252,24151.231560165237,180681.6853068373,55085.23005741204,28722.36553095258,170036.6721416868,60244.75349187156,35619.12063330874,29788.52871602675
1980,77703.85855160003,447010.44137077295,107005.38666661967,15328.92494459129,173406.5565749624,112450.61098480315,49029.112504380486,30039.957134277796,14173.043959983243,32429.049101232322,484154.1226277385,126214.44380770238,21801.91757545899,42849.306175901176,41708.975450091886,260760.24249321705,126786.30586237507,75500.26800335839,8167.297808372931,176111.26246303512,52541.957067927724,33686.34774669905,104628.89301520145,60581.5386320028,32102.982816477812,30158.724533013577
1981,53273.27150140011,556811.0393966836,91673.43595200367,18346.759991335122,85226.90398499754,105079.78596162667,55218.89009891849,29464.34011107802,14397.631369750314,31274.033837049305,451419.7662266214,119304.17613062133,18880.760104141136,38084.84335676006,44527.78735770372,196174.18826511814,144844.19591464038,86983.83664333604,29714.444096145413,175829.17259778414,50384.81637973289,32493.270200412775,113604.14113490518,64557.60893731534,32931.550682376044,45495.561233978835
1982,37000.40444181859,433752.50931261195,40416.84956302749,19603.934150653324,102853.34191070056,98349.71733937002,54187.63645010365,32345.9505176577,15669.184705635278,27549.16163365082,512358.97527893225,114300.46156358893,16926.942366031653,43144.502227961435,49284.47968327294,215132.5451506231,193792.3967540322,75468.70621626692,19477.802977393578,186209.3978029657,59009.62352823696,34906.41683766408,88298.5028148635,76395.21973122502,38690.89740772386,33536.01156185987
1983,39400.75946818433,746859.4001437469,18176.2347021074,23335.110648639282,94700.28043756168,109000.06837952128,56743.84252875902,36010.125636632794,15201.091190838211,23658.454588122488,570520.4468077769,113991.1607697929,29763.979129214447,48389.13625382858,36057.926582003696,223812.88045226334,207868.17271079216,77192.11151496625,30761.651546538982,173216.39223499503,76646.4255732993,28479.24715265941,156192.04127479377,73236.51955983344,40825.64246168148,33353.07591354149
1984,78042.75359728523,750570.7389273009,27509.72898259574,25111.55936588444,126460.59261682688,117553.46358760094,67529.31161535149,34596.39453401539,14244.37101761811,18848.865107079153,609433.907338492,125578.34702376348,24991.413625167057,50560.331352196285,29478.25168769818,224276.02033279205,151951.64280176023,81921.5398773471,23653.984090118916,176232.32953901758,77167.0628107385,33653.195006354654,135287.57772618072,90924.67209887992,50022.6971857611,40996.98481816624
1985,107292.1485654062,746398.6470501951,39857.25418063691,22445.778496136685,162101.31027628106,128201.88626896545,75467.99504013963,48874.469931341555,14486.937758205655,14594.136221676155,614542.4141011708,124186.73902560977,36657.00582228578,52190.990025705585,30443.3278265409,219790.95842667244,130772.71843793298,95464.56376229605,27265.22914694609,205338.93378100885,77453.84199383868,33893.327658359645,154832.38880616045,88725.739754452,50371.91692614616,43083.203838545494
1986,128292.93198110317,880750.6722558908,144591.9783663166,22304.788925734458,239977.18135925132,148471.83960932936,54290.494395766764,35311.31047860861,17063.917106973106,12396.918457121028,665510.0961832439,132378.5567265206,42426.59759109979,64073.710976373084,29950.117490747645,242016.93033709415,142990.55780940005,106349.17213828345,27221.564808760733,230173.246474743,72325.72240408625,49204.89925926235,182133.46233800275,82113.68282385134,51413.01193995678,43780.56024789979
1987,127214.92782735861,898471.775440201,50324.194413965975,23219.369812946614,191776.97237496907,126625.73722088893,67960.49564038466,32312.668191771976,18784.51002272813,10892.235514466885,632863.665346581,125406.0206130162,58789.754979959325,68974.24346877352,21458.232953545183,209331.09744167025,155052.69348580664,114178.31305174908,38698.77566099581,253086.44170397214,72568.02797824515,39563.01710344462,152148.22001033486,68088.76738514456,55412.796059447865,55572.40166141014
1988,138921.6280618834,1036184.3710978351,65562.45741624336,16871.917132477938,177389.43237561017,114829.40462235111,70546.5775775031,46183.95685346197,23263.45486327753,13592.139081857771,798598.0787456562,124111.6770630832,41869.46114676915,174913.41314097826,149734.29934394834,879318.2317576138,111892.64420038594,125883.00752825793,42799.27919203271,301026.391427541,85779.25525534972,42575.374250222,179173.0665114063,61135.65064686655,55837.156894989224,62844.2567955224
1989,115086.55894323814,818272.4776175824,119417.10757602622,21014.963337532663,191494.76220345704,70905.61385724533,65707.52798397238,37684.030726993704,17408.49645444301,13699.969444489157,688155.6183173496,104391.26783169621,37647.7641250509,179256.29726008797,170924.24659592903,906781.2573700659,134942.74773535086,141093.1838907244,45960.80210134197,304854.1657462772,95925.01764019857,37885.47994887725,230008.47469540618,68952.04014620895,51904.295159069785,59978.81463850011
1990,79026.77187246925,608227.9782300186,93335.5898642305,17663.976477191598,143551.02336272778,142699.6714541261,71857.56392436002,13061.958056472868,21906.976580133247,15346.726863168029,662039.7749116977,89101.68999652682,67238.90382372391,249063.96576433,224034.29876535368,1090122.00770486,103561.1775412694,116057.9359643824,54662.068579839295,350502.16909817903,117100.51179383308,73883.94305716199,375049.67564027914,64676.80592166549,58723.38805373393,49877.8843218207
1991,57497.58696667155,641609.567990272,110615.28442542357,12811.845690046772,155427.6919840781,182324.421281325,62723.093458723466,42601.54891811591,16697.963941448495,11648.32526350033,627577.4781094353,50366.99720372704,39938.95150370529,194493.59053997262,164327.62569449277,802165.2478536291,151951.47882950582,123007.28219045573,55510.32539399616,370096.97239208093,104219.79184484885,65519.5581186559,272494.7076857086,51365.69488717965,58217.96562078966,39744.023933180746
1992,56377.72621306871,739591.1144268776,78207.7058113282,25179.58935053132,158368.56714522198,198442.61881462287,62845.50355786546,46960.28181931007,17923.29063325201,16068.303561842398,673500.4761028434,16841.75392201091,48660.16413447027,117673.83728076529,150236.0965680181,767929.0099135949,175731.38283752612,122103.54524746744,62304.26568210935,428233.8297790731,133736.318491945,61849.66817166751,242816.4157779599,56624.174092515634,73042.38471363482,29878.715430003445
1993,103740.59037615318,863794.7110121931,79442.58623178658,21238.5737226564,222815.18613342982,180920.05480959665,81378.54224272791,31059.02429480111,19339.40996681837,12376.35715033423,543369.7298323472,32664.693752374336,84789.16713320017,24818.258372755892,7489.331321346458,53917.5753345803,187779.14352478247,142178.58484990738,70137.56131936151,464837.82686426066,167341.66677482662,67651.9315361318,271158.9462602505,61134.85446704829,75685.27536584914,18073.079055536993
1994,124534.38818775333,855007.9035341451,63496.47881206251,30198.649292956405,280899.85925055563,147836.70626394215,70974.80624627453,28300.522589237396,19133.713371492893,7881.872227510267,623599.6092709549,53688.715243938874,44352.69458822806,33837.73831097571,9755.977791636144,68869.14513469845,163349.31210815196,148101.37570203436,74807.92577122325,424259.1137699677,165030.92027843508,95653.21436866326,301306.9035978486,85717.6469712868,76273.29307957002,17855.044524958303
1995,125308.14627671216,799873.80050203,33918.96240720913,33188.60757611515,328921.14967684797,120396.29474773115,72535.86225783832,38958.89738778283,25299.93409564514,18408.201802623444,644805.0139515683,61215.19238329769,77735.02206867558,16663.505893605547,5997.078971791159,25899.29421854563,100660.16339530653,177374.58895858764,93284.97682860245,489932.92830766493,190225.41274185738,99810.83705230673,258372.59214720165,88776.49974636603,80173.22059443587,27505.977384620503
1996,126706.56588820361,823802.1461244246,22617.190871761806,30921.181777860158,267223.25853745424,130770.79495562355,80665.98920160026,48849.40275830751,28790.1336164001,15643.95576646318,733687.5440314757,137992.83415828503,78725.69899527893,13513.67977644791,5783.603618217897,24142.047735502496,162539.75178515053,174314.3462731919,86119.9523528584,589450.5497615722,184373.7231270368,107096.53188985575,280923.18912267766,91531.82867108384,89888.44805104934,19819.989902362588
1997,162132.63130345967,970835.7956641038,112909.25238340916,40668.14660610314,217057.18821113528,129748.71524377548,67300.46833603436,55209.82815556214,28961.340047508154,21797.692954053615,868027.7214879257,98008.29495110037,73640.98274446656,12517.73963160472,9404.70602968657,27436.813840255683,158189.25743616384,151565.21331095032,54956.92063617001,418369.6003090016,164431.15124981946,102972.16058894324,210420.81399988526,93542.97163582349,78457.5139744956,28781.148441566234
1998,134583.8118364013,1083546.0447779216,116059.74599561644,47029.139383209615,142766.10941167478,174211.93071278516,87058.17650662808,60962.01500738308,26279.995914890464,17164.401921800207,981299.1930316618,93133.13604509474,60714.645437093546,17187.52987649001,12009.485594507389,38697.47285876457,220314.5157690389,158773.78049386106,34914.22048434199,536381.8712181859,124187.25322026841,53173.01470985382,186934.98753093896,95168.81652738145,80666.14521004696,29971.52609772152
1999,117203.50104484736,1074447.6803568334,112592.0362131209,42933.05652675506,61139.96719464911,127664.71666944119,85062.69035479179,59672.43814674456,25315.33387591245,20162.099384885772,897990.0552084497,84081.92046868747,67181.44416816098,19864.89981832243,11776.994869185026,40736.34704049232,163047.32111883216,199912.11078420223,50955.04932438309,554802.8347642274,159074.9263493459,64668.06823346667,219807.11548538294,97886.97052099483,80334.81508468556,36900.739827547695
2000,97566.4929656229,1048400.2107734279,139347.42444610142,39381.8812719455,98582.76787689539,138323.38927293796,85076.37236832138,48117.61525169942,29651.087819062595,19370.3777336276,965587.2682685041,82230.95261520585,76457.46901442282,19952.600512177323,21554.70399846906,69456.94798072866,186215.87758271908,180368.9624269173,117570.38692532193,859631.7655437709,174377.46610429624,81460.91222401275,225911.37002469096,121196.08231604277,69903.17508015962,36057.574548226745
2001,87754.06849291519,1064771.2074093837,119750.48640064629,39585.79582038668,110024.90083168517,150364.16256563118,83718.65358817001,82192.6463950222,26462.33415468486,21827.08443589102,826728.813718676,151186.47857226117,45848.81197257197,22165.508944757188,17372.48984606157,113388.44637956083,206113.16978869014,186806.77059864445,92594.02153714004,666878.1631350592,196028.65078409322,61847.13701357525,227494.69617913777,86286.02561758524,75235.00689483949,36468.59983869905
2002,160438.8576776335,870779.509703136,101430.6217270035,41306.301983050354,145871.93227713872,134838.0502099738,99479.41408143028,94863.14633387548,35042.114698477286,30626.813171753616,918708.6020009201,146431.68610483975,57926.985074322765,27995.20981945872,23644.893059545324,86120.36734062574,242435.53691118152,202298.23237026637,119617.40047290277,802893.3948273684,197138.22522834514,72211.7253689194,180450.14433774678,145922.82565360406,76213.10927131768,31955.288991530357
2003,126135.8163476649,1061972.6739919449,141824.53374391826,33263.65956167226,156120.28332436824,89335.57987344697,108373.59153005766,70069.98188793671,35252.48645797922,33748.612658382786,987811.1755995773,204255.59331768568,67371.893274432,33929.50846175804,22418.78377477571,116647.06736582147,258551.00427924676,221552.71700328146,82018.06532886162,936641.914176363,193086.67188790147,68991.3548825237,221635.4062597872,131248.06958333278,91167.46552199782,33913.60372081
2004,133003.7663368265,1161796.8814197837,150200.54969028654,42293.33457313685,264642.18516596576,162871.84942315627,128155.07107470711,67181.34036836182,36926.056032803164,37493.76449965525,1160383.811959257,242060.3654159775,83392.39506817107,32807.09925066787,34960.14809044086,160448.8493361978,341014.49378671474,249280.54984206526,73184.22601603842,1226000.4969211854,213538.22491780168,75349.99383059774,289374.85589287896,187639.5575430824,92847.1487502352,53890.984772948636
2005,130965.40381225971,1308502.3845364717,231198.4902529329,45938.476963150264,259264.45383161766,204009.74542779883,117186.69996235339,64566.834588469086,43873.011098198534,31853.23562071224,1140541.9618743232,244603.03900808643,97019.3457145474,52813.6696044174,31702.93489454122,158302.79395587623,332699.17278490536,240799.23017908272,91537.6370256411,1367408.2359112073,165523.73618023592,76308.205527751,272051.188375159,116011.46935903745,89284.88599446461,67694.82624811388
2006,122606.31878136593,1166407.7071394615,219363.28022442764,52330.69307261406,285329.2334811759,236397.99335455068,126992.49726161294,64883.863688174,43716.75429419185,32615.768230783215,1402272.187026205,260330.10958719105,113325.76878110372,47211.213214202995,39978.66599989506,238271.48332941032,326560.34184356517,243674.88058078568,92230.65236693341,1432131.7743221058,143427.60104150767,51208.600221008375,248027.3711857959,122565.4556153177,102824.11600677353,73359.33584484467
2007,202727.45820830434,1284929.8132390878,221710.89631282265,61886.81089086772,342762.8763224254,269983.2949327437,170919.82859911834,96670.1929421351,45930.85184751786,36010.89272004887,1263272.5989433054,260630.95979224858,112375.35122551156,82369.43890731486,51566.633884208604,272898.83394307777,393544.7874937543,353769.5720024376,98693.63702337658,1409307.251672424,241872.28285261063,101377.1890669453,192918.4374886055,128800.51548412522,128963.32558310688,79491.11762165674
2008,125287.4147993363,927340.5100259295,217139.3529896435,42392.439128032776,343604.3323202582,264902.5688720456,167959.82447330852,88503.39266639596,52855.454705119104,32373.438655824655,1104349.396000039,298383.56884104095,42854.17119271607,74201.66618617624,47591.60918126767,310492.64679552155,451174.82229905354,358258.277638345,74025.82439826701,1382758.61447956,204034.60298659687,101958.20648415553,179152.22397291896,112643.73505691347,96867.90963774094,64082.55456619169
2009,112260.46782184477,834524.3759034319,149283.16589581902,55206.58560331725,278899.53761896363,239613.11336963027,207174.4446185293,106477.71595229859,56342.038000967026,41233.68757422141,1192972.8716172015,250830.9560706155,82704.08963946177,61391.70816068545,31391.142229123438,179642.66649017276,449650.6823237558,358435.3548322197,85262.6931722925,1307376.9004678156,239846.1561907918,153969.6290954323,223347.00683535027,144089.27932283012,109635.00233893331,46657.23165648099
2010,144031.03020001578,1219678.3381691994,78782.139329281,49182.706052327776,377298.5595911587,284358.8830805484,201166.7431843612,103141.15012682995,64860.666368762,29351.500635107244,1381700.1162925882,279526.261300721,114298.71144868586,25808.420738130404,28233.861652165546,150725.08507879087,391293.00857778016,359003.5756272113,105760.69052706865,1416186.8246450538,239548.73344404364,156372.7204294235,313206.0442721694,153376.4621190725,121469.41154202724,36242.06882793664
2011,140671.93439220052,927936.1952204986,99508.89872148873,48259.339797962224,306091.2739249529,324394.28550177487,186859.5386602098,99852.96936674988,57074.725640604716,41321.44372880516,1611197.1076230987,300283.3279993921,136820.29210108312,29257.446357273206,32423.697241141213,243684.19030895294,387403.2503737072,419484.73652328964,100679.83782522567,1653729.1003082138,242559.2616331347,264961.7080095991,283629.123444439,155396.7029972212,122751.42581194472,43415.38907095886
2012,160805.5490253321,1301287.2002265642,145669.87603863297,57597.14225025933,364686.1638849984,325303.06583351415,252589.0824523443,110480.18389355362,52873.61708414662,51124.89185009751,1457658.088637015,303964.58659222524,195950.52857293165,34753.45769959972,42898.87082855963,195378.76622818894,481432.2806452153,410960.2790593281,121049.51977279171,1800430.086414749,313767.9417025832,319697.53303547535,368607.3344742606,191672.8171154513,123819.15421314944,49231.383205843755
2013,234013.45611874887,1635370.3454315222,161601.45834153873,53554.55174794384,373326.4192479447,339883.0183952996,220938.96283995625,179837.91146436415,51192.05902018217,52140.20402379235,1492468.4653708928,286064.24977342226,211942.58993374812,48152.52852885761,29650.558347728598,220053.37399202626,428948.543935746,403717.07468477986,156282.62567528072,2035652.8288946443,400585.9281386731,261745.8159571347,459727.87114450056,203654.69841245853,122832.85385088068,75896.17494692639
2014,234668.26468017497,1643431.8876661758,183013.4846770342,66971.85904739116,423601.5736801286,334037.3724622676,248639.1381700593,142022.3923875671,59541.51070369394,50019.035238661774,1861480.8673670809,375014.3080706122,196785.58501114856,70053.80342865513,38640.98878285092,239917.412738347,502369.37615165155,532895.2894723229,155633.6798372202,2095948.0025318381,418196.75912097184,270792.0373414184,494168.1931784033,212987.19039894475,150874.70109922832,77969.33451582557
2015,304517.225316435,2187786.8024260323,204119.98940915958,108991.36596443146,413479.4660844635,363335.1851061844,265838.3203871592,148352.75106589755,77332.01087169012,55935.6777254799,2108340.2076623826,435315.8634981152,313289.4883980732,75351.90455348088,74652.47095620191,206047.676351498,562823.9086620503,670170.0275291511,214982.0279359755,2675962.347637253,419973.8864689249,104622.78237695237,621978.8982033716,230390.7472800961,198722.0505963204,93784.1582581919
2016,296233.1160185812,2332963.5746057522,232436.67396228213,84170.48321700163,347046.9398808826,342203.54994191957,302751.93097726314,151782.98105308338,69240.92398632235,50145.80442355512,2185472.5124475895,501687.1027385347,306480.6319494429,96044.07582333765,79368.42733118792,191054.74452662608,528840.4480645134,651774.9158020417,201041.9884686006,2876883.422199469,518992.2510921542,292540.1454626185,575544.4244026144,249401.8933810073,284257.89270730806,112239.4444216457
2017,402718.80168013624,2139504.1272188677,153514.51879999068,79433.82385405575,426776.13687136385,323820.52284506964,322991.07700248685,138201.87921865552,64563.00002118361,43638.15616506666,2342322.2310183994,613627.3453687752,357984.5569412198,106749.13149016153,63438.97741512969,295640.5015142926,446077.0694811862,766029.7171549778,211554.69776475133,3148019.7065649433,515656.15314146486,229280.41035968813,595596.5409750536,287847.75115883246,291526.0272237758,147144.3771053427
2018,405885.0872764412,2241833.4321638388,143324.53294039652,90504.92024153698,477247.20490482607,295642.62079437275,355187.56745350687,144751.23360557418,80058.76645846313,46218.473327345906,2330920.4858484208,550058.5200105967,297509.71861346374,133679.7064609048,113761.49015639198,324940.58220476564,366822.7721601948,738770.5770103638,201902.46911916023,3420520.8541776934,497282.11570658407,412102.0361536318,574986.6432927464,376913.88193186873,290141.041426142,134738.01933715362
2019,324985.74030529096,2118506.3499424057,248068.56721715396,109645.14514494513,618433.8277175553,245468.4835540104,298602.5779628564,132318.0566677101,76287.75683098198,52747.364970851515,2469540.154484696,588246.5260582707,293342.36333087506,223680.40813319382,134597.2322374605,315750.78383982443,366923.16572727554,591089.2983154086,283331.7775980147,2753757.914528205,630502.9379959183,360680.78797138896,525036.2920196207,370021.4909373499,259672.5619548201,89571.9405584485
2020,105496.91906140222,1024322.5997751746,95843.49751650383,38901.28522152664,374115.1009373741,191402.75864767868,230225.85806821036,98876.66370322219,52379.66248125066,35998.02326636486,1049122.55954362,419395.2486293838,263933.7898842829,104190.88152834072,148400.514986011,227110.58219018322,218482.78401028682,300479.0577633981,137039.94111512328,2578627.418408904,606056.3659269966,250037.81543679966,318159.46756162035,287683.2224967419,259770.0865897965,94707.03353907318
2021,308139.0778023569,2938872.359536989,74030.65342665836,106668.98495138389,664352.1806677894,187488.90917745873,231335.92897626443,93374.85555338397,71649.65506363059,53857.29008543742,2916546.468607865,766822.8934236848,525174.6067596942,130332.07709755578,155584.852757398,405404.89643679187,340769.18885038095,525031.6599930446,237434.85304488312,3065796.033854317,342981.7739781948,293875.75268513523,518585.8876400482,323684.6369552457,253182.25166166975,76801.3239974141
2022,546889.5726633675,2284203.146800072,322971.8720937041,66117.16227662427,311861.67024153005,496017.8912808582,221271.21382826206,151779.65798463303,74929.9729702748,62934.06866150275,2828646.262545485,453248.21558849444,175233.86476792602,106357.68910663172,140896.05014483305,200877.18935210598,757207.9332183001,724537.6841965746,156813.83063257026,2319102.003402581,536316.6938893722,222140.67722288088,650828.9218182721,405151.17562884436,217254.0845229641,108263.12987326819
2023,349454.48772485566,2270242.338181174,197970.28084899133,70947.63945406073,560661.1470112453,292777.7915352243,181132.83865545908,124284.9483914061,57862.29868725364,50712.65012505456,2660825.5342865344,690321.0093242312,226966.77307349362,67264.25366358344,131782.9434235384,224755.32326600346,383099.8551598871,487564.7990650311,183786.1016778671,5133179.49965937,328093.18143076694,235108.29113507806,423703.89671387424,321523.37794367195,146354.6221510483,42641.88189657112
2024,356964.583663346,2465352.3026137147,209903.61969652574,70631.03986433223,541273.3577286727,324634.38424208993,198173.21686798148,120112.89725070391,65923.90240369576,60544.368292578525,2937626.875792108,805700.2581360206,428191.2099349184,27968.664681932183,78837.31026945013,229408.60199533886,383271.3281530827,1015006.9156769959,215320.2496609017,6332104.329984491,311355.585044873,306280.9596200088,410089.0818930876,386719.75713680807,240511.00417076756,73210.10266369174
2025,463052.4369874512,2877303.4084298788,363251.47917009157,231254.47470255275,570711.834494801,382674.603414077,171654.68564254564,124930.33850379029,124520.44215085996,61481.88654391299,2892879.9454709543,772427.822146614,307305.65769689466,30935.17518569124,42231.81999818095,105474.81607927926,913711.2040943002,1379702.9515144604,232400.33256789498,4479712.669700269,335787.2755652101,567992.178853438,558852.4561539756,419955.87846627284,355729.0410932364,154710.3130239187
2026,501568.7071200583,2953356.369522691,325326.65970278694,84436.07763704771,395916.9733644519,315385.99274383864,186175.1934141382,174731.1298314753,150785.785873729,68680.0045272276,2509769.4917889517,827896.0686033535,299920.2103386626,29660.122418688192,116816.76000653656,115171.41614477625,972449.7768523216,1597889.3334055205,240786.09644171532,4331357.552592848,352449.79156425764,468749.3008365826,682674.9336861917,367247.58666344057,385387.6982121526,109754.1466618941
2027,507757.43740538036,3087055.2894255165,345138.430291015,117493.93132882993,447602.4050932355,422876.56715004385,190304.16262235428,234285.75053696765,181539.90102545253,69189.47174545492,2483285.8245152277,569689.5633149222,348782.22015958535,41519.970362917375,229882.35018647587,124547.87257588637,965117.6822784671,1736136.180919341,178130.86103718454,5816345.087644103,481415.8832636045,617795.8334214546,634599.2443067105,443667.89421563,416008.8237666674,110126.83482967959
2028,545580.2088473253,3370710.360263649,507188.7243710943,142126.56938823243,432680.0356893621,435835.8714016417,213089.9201384464,290315.80766437,204980.35407705617,74336.72854001286,2633392.9894677815,867006.327061951,382370.8182233161,56114.57972224634,233017.82208337352,129130.523491283,1102037.9252630614,2023653.3882828418,212102.44199037453,4675651.555683543,770151.6496755327,772245.0677433617,563364.437561012,447046.2427847455,603868.0377174261,145227.82221681467
2029,576758.8742373739,3641455.233779829,492165.3547654996,150151.64732940635,503722.06748942717,443965.8437331346,168567.0767021945,360608.12685843743,213275.2849253118,77354.60443941443,2731630.5827967282,1054186.5322848153,417344.71237600426,46690.91761240073,279350.97914200765,131466.67946311145,1164272.6680102246,2197292.073155012,226553.5390961537,4627150.600251759,941163.9514792633,887158.4936719999,819204.7266314377,456024.68835548963,607179.6269139431,109722.61402780555
2030,598426.4891590235,3886357.9172676923,436911.19898790057,181862.48214575226,491244.05555678194,451286.2917180112,256427.90238501166,423219.8070961513,205865.92113907068,81443.14705079235,3054202.4487600373,1003842.1511251862,480192.0364398149,71227.25097022782,270023.3479953302,156468.5385597128,1332535.9723437184,2098236.0002581775,255949.7635834052,4480596.470196358,1070884.1900312388,860007.6162084531,498327.43526065414,465237.2082804129,661570.0918879602,381084.76868847886
2031,629714.1555189937,3311623.3003830127,512751.7693726357,200978.94403786687,539484.7939200087,522778.69273621123,252892.15735997044,460139.382242483,200792.52631895506,87860.37596063023,4329454.575104472,1332526.8120976114,546750.0021654714,108413.45810536023,224682.07008430405,183800.41795966064,790528.4678720966,2160449.6347345063,268848.7092019728,4264201.884379979,1153275.038970072,816657.4937790064,518069.0342897889,469133.59982425376,744338.6942314277,75637.65092701596
2032,672570.2843126344,3274540.9097180753,581485.7217501111,212401.4651318608,595431.8302763917,633382.8830278012,366374.00071281806,470886.2886881738,202603.28661048634,96498.02076441534,6297425.9119782485,1945263.354277096,611132.4228970698,135927.00321519346,182726.92097700931,227845.24966590587,764734.562133901,2191284.0503290473,307976.2981469111,4289999.484249967,1172411.7681650976,767607.3179288546,518062.51746201824,481898.13176341896,780932.8761570071,76183.24433652086
2033,744349.0549631454,3231568.226593715,520642.39301502024,212475.26835061054,654845.2750678551,650456.8197657067,551440.5102556765,493804.7151061139,214528.5516337502,104465.76783442426,5711838.1544577805,2487655.289617646,641763.7159365714,153216.78413339742,154999.91239762204,270235.7165449145,818487.2612082206,2378277.583849337,300419.5497272695,4369425.697329214,1069897.4891762957,837745.0492468703,521953.17420727,523404.8676017259,775192.5353840337,83445.71599173678
2034,855303.4506770963,3443593.3728192323,527536.8954582937,218370.42584489108,702209.3928890751,783106.8101470786,792170.4656524904,489481.93634048087,227256.9791252469,115570.35264309922,6094013.815997393,2883749.5111723538,663978.0211637786,167981.52448415445,138874.64381578253,238190.45213824615,923325.1534549632,2500048.051439061,300327.7096422956,4577957.650629044,1084908.7662330824,840658.1101993417,545108.9207453653,567060.4326290047,936862.5825600775,97127.87646731177
2035,886502.2698003199,3684618.4798876946,546519.1271891705,229180.07586897447,781057.0800366177,885407.8456661787,1017046.6332680049,506809.20396330056,233070.55381030473,129319.07679700166,6461947.369089214,3375685.1546133026,695929.6034072342,168932.0534120987,158622.24416392847,204645.56434880555,989060.6382412142,2601613.9692778285,297738.6789609525,4866275.123070718,1148381.397690193,891624.5936205735,558762.9357595779,614196.352295661,1122572.3941644214,125547.78064039984
2036,892227.7680561276,4456557.461551413,535121.2136830358,257634.3692102286,921745.5442750765,938127.6777166537,1122084.545155398,545978.3513271061,236145.4737934458,145889.94794822112,5916449.139026681,2019622.3865833525,700907.4588604034,183116.5656844886,224820.11537206682,374037.96033805574,1141827.9916114947,2491239.727567948,267733.8124888326,5040564.145186325,1217757.5991902133,976136.7649998048,610668.6403881725,683635.8573293242,1278766.891416347,162865.54778447858
2037,923547.3594669222,5196412.931416656,561675.0733686978,287172.52802953974,991805.7723127487,967845.0103129512,1158098.8902077856,590784.9684818868,248059.66042154835,157564.5532987622,5186409.769211743,1711277.0942946144,669887.4613063867,173901.55743420622,262278.38114931475,334929.77059027826,1228323.7029945569,2468158.124295077,186253.22166520418,5397931.144763507,1283459.8000166784,1049867.7295643857,629383.8856077105,712028.9437254913,1406507.1382203598,190233.41794582322
2038,958627.2500044712,5139429.283760488,653088.0171851901,292344.9773089389,912124.9515379064,1044339.5847579946,1089686.076127033,639609.920786649,254129.42374401804,173369.35731277164,5053845.5163605185,1460095.2638501846,710645.5451410469,196580.4119886431,286810.2183380619,313794.9393897985,1238119.6552662095,2536386.676058512,197478.3604304929,5712809.865237728,1365181.582116949,1093070.409589743,623370.4741480339,723511.1916730839,1603663.283891825,216754.96008058984
2039,963927.4095910337,5679335.564593696,757544.0198862404,336441.2159028689,959959.4475650985,1061996.513464451,997152.5588004041,713972.9507402957,255446.54538020544,182371.74868057302,5235081.818481097,1373678.5478293377,741249.9375724714,221310.511045497,313367.6765260017,326345.5549955836,1406980.3512034619,2840116.9331023362,204636.19060140243,6007718.79682918,1431753.5127727208,1155779.0431718868,618954.0748621925,734869.3420937132,1690485.6439542542,231437.20111988793
2040,945182.7535681166,5930970.244961802,791840.7642495994,359030.35479823453,1022570.0411332268,1079313.396359331,924851.0563961007,757893.512688213,281184.51975069154,189051.4077269626,5374097.81204682,1388703.4089156152,759516.3420142548,259292.65898791875,306887.2000422853,332393.3020023067,1549689.5302277438,3020887.826708412,207387.16941609766,6182872.239507632,1482005.2713943645,1226409.4131934687,614377.9521427396,736020.6152420397,1755005.4932420547,230010.61480234517
2041,918658.6318828369,5382690.2790449085,797046.3317792546,385616.8543790084,1077880.261517137,1113130.9057181105,861929.054011456,812050.444494802,311949.5818777437,199597.3072914517,5356568.359348289,1048008.4182227964,817212.2704251232,287828.84076478856,308747.2884231224,358854.82677238155,1486591.8954715456,3256340.8999309577,219518.15484051156,6155965.489573411,1591715.7223421596,1331479.1619031369,604471.4332109937,732700.4535317832,1863244.5229076506,225401.22063612094
2042,917474.9942296224,5223957.245507483,902948.8673831775,425931.57206126617,1122995.273888943,1263384.3428657257,857116.8085936742,860667.4606195003,343346.61181538407,206087.3748233367,5323118.483425767,991481.7614954975,880811.0764807771,312168.6140441179,296449.27106979047,390582.0622041122,1494246.9041807442,3472153.9812353286,244020.8051919668,6086163.717230004,1761759.146127535,1407718.0730602832,595759.3041522201,748296.9404606441,1962285.3672847673,232269.56912925155
2043,938352.2871204902,5146058.432323975,994170.643332014,476548.7423931915,1194689.4513952113,1392765.2623601607,979697.3947907486,911067.0841516086,357415.8414028989,222652.38200552258,5236868.835234009,924628.1020621598,902717.4758673467,322411.81102492794,288005.7427903781,375926.1510838237,1657096.7944374382,3486227.558770859,245033.33976044034,5910450.687851412,1917693.2408204037,1450775.2738469518,596568.0878264429,749066.40665478,2031350.937273455,260892.54473477585
2044,950774.2279158706,5137321.754763634,957192.3313969647,523926.8426717541,1281407.70573857,1526749.8655968658,1086418.4445094857,963368.8980097362,400242.1995986879,244798.030841938,5259528.974558627,941427.4482047115,880101.246285741,348725.6664531587,294502.0784927608,343608.9591700972,1747508.5812128196,3551382.3067476507,247082.99276355468,5617244.87300216,2033627.3894771035,1560078.5209244941,611823.0164457792,752676.8939611174,2133588.5284392904,297207.780436179
2045,990281.867377422,5065317.878317032,1029718.1620256413,565172.6961562829,1374899.00382663,1665340.645722729,1253639.9505163867,1025868.159937396,617115.1841592083,265977.5985902503,5138329.1322055375,919100.4060291958,877794.1431936986,381525.38144033967,316837.8613921585,387222.64909229556,1774068.7437548325,3717977.602898062,247641.23075508027,5514476.0223886855,2101465.189419982,1527303.7741534007,611712.804537386,755232.8472663038,2277138.181458452,324232.4592239759
2046,1015843.1238079157,4950532.327184748,958394.9438097643,600804.0420017804,1496935.9522270262,1772526.4778876018,1466654.1919633911,1085058.2582167257,631748.9883864272,287106.00793700916,4999222.715162812,830356.0425980897,851898.4699191593,407408.9350121562,347818.12305604364,478673.64144236053,1786412.9186672752,3697590.9510699147,239794.0811564279,5583459.45005161,2183834.702820994,1486888.1032312203,602718.7436949745,769064.6270287904,2377159.287082401,346680.16126672854
2047,999386.0899285384,4721722.678524116,941566.9656130075,604537.6453765209,1611745.022784198,1810656.7195816021,1634221.528882865,1125481.0759920084,728232.2201712454,311974.00572871254,4752680.202491577,816347.4649449775,827457.8226192796,422114.0660298088,373995.1370057362,500492.8870484799,1740122.9136504137,3737312.565911108,232157.30612843833,5562493.334546297,2282909.169904969,1544170.5052480206,609024.9299790665,748379.3359460947,2497153.726890573,375247.6950225121
2048,925558.435879804,4828288.162959061,765897.3501217942,602408.561324055,1704282.344898374,1896551.8245398065,1664074.6405815857,1168556.23044753,858313.5367052958,329509.1715497569,4584474.607793649,771222.4905312036,798247.3223998622,414907.8120880435,401591.9824620326,551646.8219090315,1657793.0483229973,3702587.2326626373,236845.92740469417,5637441.7509091515,2486992.776585102,1513183.6477042397,624861.2335326532,753732.2796092308,2577541.2642118535,409485.4816859024
2049,903545.092650875,4876019.798453856,696122.8075509721,613736.1931745926,1763138.329763342,1956108.409169377,1681826.0718478595,1237920.9052428512,1121362.9660920799,347059.4584932719,4479277.2118264185,697340.20888286,809713.7956779883,392810.6474755323,407829.4145802526,631444.7813924382,1531794.144548683,3508030.2773078396,243230.77805523635,5984751.109219101,2665258.3177567455,1536315.7889618368,641155.9183386626,761399.1850950626,2630346.218789722,455127.971439509
2050,866944.7125184414,5134531.237877609,609450.5425161683,618976.4568059539,1807089.8524955215,2006214.2347544082,1650209.2548778534,1295043.013747459,1102487.6116121395,369472.0074286886,4275397.427736181,687180.6645078699,852480.7197324784,389568.7537893222,394927.71263146057,627535.6356825716,1402457.0985368404,3186025.8855103296,237687.9250826243,6122187.935442794,2705515.4285797062,1553311.0835918174,665389.5930336242,773778.0616616798,2747149.6037930246,469823.98239930207
2051,865241.9745185629,5246805.357946871,542452.6627496156,634526.7876231164,1833677.5277089798,2075388.5043984223,1633434.6082756112,1390386.7757478366,1148880.0268740016,395986.04559833626,4194296.925252214,665265.9283181261,847645.4678490413,401676.0863932227,381062.3584892258,619262.7454695232,1291555.9227108604,2967948.5417608125,239922.71552274123,6056340.765559285,2599067.428273765,1639052.0292225059,698116.9729025096,797451.0595088755,3016157.359112765,506402.8372614098
2052,875732.3075952736,5487874.561155717,535935.3378169804,673558.1550402159,1870762.5301884725,2163490.647416674,1656324.2439987774,1497228.7828873647,1094017.2904167771,420548.7867065141,4069231.4514183663,660947.061812301,883571.9985623339,440766.7362195545,381415.8303069384,712421.5805294352,1295292.2683662905,2727788.8204718954,235613.59987598335,6096606.583767394,2399006.7989765345,1693053.1617126183,745194.7622624983,826334.7786845344,3234184.4227221184,534514.3269840445
2053,871407.8821570388,5475407.375166504,573917.1251697165,693171.9645765553,1843311.6347967682,2178250.617111617,1731486.1581976912,1616184.4469598997,1035222.3644466338,450311.6257367282,3662646.373716338,533488.2262799476,915169.436268803,480687.07141678315,417799.6954378228,808266.4262776523,1513999.3930272222,2630635.5745845176,238470.27521100824,6164374.861750675,2189433.2869865713,1676929.2310505793,770072.5779771822,854807.9029034475,3454373.384357115,549525.621941372
2054,848234.8724341363,5414889.003929662,612195.797013445,699843.7049708836,1831230.9231560552,2151595.4032535446,1906132.7230454227,1706181.429901662,830057.9993658488,485926.5900592874,3167332.8169841706,507019.7749291376,897841.83077872,516359.8582566484,471493.8600057901,886964.6943352349,1500870.6459018323,2627185.62148857,238563.8041903101,6184305.389897763,2046795.48576443,1711073.4384564555,788025.4922970334,881470.4962856955,3987571.8684271676,556269.5203585715
2055,807658.3537517915,5227507.085973571,653377.4918545205,731811.8977359979,1891888.718582121,2247450.921837962,2078238.8750815666,1792737.2619284862,706925.6734093031,526176.8131739228,3158020.5156971975,507407.2846611019,834888.5568282359,519435.91874011455,516518.62100329617,969433.7507225778,1661476.4730516803,2700072.5887623015,221946.86605432892,6486977.307498132,2027260.879917449,1698918.9025256787,791418.3037823285,896213.2164064025,4238910.906258652,562703.0352224475
2056,738511.9561087752,4977448.061291577,706717.0919563014,715248.4768913419,1933088.723263564,2241069.9886841094,2229979.6075665257,1878275.7925742068,755003.5018512553,570047.7657414866,3227450.887013105,504943.0935609841,762623.8726201527,507595.6008960798,532733.4504303373,1000307.318060951,1993635.4287736535,2979384.642750358,208457.67057053692,6337844.152414858,2069827.770118057,1700248.8413813945,794159.4200925523,906073.488361293,4158410.8676218926,577983.2824647034
2057,683804.7097907588,4715221.226399728,747569.7646789525,646223.0407332806,2021361.939647427,2223245.458376929,2271197.7445627484,1958010.1854064704,735178.43208001,608349.8765296923,3355329.5376905645,507841.9290271611,716612.9642556213,480015.2739500518,544494.1056300044,1002933.2486497455,2126521.2476053317,3230772.093962811,206685.97926444543,6298104.027319069,2093880.5267605924,1733348.1209878733,810593.3497065316,918772.4364969219,4117692.9385299417,582349.5215723643
2058,658809.8516102245,4415043.583474802,846457.7940708816,613634.0205300301,2148189.6704064673,2142884.475052924,2300499.828410682,2016498.6025919288,855659.1360552462,636941.2843057853,3558332.7480236473,506196.6297408407,715338.206977177,460588.1498493949,549264.9392739362,989549.3685430241,2021664.4413890287,3461346.8394079492,214947.6796630501,6451547.198570939,2130419.241288644,1784618.705714747,828242.8662492303,929635.9431491551,4085647.7190722283,569879.8526956076
2059,655204.5426442039,3523207.840083144,869323.4737166477,583956.2970489508,2291308.30807162,2213062.3824559287,2139147.1130316933,2104246.2529650745,1290187.9849188162,673542.6788591684,4022314.668285173,511930.42620663275,730979.0514026236,439747.1870920404,559353.7434404722,992242.4792103997,2081160.540038907,3643638.222435527,213556.4766096154,6824108.011447872,2157495.40716819,1845965.140960211,836429.5946742697,943531.4434423002,4209598.641895671,558467.1729013729
2060,650690.8488895699,3365645.164462697,910659.8377107895,564811.2710933317,2312395.2039189907,2055522.6203546,1951899.0877234328,2219199.744324977,1731430.4843452403,711554.2105701395,4493863.494548874,546028.9986204836,720791.7243409017,442954.86399902374,579872.4955101195,1047004.6764429399,1799997.405946515,3915185.4003107445,238154.94790774366,6760113.3523815535,2109011.614846158,1918874.5479792443,873045.5443433233,930846.9500642157,4502240.569519268,594497.6332002018
2061,659455.8938379545,3596410.8583396175,894145.6728435716,559340.1749201999,2374813.856415143,2025492.9598395538,1833480.7740602489,2359368.4154516226,2088989.9063041857,744106.2447621196,4926110.935221843,609979.0547530779,711593.8588181094,452164.9998526147,608310.0039087324,1077659.5868367082,2351451.5537155354,4148730.051261931,260216.46306816876,6808732.559712154,2157397.8299989467,1898008.9488462459,872706.8434930246,888794.9697151233,5104029.658538769,655404.458499213
2062,674668.6742258284,3555947.642512575,931334.0965025916,575133.2877162109,2399478.1214963817,2051081.204445747,1733280.943168239,2507675.3562031067,2350976.9524877304,783001.6492467427,4994137.287000704,694601.1685109353,726906.7602120987,470377.8559696256,623865.2423666884,1110750.2867943319,1645271.5836937258,4417292.870934686,220085.84629849688,6871378.364057424,2279940.068318656,1955879.2847417686,880614.5525598114,895926.4554323127,5556131.98257427,693866.7179616571
2063,684063.066368825,3605963.415357249,1018210.8729289741,597205.3226643894,2386961.1656770585,2155514.799608359,1753564.6183084962,2713820.490112292,2495496.698912505,827677.3810491815,4791190.480544292,818793.2353737961,719085.0321159561,474557.29464355245,642456.5306430311,1112491.5377070822,1686409.6439540773,4460819.196910081,227353.45630011175,6646791.2555766925,2319267.6248543374,1879369.430754133,888997.3165366164,913955.6688069857,5938162.6874340195,726049.2098272464
2064,686858.5134551018,3685146.9495474733,1067201.5001637056,623925.1153831694,2396601.6711905515,2245502.339002747,1858162.874962867,2893038.5695612323,2256235.7474481426,877399.3737124299,4835954.006876928,992672.4079336021,716122.4537098068,459294.5726395745,637384.2447271567,1102143.5277029425,1987215.5690628365,4650050.081032297,226462.38819427884,6660089.327928925,2343285.8127917773,1811787.4236127124,891317.5339637732,935596.3937560181,5949139.462628171,738261.7351920689
2065,685423.3063411905,3861754.31717639,1034335.1911946923,649620.1945754455,2416250.2022116687,2080309.8017407153,2051166.1334721253,3048168.08026115,2052279.2693873532,919777.6197348859,5222490.493673923,1134352.8341899905,736256.9930651134,430625.3917497933,635175.6147002856,1113769.6292803613,2192527.4911362324,4643081.331238369,224270.2294548804,6747745.361052385,2709983.6047843155,1839288.6384483285,896913.7463973169,959126.9007958722,6045258.82221044,711147.0130136162
2066,688568.6049848595,4015265.1777877724,1069608.2493643449,690269.2429089515,2425975.0029641706,1963013.3383318607,2298124.547791093,3187787.812024148,1882537.3057823766,964522.6645921046,5266289.119147344,1697574.7953113995,745024.9086737692,390002.4492381154,641502.1039746724,1124785.130885982,2391679.299460853,4687124.657306683,222888.6778820806,7179471.861572905,2722124.432318918,1915404.1794259427,904470.9438530036,1005738.0242201483,6114444.986223531,682197.8987836421
2067,724643.6720008076,4266016.879845026,1127650.8925165338,708552.4349732043,2538323.2524032714,1924816.1322570215,2502942.253466255,3268996.7602290306,1795078.4445708408,1019893.7814132842,5248608.765878013,1872025.5623330616,767882.0337831263,332731.2068911813,673533.8704580634,1166944.7761898967,2640858.759654304,4605513.309059372,216190.4076517861,7669636.924411233,2639207.72672086,2063003.5324913063,911044.94656416,1044600.8065651883,6225995.303502858,656523.0440861546
2068,737974.2249138632,4411167.48158087,1204449.5872350675,741346.3895425766,2653293.664479694,1961449.6566778305,2708422.1597455805,3314048.944386633,1806739.446657791,1059737.8559261183,5431490.899327485,1928662.3892334916,779640.0403980501,288404.7671136348,679131.7618963933,1203339.1148103576,2924609.675143706,4751146.410251021,213138.14691961344,8260058.252501301,2461581.217732785,2166193.3758405917,909962.7529122387,1061585.3341825916,6522560.016799089,649129.065735677
2069,796457.174440665,4723531.886317168,1101737.8609282107,732976.9372296617,2747194.33005453,1972163.524862062,2876870.769029963,3416597.6677602055,1718403.7995348966,1094590.1139157433,5569766.002965302,1871414.7241915022,782106.2423946534,261198.28423110823,699982.7143813062,1212026.9211179167,3066130.0607774104,5026397.112379279,210658.2531199138,8488671.904455842,2310549.4784072796,2256357.1445529205,902764.7671013216,1072810.6169574251,6528415.714182447,657400.2589885843
2070,854625.7049890307,5017981.510327139,1201825.5830100407,721020.1434195582,2876088.996318545,1917752.22018219,2859057.5684319255,3585153.353446715,1658397.9952761964,1184059.166129325,5923424.287700243,1912518.462783277,791506.5903327311,244890.13406468055,703683.2301071947,1193069.6837631837,3070613.6834263746,5265492.091537726,214203.0706894703,8330148.743782208,2140564.5731755295,2350639.431759645,888876.7844103745,1085711.0655335658,6629341.136185258,688425.9142322696
2071,897331.1415124928,4866924.002611998,1070438.0262763288,660196.844803153,2943882.3440733766,2136327.3027587384,2808624.4270419134,3922232.664738336,1627093.4254488864,1269963.1517953393,6126106.056976054,1927659.6748473241,798652.8293692976,233990.44561870175,736772.1361560026,1177990.3930912637,3012828.992017063,5533197.136231434,221545.6105222619,8397288.536420334,2058355.686081324,2361666.6175130913,874792.677808321,1101853.1378135215,7070074.93580674,762864.2047538032
2072,905302.7242907493,4850685.573844886,1177158.8014680254,641554.8245315809,2988682.58798987,2736313.511359738,2706343.622947699,4214890.489656035,1692055.5398130228,1348414.5932352082,6104099.877508793,1889090.38722462,799657.2267346088,224767.29735828753,765020.207988807,1159199.4491305314,3160263.398874945,5908786.678746834,206402.33605025566,8456240.26320086,1994691.6338481149,2348897.221256027,854603.0265424654,1126552.1263598474,7232900.340935313,740591.237527262
2073,932494.2336775486,4978232.881972362,1203528.5376101958,647260.8973455547,2998797.7538212743,2842055.6408216655,2586704.0148976767,4450359.077088356,1982935.5712639408,1428734.8848667736,6373490.150725969,1805938.95599291,774076.5632135471,208781.36887210773,799695.6700316392,1150767.2017887929,3323284.5972578195,6103371.0800282145,201429.72836321642,8538447.19329515,2228994.4255282604,2352785.052300735,834410.6501139083,1136202.2134159997,7345720.71967774,745427.8511871324
2074,929982.0532974197,4965355.963281347,1101299.8775101928,710859.7494035863,3018783.9744900814,2079034.054569333,2544067.37056754,4767521.681920614,2366165.4807996782,1488897.3059618392,6282184.141092766,1773206.582044451,782540.150892988,197348.45990105523,822804.8713550413,1115476.745637755,3453896.7240506285,6095970.351464164,199434.74120978644,8810253.429565791,2541995.5451147463,2369496.9280107142,823621.5692849332,1149805.269734013,7934424.26740371,742062.4673967957
2075,942346.9424010958,4834403.14969223,1066111.4543450999,748329.9846259262,2991113.403449924,2086233.488709869,2734211.775292986,5031739.401815979,2565282.0057682875,1483957.6088783245,6076207.8273640815,1590455.0513110692,771345.578396319,188533.22163529458,848829.4009678753,1086799.1860444013,3579850.933723572,6105390.261168939,194772.9690522871,8894502.180043267,2838784.037969648,2376607.5454079425,815821.1640237278,1159931.5263244775,8171164.806968384,749587.2812247031
2076,994045.4572839164,4757534.453322913,1278518.8945192618,794611.0159840327,3218830.3292920426,2275386.1869801646,3148782.0630898317,5288570.532589596,2794422.460291568,1500460.566849032,5660806.265811671,1406422.9105217592,735413.6904542253,191948.51183729057,849348.0610373032,1059817.3782492257,3664599.192579081,6182077.411851737,190390.50035535317,9074965.720012138,3059976.1131614065,2421617.907901109,821648.954059711,1153447.4702175686,7866563.705430015,709700.1722002014
2077,1044353.9729996704,4788142.133191088,1328812.4463134774,839302.141682892,3190185.3762194104,2474676.7115687123,3450743.474397055,5513181.528258413,2931567.7649190873,1551461.230947122,5628126.883574567,1251835.3746235224,736082.0423547594,205479.2554393776,858278.3284263423,1059290.6788025855,3769803.4422652973,6190999.442315886,187167.62202438334,9111154.470365616,3034835.4194984157,2463195.069175196,822619.8210941682,1156909.3135933375,7762762.194402246,692612.5766897729
2078,1087280.2880458708,4759292.318602861,1595668.2491793383,863395.6392898802,3166218.6564703644,2651283.693449514,3678167.948668741,5740490.326998267,3243724.6042707134,1658648.068024005,5483645.400867854,1136658.3218396755,770951.2872500602,232150.33559776976,874258.794863188,1072311.6572557772,3924735.3033416504,6359989.534592694,184998.56326321058,9155543.123464104,2843527.452690635,2504575.62455978,823991.2265173615,1186274.0972113565,7901559.33222103,715335.3841144993
2079,1231677.0066883091,4907647.2430208055,1718166.652775883,869128.1833903563,3200922.9605160067,2762329.6253199903,3751784.9261470702,5826205.074015708,3431605.070209024,1782755.19048463,5346447.583425718,1083562.6064476806,829454.0248960688,257073.18348342684,887777.7728561406,1089445.554959922,4143557.6562613007,6570902.89083447,182053.23186575342,9337070.444166359,2677167.642727929,2559290.4483791944,815476.9982171176,1161652.6976148966,7537670.476947157,754384.2494958008
2080,1264898.823546323,5018927.741609043,2030667.5962755394,875829.8351276286,3218318.265246187,2829303.9438217366,3635730.2741558016,5852985.505807517,3631917.020984931,1895400.1623698212,5224317.193650442,1033544.7129843775,872204.6762034968,284939.77950200636,889032.4926167504,1089015.57720245,4090860.111213648,6816243.707967806,178176.5066793043,9318430.824113555,2615848.7969671516,2491230.29243645,808544.9686738546,1182192.4841975041,6900409.03575006,846678.3676897194
2081,1206750.3047217063,4989967.712143249,2002728.2649483334,888524.0208446971,3058564.2171795615,2747080.9600950642,3918483.3695548614,5803446.709693359,3528484.105935533,1982655.501331628,5056690.048471587,1005935.9621008699,887211.4788234816,310259.49595632363,909020.591081211,1087633.8903311188,4128747.9733801014,7050984.56001751,177807.68588339692,9176481.69943157,2417076.732342883,2458067.996256967,812448.7428890319,1187412.5962679028,6091883.7299918225,862020.8060407211
2082,1145881.7144375218,4982845.064244444,2121069.3333320236,899791.8928707024,3135187.082879446,2732561.4858129416,4280502.511567408,5969547.10759987,3479210.0686675133,2097846.901685804,5074596.996670433,952221.5549645779,901411.409396857,330073.25026915595,919261.1714330097,1058074.4418098389,4046080.640380924,7192305.049906325,176212.26890376653,9279350.394542238,2517800.3174059214,2442562.255551802,801942.7763053735,1222250.4027995167,5659979.251869779,887154.8372993927
2083,1075143.4309837432,4874345.880652208,1998041.8083152093,916402.3864050203,3219946.7000248963,2789595.4491491634,4561428.777609195,6465870.892357618,3586802.057488957,2190775.118032317,5069146.326014311,816183.8217824837,916304.7319708695,340122.2489863327,920136.7079332563,1044826.8918233041,3927567.926842535,7292986.28385452,178578.4380207143,9214624.291354012,2652059.569984024,2457541.727071987,791671.9635456344,1270499.2472155078,4931348.256785152,906552.8188197123
2084,936990.7651336711,4739391.520021986,1941537.5111339504,902471.0641494957,3378876.1379835242,2781157.535562349,4929597.273067585,7098136.81631667,3585314.872955833,2257923.765974783,5072911.992719027,742085.8872129457,912068.0035207559,348118.61049868114,947473.9289435623,1058663.1974294593,3917247.5948132877,7342259.481906669,179356.73257489564,8981040.48893041,2686617.4898703825,2556884.8736015325,791105.8593906662,1332974.2398703792,4666563.254050975,931438.3518109757
2085,869613.9561362844,4760398.7727826135,1799527.175874527,897856.8557725546,3601687.38974813,2802418.6631912086,5141443.230069849,7604850.419822586,3699896.6324680992,2288449.9174231673,5077317.350525067,681831.6301557198,864348.6852387353,358390.3407838521,959114.0543443104,1121422.8923490378,4181358.9566217423,7375649.582547748,180520.4936533608,8333366.213965882,2764398.2497882782,2650507.465859562,797716.6102303287,1358575.4474596148,6416052.718370537,941225.5660073895
2086,829963.8110947886,4686261.371512632,1758861.144532294,888972.3024365358,3371855.32751369,2791070.55473825,5030389.15199562,8008705.545774818,3962785.415051864,2306439.691544839,5009724.674074868,646664.149519819,832278.2910171777,384977.41150348913,972243.4413325347,1263656.0119057863,4444698.193576193,7408758.885434282,178902.6261635628,8139009.712107003,2826126.684447935,2761034.950459638,794542.4734509134,1380200.1397854942,7475991.91053816,990252.667070114
2087,812219.1867255126,4614738.701319608,1739514.3074700243,858957.9004845081,3468802.4186434844,2773261.185987389,4017694.845668279,8390920.933873193,4190045.4044141667,2338794.3120289105,4943560.058808634,618117.0541163442,821721.7780740184,406751.703489116,978140.3120316286,1365049.4097866996,4413724.768707565,7615109.815379316,181204.93294863647,7932819.910571601,2943160.8303375305,2863713.4000718524,790792.6412819118,1417902.2786765266,7120209.179507516,1027800.7013546044
2088,793926.736853953,4422222.951986086,1791950.3328699374,822111.4059541249,3567918.3604716775,2809457.602018978,3936682.674196999,8479086.007841194,4358441.931498101,2512228.612589789,4900465.514557345,612030.3785430384,808963.1913616683,428619.5003632352,974380.4326227464,1446256.6328126302,4352405.439485986,7769988.604443199,187016.79937435093,7832856.88615793,3164226.8075523507,2917885.4948676997,794549.679786913,1396591.5336137195,7165221.043719642,1016199.474461952
2089,748522.718282191,4218996.464192415,1837077.1574158173,802607.0163339908,3483308.207335337,2857875.0794303347,4085655.5407388527,8553766.075380312,4634327.579266006,2656825.460256376,4925000.593792948,640331.36391339,796968.055976666,444573.9716318797,998885.8387248702,1488774.318710275,4199895.8726515975,7940066.324687707,179330.19691752168,7783386.007963998,3454311.128162845,2912544.058778408,796255.2181306276,1390594.9596948896,6781260.716317772,1005461.5469406369
2090,728912.1543922565,3987091.473393571,1916821.6071162145,775993.3091276713,3214995.20210783,2861908.915340186,4331287.174823677,8707166.871479038,4855072.488285804,2905726.737402646,4939203.089267075,653102.156579284,813074.4024906287,449425.9103221837,1023800.369902135,1506885.5019167415,4096646.6300856527,8064198.36195972,174518.29469356895,7659049.52466453,3660395.4141020407,2896993.7499842416,797699.8461059668,1463509.0964489449,7393297.692884601,1002819.9596938947
2091,680944.1955823553,3753751.935222765,1910640.0516550466,761843.7203858721,3067396.814930151,2868111.903951889,4437822.417857015,8864909.931074403,5079376.751074823,3100469.2173488936,4983702.201717946,684081.7674689752,846129.6965287616,468661.12894868985,1036653.8615887568,1500586.5420832606,4157906.640094482,8160503.159812447,172655.17893907047,7511461.0841537425,3900799.056222665,2868496.9721936365,799370.5378049343,1378143.090214552,6759853.130210128,1018642.3173046688
2092,658750.814703378,3526698.6300588213,1844916.7375956422,784896.4919509181,3006604.3419847125,2947071.853537747,4584894.551140658,8773483.303039782,5352155.703089405,3233403.1234846585,5085762.083956999,704592.0887148362,837140.4240217358,505002.4426304374,994166.6333329721,1492818.2893767275,4258186.278522825,8404451.375445042,169208.67518439045,7331807.263419677,4039348.1322013917,2873396.0989858075,797845.252604916,1387951.7003975518,6991561.443608317,1089659.6585554925
2093,626767.4798516611,3307793.360866364,1838951.2667735836,827463.3900328198,3115410.553732728,2896816.8636282766,4800479.531685544,9078291.858960457,5684441.465648561,3294829.8855276387,5073603.889544764,727306.4710286178,803303.1813501673,519847.43366085086,1004008.6832616273,1493120.0527313135,4244949.565599503,8666087.967836687,167552.5719240971,7124003.967842833,3993089.250669184,2881508.9683751026,799667.7941246869,1375751.1388269505,7514041.701556083,1022190.4044443513
2094,597307.1811844182,3134477.415109824,1799111.9856797033,889476.2953589441,3181255.8938811137,2783403.5853478904,5119057.172670644,9369798.265819505,5925561.554737273,3353990.94045652,5166261.140096206,785199.5313252168,775729.3698789335,545233.2083319396,1004582.1464317756,1549307.314684061,4347282.193470308,8783080.921485566,171858.65412684905,6977244.354388505,3894680.825365522,2913857.232615574,798978.467994031,1751169.4877726831,8183980.325648655,1018960.0934466068
2095,584214.9492105097,3369753.677910755,1743293.3855742293,950267.480572998,3326417.2545771003,2631590.2741841264,5395039.3225307185,10107728.326844918,6185596.071234282,3521601.550587266,5041474.564496423,953524.0030755516,770862.5456513091,566804.3729645258,1030185.8318985997,1575735.7225184347,4280094.556299345,9061458.401092665,177791.28790224055,6817192.686590196,3738995.0075591984,2938322.8169624633,790750.9487494905,1301099.2871445306,8270898.786075088,1045036.6079750995
2096,592314.868984352,3295255.538064306,1531131.9124318874,1004870.1174668992,3531133.777393705,2609934.0548044485,5541659.024303473,10828997.507323036,6262806.195165322,3797915.162181721,5011968.28555221,1056929.4637762588,767256.6330012097,570803.6068348767,1020449.5128591693,1625556.2625465808,4175621.956485504,9346827.918839214,180699.26872105946,6625338.861265951,3586197.6431843783,3009001.838449361,778713.5888573095,1287341.1232345388,7983407.580402563,1050993.6743588925
2097,584132.6404880115,3251297.572966699,1580464.7904983289,1048371.5387839108,3591356.4999893084,2620971.198832102,5696230.823333131,11246986.488049714,6129953.290755959,4008639.9327062853,5070398.436258424,1090372.2190273812,777312.4236026284,555802.4247872669,1108024.2523019647,1641454.5280956817,4125825.573365988,9539090.82645093,172635.68725980868,6844616.143032419,3498520.589921517,3056341.3944685226,757978.9609687128,1438401.2241089758,7768689.181979044,1065811.3342602067
2098,569973.1305405305,3630872.9519869895,2441745.4985593925,1011712.4656885099,3336867.1894158623,2600908.5923298174,5512823.1672732225,11360041.838717816,6170758.400952056,4165795.808158901,5142740.791177061,1113194.9891644856,775651.8476940825,530818.2049226919,1159788.8017106438,1675762.8393398314,4167007.685976623,9637450.350670947,170907.53139118702,6605596.811705978,3513310.654842989,3087298.6151334965,734733.2277261561,1522020.3006348975,7894461.856852248,1030200.1325269237
2099,547488.7344372994,3740688.8061273606,1505139.7131879965,948136.4996733281,3279441.48246407,2638232.3591177217,5496590.394622277,11468532.903032342,6100907.96804458,4398183.046543528,5226785.320534371,1192698.8281129037,775304.849431532,484937.9867213252,1188264.974438714,1660022.340687407,4228575.864877647,9803273.664596103,167336.0467665873,6435025.258429865,3530655.534005721,3150859.8767829533,703665.3133756635,1626094.5398719164,7784315.776853203,1034307.1185428494
2100,522766.67100841313,3863247.914665272,1441256.8795068753,939443.0472095843,3223001.481288266,2754151.459330876,5662882.578545577,11709144.62192733,5793672.2760501485,4466320.363256648,5211534.152429124,1377971.3495718173,786304.0945712879,515388.7103130164,1211193.0133200428,1676622.340696374,4212662.083926546,9928451.850342909,164901.0279032504,5986819.300695909,3596726.239806603,3183145.9368004585,685001.9737460247,1386729.1156998288,9165332.711365202,1041551.2486940239
