t,1,2,3,4,5,6,7,8,9,10,11,12,13,14,15,16,17,18,19,20,21,22,23,24,25,26
1970,10581.44478,12301.67015,3906.67699,2991.781244,2104.337952,3148.413992,1295.788035,541.3434002,355.7499789,4133.050525,7768.956152,2034.593397,1748.945241,1394.035475,542.5033066,2548.274076,2463.403108,295.4532762,1136.611595,130.4034675,527.8103552,300.7062664,6414.834604,8561.281166,370.9368225,568.1035249
1971,10905.54685,12765.0098,4011.851576,3177.796195,2262.613865,3068.33433,1269.400871,598.2204418,371.7960347,4278.213543,8150.181901,2159.487929,1837.525953,1449.480103,561.4758949,2651.373002,2388.622803,300.9868123,1223.874266,134.7106708,542.2567256,315.0647386,6819.313022,8777.489983,361.7132678,618.8415327
1972,11403.54571,13336.62293,4276.959014,3258.947985,2460.215215,3088.832601,1321.976117,612.4466072,364.1447083,4154.206659,8549.640522,2274.434807,2023.511603,1472.768203,567.8050916,2695.878237,2698.860593,292.3906612,1248.685335,142.4393519,551.644183,330.0089161,7350.136984,8921.755197,336.1324096,597.2874322
1973,11536.40414,13745.6882,4434.910893,3219.264874,2682.207142,3118.96756,1307.856382,613.0153225,350.3550849,4108.418924,9034.977445,2306.854642,2057.545402,1567.727496,601.530307,2875.212834,2656.937813,280.3509664,1334.735656,149.5062493,568.8773942,340.940289,7634.343899,9367.369581,345.5672327,594.3811745
1974,11622.0364,13750.24376,4467.478376,3134.93219,2820.605269,3072.716014,1300.939051,648.6470913,347.9415197,4073.248546,9303.074462,2516.355639,2073.418343,1623.87907,620.0839908,2986.449602,1961.709922,290.3195927,1436.493874,148.2765235,537.9903951,355.2047383,7767.634592,9900.264972,352.5641988,591.721634
1975,12086.65184,13831.95562,4604.522515,3186.47404,2941.535314,3107.713166,1417.24527,638.9590242,369.1584959,4052.058988,9423.931777,2613.160271,2194.782616,1647.754526,626.1715217,3035.243764,2836.918622,326.344723,1453.768706,144.2319978,616.0947612,385.892318,8282.784655,9792.229713,360.3369808,620.4288662
1976,12757.75478,14429.3983,4748.147094,3291.876653,3127.782422,3042.344281,1538.290046,682.2139582,387.440797,4083.67959,9801.121503,2764.645247,2455.40651,1730.216818,654.3213435,3194.939785,3223.895466,329.5239348,1556.714583,146.7967788,645.2825984,398.4913146,8536.350383,9602.659662,368.7246897,608.0882518
1977,13065.21429,14930.01028,4711.189863,3505.527787,3155.166279,3248.590345,1628.091246,708.6521988,382.9265257,4019.231533,10144.25381,2934.234838,2588.283117,1800.017789,677.4253552,3329.516997,3647.781522,335.9284062,1677.825491,168.7954189,680.3029005,419.5911429,9052.652397,9915.966495,370.0645679,594.8635322
1978,13400.56212,15662.9547,5035.45574,3572.62773,3290.415791,3360.724022,1700.703315,680.784368,383.5788066,3932.533923,10512.11333,3143.607969,2586.656311,1871.817972,701.0540328,3466.433537,4034.939863,351.9787977,1791.740844,188.9961995,717.7557455,447.4891389,9472.432622,10023.52945,395.6182881,579.0971733
1979,13431.80224,16072.39701,5426.143352,3458.073496,3434.926524,3479.764246,1700.236538,659.3334232,395.7130649,3794.71742,10941.79628,3246.758255,2592.119626,1913.905952,713.3912087,3555.478155,3766.622699,334.4996236,1884.159162,181.5732118,742.5408338,452.4383542,9982.995836,9765.244046,406.3915383,528.2007437
1980,13619.92415,16063.05676,5857.819021,3331.902693,3422.691655,3666.66059,1762.091664,632.6658693,408.4899814,3701.88492,11137.41977,3228.377453,2722.756567,1985.810601,736.6939678,3695.733048,3424.690793,340.3643645,2018.185116,295.2829326,784.472242,471.8011612,10238.47435,10226.19664,425.8767711,539.2302657
1981,14237.48412,16097.16795,6286.913575,3514.042579,3221.172772,3672.403131,1630.698474,605.4367751,371.6497048,4007.778441,11329.56317,2899.570917,2720.085425,2020.152579,763.5058036,3741.236457,3396.943836,356.7580415,2077.926092,315.689392,825.0527472,515.1613001,10494.59874,10381.32656,444.9232843,556.9760006
1982,14173.61993,16000.58792,6192.65264,3562.260056,3155.391595,3400.352284,1800.3118,590.8052841,365.1870001,4073.637702,11511.40068,2755.897727,2796.346316,2148.170745,808.8233616,3976.391484,3766.833243,371.1439268,2205.674464,328.890275,923.908209,549.0280634,10850.08456,10698.01864,455.5396257,581.207515
1983,14391.05045,17110.51085,5609.765009,3580.97746,2959.322131,3292.651923,1842.979138,568.7958347,362.4090738,3959.536865,11818.35332,3121.302768,3008.039188,2275.300603,833.0161354,4229.570925,4155.137397,382.7909969,2382.105179,351.0766964,936.6863955,566.9030644,11111.9226,10566.21659,472.634365,557.2505111
1984,14846.98899,17955.9006,5647.093319,3645.453196,2891.601084,3186.085518,1857.062936,546.7032536,360.6342529,4147.040674,12180.70133,3219.942947,3187.231997,2279.242619,852.9392234,4196.705103,4134.412946,398.2841603,2506.768916,407.5004416,945.3514315,607.6818765,11324.57629,10643.27729,489.2139857,557.4875145
1985,15449.33441,18832.22335,5580.086546,3652.640574,3080.104688,3150.766721,1923.740199,549.6308749,339.8083655,3939.199478,12548.82547,3285.903636,3288.654099,2120.689035,851.1661841,3843.901074,4218.730122,421.8463525,2678.651005,472.9027081,940.2999713,660.2145551,11917.58237,11319.2595,502.3514001,520.1909503
1986,16227.9673,19751.13196,5285.234141,3664.886683,3297.728419,3417.876269,1945.332277,580.994581,341.6080469,3845.274912,13019.24074,3364.096259,3151.4986,2204.732321,913.9645334,4002.041834,4373.424443,442.5433584,2914.153066,516.6464331,953.3320466,703.9133773,12384.81435,11827.83159,516.0890493,555.2202022
1987,16655.31404,20250.53459,5040.359389,3753.886947,3384.223016,3427.970432,1856.842263,557.0584593,370.5914832,3963.818555,13519.30731,3612.034123,3459.160047,2299.061231,1135.172369,4224.217119,4070.202547,456.4101138,3184.239802,580.7900691,992.8358197,698.9372555,12862.04545,12130.3782,527.6800748,551.4011726
1988,17204.38213,20779.83151,5742.312076,3749.704554,3479.350893,3315.140775,1893.785105,575.1056096,366.6462566,4041.205125,14132.32996,3839.648298,3424.379329,2370.407804,1226.221611,4450.737154,4114.56065,479.3884754,3440.805999,643.2718537,1053.466013,726.4398832,13685.50033,12770.37763,542.5586046,534.6268028
1989,17606.45598,21539.80294,6145.931756,3805.259237,3724.275842,2958.956662,1915.278696,567.8787389,376.0471076,4145.804936,14642.5696,3871.954166,3420.623604,2236.073626,1326.362708,4079.389665,3826.938623,502.8751045,3739.461146,687.5803676,1136.231527,776.0444404,14397.67075,12756.26674,548.3350825,506.0141905
1990,17800.75247,21908.69144,6427.168998,3808.350741,3819.001544,3166.910703,1921.534139,568.5752374,378.1151655,4144.823961,15239.37664,4066.373753,3736.730978,2223.275969,1307.633361,4155.839371,3623.637175,519.1667824,4039.605349,704.5018624,1235.014701,859.6763853,15027.63203,13525.8102,556.2576051,526.9985775
1991,17803.90761,22061.52433,6643.118394,3795.769459,4017.120984,3530.569434,1847.931057,568.3486664,371.8393018,4131.290611,15708.47129,3919.012931,3828.233299,1866.227433,978.970915,4249.118501,3772.665635,523.3177555,4339.597218,788.3473358,1273.51059,916.6019213,15623.48782,13145.51183,564.5981554,530.5776843
1992,17913.37008,22803.34995,6830.795706,3810.34506,3763.989817,3892.408745,1894.012778,552.2079396,374.6849347,4134.001652,16076.9939,4049.408428,3993.065877,1757.926768,1028.725066,4641.064836,3950.582109,544.451524,4665.319561,882.931586,1349.162618,975.733662,16054.18252,13098.14869,586.4212161,501.5893407
1993,18023.72725,23180.08271,7011.52062,3794.24742,3676.931144,4100.027654,1896.23401,541.4706896,375.1719211,4116.481054,16285.031,4171.12924,4284.922799,2191.932329,1052.643252,4028.004289,3953.216081,562.7680566,4926.29432,950.121007,1460.541908,1047.94433,16473.6708,13352.00903,605.6030555,465.3368548
1994,18417.46836,23700.11927,7220.883072,3830.117447,3766.077465,4377.597425,1932.827135,508.1653042,387.5465629,4157.877664,16685.54343,4390.002015,3858.483727,1652.438348,950.26558,3639.412692,4081.731486,581.977333,5301.598692,1037.205139,1563.434757,1103.007567,16974.70773,13762.07974,611.3060194,476.3556341
1995,18493.68975,24004.18234,6573.249373,3920.632688,5151.68424,4484.945201,1920.556384,511.5436074,400.2664439,4259.442111,17047.23601,4841.883177,4070.932062,1607.389817,1038.111159,4007.47093,4039.361456,627.8219563,5720.469879,1096.697269,1655.970287,1147.391218,17511.3789,14356.18981,629.4131856,498.8864386
1996,18529.41579,24694.88313,6675.830369,4040.610281,5323.32062,4466.508866,1958.570562,522.3746783,387.8429264,4437.606351,17456.78324,5154.441051,4339.563612,1651.917341,1112.861212,3756.978818,3967.815977,661.2596485,6155.932888,1167.856459,1744.098148,1180.564898,18019.42748,14819.59974,647.0914951,505.1221519
1997,19281.76675,25668.51188,7043.439063,4200.486761,5420.646813,4657.503647,2019.978875,520.6991925,388.3059633,4542.941065,18015.52718,5470.5715,4782.960834,1720.84526,1146.587339,3927.927893,4037.169177,697.8142562,6449.825121,1282.365199,1807.052255,1209.975194,18358.33163,15325.1555,645.9040221,538.511781
1998,20132.44653,26851.79374,7310.063561,4345.023642,5365.573566,4811.000519,2120.367195,543.3327106,395.0165361,4545.715927,18649.76519,5816.902487,4609.068747,1740.103276,1140.673482,3842.962155,4555.37885,740.2641774,6047.007863,1371.721223,1692.503036,963.298526,18134.32845,15966.57321,647.3644791,553.6222504
1999,20710.65376,27867.13882,7531.171485,4472.268878,5284.870887,4639.717916,2153.756338,520.8698061,403.8228756,4674.790477,19308.78022,6072.20718,4749.156691,1721.558222,1103.449872,3991.846289,4200.776604,810.4937849,6604.380708,1491.434769,1762.965291,962.5190908,18217.41593,16447.39968,661.410292,537.6033097
2000,21003.32434,28601.80058,8055.792093,4622.391155,5282.968358,4627.531104,2082.842284,507.6073046,417.9331852,4770.878039,19998.12057,6397.414635,5178.33984,1821.923083,1143.880099,4415.705274,3918.352042,841.2714376,7457.932072,1633.353277,1901.115373,1032.310577,18851.28659,16534.80102,693.6855546,543.7212301
2001,21626.09743,28965.07767,8024.321839,4653.029415,5308.562437,4667.525708,2182.596312,516.5958505,435.0183642,4777.800588,20451.44177,6730.62802,5035.783245,2103.040544,1293.37405,4824.585855,4164.167942,888.438288,7932.946349,1745.027545,1952.65145,990.0732441,19285.90444,16782.50454,709.2562928,567.5782166
2002,22341.82836,29438.07692,8120.011624,4658.966287,5310.62933,4063.931392,2200.382934,467.7840465,441.7830882,4770.897248,20822.2569,7119.903568,5248.727547,2300.594661,1431.354148,5287.364539,4179.484547,926.9356832,8556.490272,1892.965966,2018.271154,1080.444389,19479.70098,17618.98929,750.8549933,586.46452
2003,22478.76639,29962.03727,7379.975031,4772.427541,5180.19045,4025.085882,2201.082264,487.1386787,454.1340384,5010.885534,21131.71098,7462.32461,5487.449981,2607.780736,1570.015885,5741.777732,4278.232968,991.2079443,8721.988459,2013.042877,2062.021387,1198.369507,19738.71526,18089.04307,782.1783733,587.5522627
2004,22721.5881,30605.13187,7468.294168,4826.502721,5256.821272,4180.991338,2255.381698,461.3066231,466.2188031,5281.086893,21546.57153,7717.64055,5981.801521,2873.796264,1738.869469,6097.865774,4313.453057,1052.373684,8859.335456,2152.638466,2148.767454,1240.124475,20251.48249,18571.54139,807.338091,611.6772861
2005,23180.66956,31191.55802,7655.910637,4949.248771,5528.521078,4413.099969,2314.203687,459.9290481,482.2518104,5516.002034,21859.55095,8221.845102,6411.211984,3226.56019,1914.340586,6030.642123,4270.243961,1123.41052,9302.280997,2293.569972,2127.077075,1269.740173,20663.10946,18878.79527,852.984843,615.9391205
2006,23583.35924,31810.81781,7737.079656,5138.707005,5751.163963,4622.89271,2368.219908,484.7242443,515.5680802,5725.597147,22368.48998,8708.887191,6884.379231,3404.32651,2007.765151,6726.149489,4378.407503,1214.086363,9831.331839,2572.375816,2234.624734,1325.917161,21124.51379,19102.22821,906.1444206,641.8652711
2007,23846.86379,32125.81862,7856.788203,5308.535143,6060.941352,4933.059821,2553.561295,515.6063382,549.82319,5934.711844,22929.49493,9303.24348,7248.179323,3762.020442,2176.315597,7307.655971,4448.705637,1315.169118,10334.74313,2928.434284,2387.440182,1371.640703,21578.95194,19480.6168,949.5411505,671.0024556
2008,24035.89571,31309.97011,7942.461276,5422.588207,6420.817994,5218.30539,2680.000463,538.1032273,566.6106952,6201.797184,23167.39736,9693.499288,7108.275529,3904.21692,2259.561058,7782.586141,4636.27367,1368.004246,10541.81143,3225.658132,2480.970657,1480.774576,21782.54856,19718.77905,967.635648,721.8266157
2009,23773.94746,29719.04046,7627.888014,5304.151984,6284.104674,5243.96139,2863.893576,589.7623697,593.0573047,6044.596689,22434.90867,9213.248912,6617.409809,3388.065893,2374.531334,7268.494532,4885.754216,1463.371011,10280.41638,3555.55539,2469.737351,1536.644276,20992.41411,19564.80871,974.7971061,730.3353021
2010,24089.65567,30337.79065,7960.474948,5021.142139,6685.362033,5523.911145,2975.461859,609.2078198,625.28329,6194.978466,22804.44585,9248.28065,6921.451727,3522.932676,2650.394474,7495.679756,4959.407282,1599.087564,10852.44368,3902.946582,2675.971154,1635.837416,22117.30659,19646.27052,999.2314815,788.0898256
2011,24541.2528,30652.74291,8164.333566,5129.199655,6968.046623,5921.928821,2836.486228,629.4757818,625.1118792,6348.109658,23209.43452,9894.800983,7620.045457,3780.651915,2933.352471,7919.930077,5239.80452,1726.25337,11238.54541,4242.622945,2775.877385,1729.979006,22166.13758,19732.63096,1031.945222,817.2633836
2012,24544.46618,30925.87712,8418.475427,5200.130203,7028.873895,6084.791473,3020.242302,661.2179132,3365.876527,6392.106188,23113.73019,9973.975982,7831.492664,3914.60956,3076.5877,8272.954496,5354.254032,1823.251436,11419.01541,4559.788744,2947.387595,1828.777198,22504.51924,20228.84889,1076.315256,866.5773005
2013,24840.58649,31276.80145,8411.635856,5291.566342,7225.322214,6306.589227,3029.964377,685.6723451,3159.152592,6488.203087,23049.08098,10048.92884,8404.054356,3950.348973,3276.473185,8538.955087,5390.690659,1957.359003,11689.41198,4894.624897,3074.407644,1919.194199,22784.6701,20392.53108,1110.152832,913.0545275
2014,25471.50287,31840.88159,8629.270443,5363.916058,7228.747927,5821.671549,3019.689023,716.3101064,2954.388394,6532.472352,23328.52486,10385.0221,8680.26887,3896.611396,3416.664542,8544.654892,5431.692517,2107.917045,12032.83012,5268.058223,3199.487693,2009.639441,22826.94835,20795.04616,1147.266543,911.9639029
2015,25648.18109,32687.44181,8897.971946,5507.065683,6969.112568,5090.51482,3080.22715,722.8028347,2717.03164,6577.670856,23707.16262,10854.06803,9060.835277,3544.644532,3449.767312,8218.492578,5303.234598,2261.949908,12294.6596,5641.331312,3335.656812,2101.182585,23120.97566,21316.49983,1189.93549,902.3265321
2016,25600.44679,32962.41335,9137.331098,5571.238003,6628.110542,5227.701831,3127.108378,691.7301982,2534.055738,6483.043553,24003.21461,11225.15876,9169.799141,3608.208209,3492.586948,8218.275811,5637.518903,2421.711811,12497.58683,6044.780073,3468.149353,2197.139049,22682.76278,21817.22742,1239.451073,895.9065943
2017,26116.51815,33658.7123,9361.69877,5753.302444,6847.666199,5410.582772,3290.189906,734.0314602,2669.889756,6696.946759,24354.33593,11578.77114,9498.222825,3768.496834,3721.834163,8582.388203,5879.729021,2574.619883,12924.93515,6555.483837,3627.115732,2343.025565,22971.67101,22230.75489,1294.651907,940.8803225
2018,26629.68733,34355.85638,9592.571308,5942.514477,7073.286639,5599.202851,3459.676768,778.4712186,2812.448011,6921.90451,24707.14803,11948.0979,9831.373216,3936.610819,3964.974251,8960.234182,6128.969376,2737.253932,13367.01033,7107.136187,3793.566839,2497.603596,23263.98441,22653.61305,1351.861313,987.8410862
2019,27140.68882,35052.93527,9829.929374,6138.972292,7304.413578,5793.774071,3636.210074,825.2452142,2963.255258,7158.549663,25060.67244,12333.58612,10168.52536,4113.25933,4222.206949,9354.152138,6384.582331,2910.108833,13825.70302,7704.079478,3968.001158,2661.390508,23559.42092,23086.80186,1411.292392,1036.554776
2020,25422.69191,33449.82053,8756.217007,5660.569654,6781.035231,5323.862051,3476.690171,799.6259735,2847.461856,6277.157705,22823.71262,11598.77753,9792.91241,3961.301052,4103.763454,8736.638182,6049.698843,2602.605972,13646.31068,7876.309628,3766.37682,2568.591995,22266.24878,21796.07038,1332.192311,996.3524868
2021,26291.07224,34647.04811,8995.506406,5843.631659,6990.167808,5502.361116,3564.83551,820.5209095,2895.709785,6314.964683,24255.26638,12234.48341,10109.80979,4045.351099,4242.990882,9252.166309,6197.724134,2914.200033,14146.05245,8563.557453,3922.743746,2707.149075,22661.04986,22187.83523,1362.373908,1013.30408
2022,26614.19484,34920.28723,9140.737836,5981.776452,7088.212321,5640.758386,3626.011076,851.9070025,2980.021848,6377.055087,24549.74816,12596.7214,10333.5157,4198.117154,4396.067182,9458.466222,6292.825205,3131.486368,14520.85523,9123.751976,4090.232297,2840.670139,22853.88029,22587.50845,1391.999314,1042.271623
2023,26890.68982,35148.38875,9325.470434,6152.291769,7194.662767,5805.432775,3687.925991,886.7763163,3075.207317,6443.681968,24857.47128,12971.69674,10564.183,4359.56039,4564.075912,9678.698522,6387.73349,3379.160112,14950.51267,9711.762204,4270.943634,2989.444755,23063.32596,22980.04141,1422.990388,1074.488133
2024,27167.53809,35366.2743,9501.196556,6319.239283,7294.756182,5965.705849,3744.813126,923.4315607,3175.299572,6510.733341,25138.513,13335.53487,10846.52603,4528.231793,4791.691496,9885.556095,6476.817184,3628.43787,15338.63945,10304.49331,4460.575464,3138.259318,23262.86629,23337.82057,1456.416582,1107.669078
2025,27447.66017,35759.70349,9678.966181,6489.591177,7457.515735,6128.690609,3804.816091,961.7620268,3279.905609,6647.320698,25426.07574,13715.30067,11135.07382,4702.670206,5018.943329,10145.79629,6568.136678,3827.744189,15753.03671,10753.72194,4652.442165,3302.946832,23528.0538,23727.07735,1491.904297,1141.792028
2026,27837.86126,36151.98803,9898.283069,6707.958222,7603.191951,6301.118981,3970.705954,1019.329044,3440.535505,6839.950956,25745.14141,14083.536,11403.41088,4873.8183,5275.087724,10493.11718,6774.028532,4020.405332,16114.21108,11292.21691,4822.544808,3466.28626,23860.632,24046.54165,1554.774332,1178.682573
2027,28233.67399,36555.10467,10120.87018,6934.6419,7750.622711,6477.600836,4142.945494,1079.887091,3608.463319,7038.940561,26068.13296,14463.17786,11676.69892,5048.405457,5543.985014,10850.5151,6982.295712,4222.834302,16482.56258,11855.22391,4998.461427,3636.946435,24196.65644,24369.6019,1620.26867,1216.132949
2028,28592.95509,36970.74918,10347.57807,7170.53909,7899.752648,6658.751733,4321.840585,1143.540173,3784.00164,7244.580708,26395.24043,14854.03828,11954.86754,5226.303192,5826.177679,11217.90103,7192.771378,4435.414638,16859.53232,12443.90315,5181.190375,3815.413745,24537.68023,24695.87314,1688.53664,1254.283434
2029,28957.0198,37397.05711,10578.52848,7415.452474,8052.631,6844.799995,4507.665816,1210.390382,3967.285305,7457.071074,26725.98967,15255.86894,12238.05089,5406.589849,6121.927097,11595.61107,7405.332606,4658.488868,17245.53222,13059.06881,5370.889348,4000.727607,24883.3336,25027.19049,1759.663383,1292.997783
2030,29326.15943,37833.71758,10813.74493,7669.757201,8207.420137,7035.937623,4700.552225,1280.558397,4158.637011,7676.557184,27061.0948,15668.7689,12526.3122,5588.811542,6431.920058,11983.84305,7620.509538,4892.542969,17640.67914,13702.06881,5567.900184,4194.423337,25233.68262,25360.97944,1833.994251,1332.314773
2031,29734.0438,38186.65065,11043.22508,7924.432353,8343.791108,7220.837632,4882.040608,1350.649639,4354.173197,7883.763548,27423.08218,16061.95319,12789.14584,5753.565594,6691.246893,12315.50323,7819.362139,5107.002331,17978.43297,14222.03979,5756.479513,4368.976343,25536.66423,25673.768,1908.162733,1371.536724
2032,30147.69051,38547.30881,11276.81996,8188.717715,8481.522929,7410.668806,5070.116046,1423.972731,4557.810048,8097.167843,27789.02278,16465.0092,13057.98864,5918.129477,6962.243734,12655.15947,8020.451791,5330.587201,18322.78776,14759.56179,5952.010081,4550.564512,25842.89513,25988.01261,1985.429304,1412.421655
2033,30565.7613,38915.32363,11514.66875,8462.825744,8622.715064,7605.746906,5264.927382,1500.611688,4769.870613,8317.061626,28159.07361,16878.16247,13331.91562,6082.518261,7245.096634,13003.19827,8224.038006,5563.323909,18673.44457,15315.16665,6154.979804,4739.410349,26152.2167,26306.11442,2065.963515,1454.062759
2034,30988.05569,39290.41303,11756.86154,8746.93289,8765.53234,7806.119559,5466.680382,1580.682455,4990.489827,8543.587395,28533.06677,17301.55262,13610.85218,6246.445637,7540.391427,13359.62787,8430.401347,5805.592447,19030.00407,15889.45969,6366.439377,4935.695705,26464.22982,26627.37691,2149.893726,1496.555931
2035,31409.57568,39671.31641,12004.14229,8987.924578,8913.348936,7994.577373,5679.716761,1664.292567,5220.795037,8779.136594,28902.57213,17716.45645,13896.69673,6430.702964,7841.10923,13724.06256,8630.620659,6045.292955,19380.07098,16463.25528,6570.638541,5148.427727,26753.83088,26974.97853,2230.144872,1542.97775
2036,31841.34327,40010.01181,12244.44351,9238.841718,9057.666509,8180.376856,5886.23091,1752.469454,5472.314358,9005.418266,29303.13386,18098.0507,14176.3018,6598.096926,8097.131986,14021.204,8813.902845,6276.495151,19692.42076,16971.12833,6775.882441,5352.841958,27014.80166,27330.46951,2314.50024,1598.728006
2037,32277.37771,40355.56569,12489.01271,9498.701242,9205.034556,8371.377259,6099.753758,1844.480839,5733.35352,9238.195859,29708.94914,18488.704,14462.14074,6771.907704,8362.650792,14323.77729,8999.80181,6516.714887,20009.98524,17492.74992,6988.899784,5565.61101,27278.07169,27692.70412,2402.267595,1656.396742
2038,32717.44391,40706.71265,12738.01066,9767.682963,9355.471477,8567.626356,6320.356778,1940.40195,6003.282269,9477.571355,30117.44487,18888.22069,14754.66623,6951.468956,8638.584663,14632.5596,9188.173004,6766.120591,20332.89433,18028.33139,7209.718475,5786.882452,27543.53205,28061.10233,2493.533467,1715.956522
2039,33161.50085,41063.56458,12991.60477,10046.2625,9509.072851,8769.280614,6548.385461,2040.40345,6280.806724,9723.888161,30531.15845,19297.02657,15054.05687,7136.652376,8925.431863,14947.91488,9379.454103,7025.095749,20661.09416,18578.47523,7438.797435,6017.047056,27811.31594,28435.80345,2588.424319,1777.468817
2040,33609.20636,41425.98611,13249.90375,10334.7912,9665.929767,8976.51919,6784.11592,2144.621659,6564.902648,9977.227025,30950.05519,19715.25299,15360.47319,7327.361206,9223.59331,15270.10657,9574.028599,7293.982901,20994.60077,19143.60702,7676.446728,6256.482571,28081.48871,28816.79602,2687.059883,1840.970456
2041,34031.39794,41751.57493,13513.51812,10632.90892,9818.768461,9183.269969,7015.0371,2254.804803,6862.084594,10218.64713,31379.54228,20087.4625,15655.5714,7496.052798,9481.254046,15523.94135,9755.814089,7551.040397,21302.5224,19661.37775,7914.052743,6484.210821,28377.09632,29211.99544,2788.357347,1915.771424
2042,34455.07399,42081.60008,13782.11812,10941.87567,9974.843507,9395.738401,7253.4464,2369.590534,7161.022337,10466.5405,31813.67715,20466.81594,15957.25678,7668.838738,9747.80807,15782.09141,9940.618153,7817.155483,21613.74995,20191.51133,8160.412874,6720.404704,28675.78886,29613.69837,2893.548539,1993.331503
2043,34880.06509,42415.59929,14055.78319,11262.01179,10134.22125,9614.131909,7499.456937,2489.112244,7466.058097,10721.01847,32252.35017,20853.51893,16265.7507,7845.738947,10023.40085,16044.72296,10128.54776,8092.597194,21928.98833,20735.76926,8415.571944,6965.317708,28977.44634,30021.75151,3002.713013,2073.690446
2044,35307.03487,42753.4214,14334.61916,11593.74778,10297.03548,9838.519329,7753.231867,2613.526764,7784.821116,10982.19162,32696.09507,21247.67498,16581.07578,8026.850493,10308.55447,16312.03289,10319.68438,8377.668991,22248.09992,21292.69783,8680.00008,7219.322072,29282.24641,30436.07727,3115.956497,2156.964033
2045,35736.68363,43094.80182,14618.69054,11937.50075,10463.37871,10069.06464,8014.898995,2742.999412,8122.222385,11250.16213,33145.35881,21649.41069,16903.26437,8212.27446,10603.53488,16584.17417,10514.17435,8672.663952,22571.06327,21862.4845,8953.949592,7482.757189,29590.17634,30856.55487,3233.369529,2243.232558
2046,36120.5285,43387.58474,14912.3979,12289.62764,10625.41516,10300.83644,8270.792015,2877.817112,8484.392126,11504.72861,33595.52934,22020.0442,17213.82903,8377.285212,10853.90751,16803.1697,10697.4764,8955.603819,22866.22496,22358.77234,9225.661353,7733.139009,29899.21784,31253.33319,3352.567665,2340.230496
2047,36506.55836,43682.6153,15211.63889,12654.62931,10790.91229,10539.87234,8533.920289,3018.079271,8868.89875,11765.33187,34051.44477,22397.0987,17530.78609,8545.748711,11111.84664,17025.83082,10884.34741,9247.750227,23163.06075,22864.19384,9506.766819,7992.09859,30213.82813,31655.27273,3475.960592,2440.930004
2048,36894.99191,43979.76615,15516.43905,13033.03078,10960.00914,10785.37121,8804.175455,3164.008146,9276.440628,12032.02636,34513.30313,22780.77843,17854.30007,8717.751262,11377.5483,17252.1966,11074.48565,9549.406035,23461.45839,23378.66964,9797.611278,8259.915795,30531.58369,32062.32813,3603.669464,2545.403658
2049,37286.31732,44279.61333,15826.87925,13425.51296,11132.83174,11037.51539,9081.391992,3315.861373,9707.722543,12304.64857,34981.33905,23171.26451,18184.53982,8893.403351,11651.21776,17482.35909,11267.04867,9860.862118,23762.28516,23899.94052,10098.4663,8536.760167,30852.67892,32474.13858,3735.846716,2653.74436
2050,37680.65478,44583.48684,16143.16008,13832.79322,11309.40173,11296.26973,9365.427239,3473.881401,10163.42683,12582.43342,35455.23889,23568.41903,18521.19334,9072.511197,11932.24746,17716.47962,11462.98266,10182.26719,24062.55783,24435.08989,10408.67129,8821.929129,31176.20499,32888.20907,3872.617017,2765.818684
2051,38014.40553,44857.0736,16524.89864,14249.76954,11530.07598,11573.87865,9633.278369,3630.646344,10648.41323,12835.05748,35925.32552,23986.21015,18920.03507,9333.492616,12127.17003,17972.51817,11669.61192,10500.65112,24537.86287,24929.06098,10702.99178,9126.001694,31548.51822,33242.90434,4019.508499,2893.363037
2052,38351.08093,45132.35029,16915.57314,14679.28594,11754.95138,11858.09583,9908.544033,3794.159255,11155.52495,13092.72984,36401.62957,24411.24746,19327.21341,9601.381329,12325.12231,18232.16098,11879.80063,10828.72701,25022.26166,25432.54864,11005.44269,9440.121122,31925.28574,33601.19471,4171.803914,3026.537434
2053,38690.70651,45409.32743,17315.39118,15121.7191,11984.10661,12149.07558,10191.42635,3964.703039,11685.74468,13355.5511,36884.23314,24843.65506,19742.89989,9876.350594,12526.15094,18495.45785,12093.60822,11166.78615,25515.92426,25945.73061,11316.24565,9764.609885,32306.56096,33963.11645,4329.698851,3165.583104
2054,39033.30805,45688.0156,17724.56513,15577.45701,12217.62183,12446.97576,10482.13294,4142.572399,12240.09841,13623.62389,37373.21946,25283.55918,20167.26953,10158.57789,12730.30328,18762.45928,12311.09509,11515.12854,26019.02386,26468.78787,11635.6283,10099.80062,32692.39795,34328.70622,4493.395937,3310.751455
2055,39378.91153,45968.42546,18143.31227,16046.8993,12455.57867,12751.95788,10780.87703,4328.074327,12819.65733,13897.05286,37868.67283,25731.08818,20600.50094,10448.24501,12937.62742,19033.21644,12532.32265,11874.06318,26531.73683,27001.90476,11963.82444,10446.03643,33082.85142,34698.00102,4663.105095,3462.304499
2056,39751.77909,46252.25931,18566.49928,16525.28253,12697.93997,13057.59284,11081.1795,4520.049357,13419.20085,14170.74211,38393.93698,26200.5906,21032.63315,10750.9899,13155.91999,19358.36986,12767.04121,12229.10704,27001.03087,27520.19573,12290.47035,10784.34833,33497.42764,35105.36172,4837.589172,3622.640322
2057,40128.13888,46537.85717,18999.46013,17017.89764,12944.90618,13370.33253,11389.59935,4720.18585,14045.6736,14449.79829,38926.46739,26678.48304,21473.57562,11061.85401,13377.72519,19688.94822,13005.97591,12594.51464,27478.32632,28047.95972,12625.84204,11133.171,33917.20612,35517.2354,5018.423055,3790.104256
2058,40508.02348,46825.23006,19442.41885,17525.1676,13196.56342,13690.33905,11706.35294,4928.82315,14700.25792,14734.32639,39466.36444,27164.91367,21923.50523,11381.04455,13603.09907,20025.04065,13249.20033,12970.58502,27963.75611,28585.36444,12970.16966,11492.82173,34342.25228,35933.67183,5205.834512,3965.004806
2059,40891.4658,47114.38911,19895.60462,18047.52793,13452.99943,14017.77815,12031.66236,5146.314654,15384.18772,15024.43344,40013.7299,27660.03327,22382.60241,11708.77386,13832.09855,20366.73775,13496.78932,13357.62582,28457.45534,29132.58053,13323.68941,11863.6272,34772.63235,36354.72138,5400.05944,4147.663651
2060,41278.49904,47405.34551,20359.25179,18585.42709,13714.30356,14352.81932,12365.75564,5373.028393,16098.75073,15320.22859,40568.66693,28163.99527,22851.05118,12045.25958,14064.78151,20714.13159,13748.81899,13755.95356,28959.5613,29689.78157,13686.64364,12245.92375,35208.41342,36780.43494,5601.342155,4338.416204
2061,41725.01413,47712.36837,20828.65923,19129.07636,13973.93942,14687.68856,12699.36473,5603.887836,16833.09063,15612.85132,41144.25769,28699.21186,23317.50949,12390.88393,14314.06219,21074.35346,14014.44467,14148.93799,29445.53251,30229.68031,14049.50049,12619.28944,35661.14323,37243.84832,5807.09947,4537.071246
2062,42176.31032,48021.39125,21308.77573,19688.58621,14238.36548,15030.12854,13041.70201,5844.251901,17599.56475,15911.0349,41727.99206,29244.39952,23793.21469,12745.70653,14567.55246,21440.69706,14285.00456,14552.86682,29939.34541,30778.89129,14421.76123,13003.54463,36119.70033,37712.78943,6020.199588,4744.451858
2063,42632.43865,48332.42727,21799.84372,20264.41881,14507.66869,15380.30727,13392.99284,6094.504179,18399.55001,16214.88473,42319.98511,29799.74202,24278.34737,13109.96082,14825.32288,21813.26493,14560.58788,14968.04149,30441.12314,31337.56986,14803.66656,13398.99756,36584.15987,38187.32397,6240.901004,4960.931613
2064,43093.45068,48645.48963,22302.11109,20857.04978,14781.93758,15738.39647,13753.46839,6355.043721,19234.4821,16524.50819,42920.35353,30365.42649,24773.09159,13483.88604,15087.44519,22192.16131,14841.28543,15394.77176,30950.9907,31905.87392,15195.46326,13805.965,37054.59795,38667.51844,6469.471279,5186.899899
2065,43559.39854,48960.59163,22815.83132,21466.96859,15061.26227,16104.5716,14123.36578,6626.28566,20105.85802,16840.01471,43529.21564,30941.64348,25277.63501,13867.72732,15353.99236,22577.49216,15127.18962,15833.37586,31469.07503,32483.96393,15597.40441,14224.77254,37531.09167,39153.44014,6706.187358,5422.762583
2066,44064.83994,49260.38055,23323.85528,22080.0881,15343.1385,16468.16944,14482.52085,6898.431174,20988.07054,17150.15723,44132.98689,31524.23141,25778.74395,14241.32364,15618.56571,22950.14482,15418.31516,16258.8372,32006.30445,33042.21744,15994.03203,14629.87259,38022.42866,39657.2502,6945.931554,5664.126712
2067,44576.08601,49562.01737,23843.07489,22710.67988,15630.16045,16839.73024,14850.55595,7181.346899,21907.61379,17465.98596,44745.11126,32117.58157,26289.51126,14624.24974,15887.49941,23328.80983,15714.83413,16695.47299,32552.373,33609.55524,16400.5319,15046.00592,38520.20361,40167.21811,7194.027589,5915.835157
2068,45093.20319,49865.51358,24373.73497,23359.24137,15922.4206,17219.42523,15227.68797,7475.452198,22866.04011,17787.6049,45365.70417,32721.89069,26810.12039,15016.72783,16160.8649,23713.58278,16016.84384,17143.57377,33107.42239,34186.12014,16817.14675,15473.46402,39024.50102,40683.41892,7450.762947,6178.321248
2069,45616.25871,50170.88072,24916.08568,24026.28414,16220.01307,17607.4293,15614.13903,7781.182737,23864.96618,18115.11995,45994.88263,33337.35909,27340.75822,15418.98528,16438.73481,24104.56075,16324.44338,17603.43761,33671.59655,34772.05712,17244.12527,15912.54593,39535.4065,41205.92862,7716.434971,6452.03628
2070,46145.32054,50478.13041,25470.38258,24712.33432,16523.03367,18003.92104,16010.1367,8098.991132,24906.07572,18448.63894,46632.76526,33964.19072,27881.61516,15831.25474,16721.18298,24501.84234,16637.73356,18075.37031,34245.04166,35367.51342,17681.72219,16363.55844,40053.00678,41734.82415,7991.351204,6737.45025
2071,46682.5634,50775.66702,26024.82418,25400.45581,16838.41498,18396.8494,16392.89091,8415.987258,25953.04982,18779.47593,47250.98844,34568.42044,28414.25736,16220.6354,16988.83646,24865.108,16954.97527,18533.95491,34799.87613,35933.20251,18115.14613,16807.06571,40570.66301,42255.04787,8266.329876,7027.364499
2072,47225.99967,51074.97017,26591.20354,26107.68874,17159.6642,18798.08942,16784.53416,8744.944281,27042.47405,19116.21559,47877.38724,35183.19185,28956.78527,16618.82983,17260.57855,25233.62291,17278.04084,19003.9033,35363.35507,36507.41463,18558.96259,17262.04309,41095.01489,42781.42808,8550.528595,7329.287304
2073,47775.70053,51376.05043,27169.77565,26834.56333,17486.88885,19207.81373,17185.27047,9086.307234,28176.04328,19458.96298,48512.06965,35808.6869,29509.37969,17026.02774,17536.47158,25607.46168,17607.03445,19485.49441,35935.60954,37090.27352,19013.41775,17728.77809,41626.14917,43314.0376,8844.253133,7643.705461
2074,48331.73799,51678.91843,27760.80091,27581.62454,17820.19842,19626.19852,17595.30852,9440.537718,29355.51996,19807.825,49155.14508,36445.09065,30072.22472,17442.42284,17816.5788,25986.69994,17942.06212,19979.01397,36516.77253,37681.90465,19478.76361,18207.56528,42164.15372,43852.95015,9147.819373,7971.12532
2075,48894.18487,51983.58489,28364.54528,28349.43242,18159.70439,20053.4236,18014.86177,9808.114521,30582.73681,20162.91047,49806.72439,37092.59134,30645.50778,17868.21288,18100.96447,26371.41442,18283.23173,20484.75472,37106.97903,38282.43531,19955.25808,18698.70648,42709.11757,44398.24032,9461.553645,8312.07357
2076,49468.57169,52309.74912,28968.36184,29118.18864,18499.89399,20480.06662,18419.68489,10170.57387,31803.92462,20513.03583,50451.07152,37717.09833,31210.56426,18278.60843,18381.12097,26732.36648,18632.16448,20977.63023,37702.2763,38881.40497,20425.04175,19184.2034,43253.56534,44942.61457,9771.703283,8654.716755
2077,50049.6421,52637.97275,29584.89531,29907.74622,18846.30152,20915.51588,18833.36306,10546.0134,33072.37985,20869.21324,51103.73576,38351.9198,31785.75159,18697.65684,18665.431,27098.12996,18987.51736,21482.11274,38306.7622,39489.20593,20905.65496,19681.73232,43804.96049,45493.34396,10091.78928,9011.00523
2078,50637.47364,52968.26886,30214.41142,30718.66756,19199.03896,21359.94991,19256.08781,10934.89275,34389.90896,21231.54706,51764.82435,38997.22423,32371.24877,19125.53145,18953.95608,27468.76784,19349.4056,21998.47315,38920.57479,40105.96368,21397.34439,20191.58226,44363.39185,46050.50274,10422.12689,9381.4719
2079,51232.14477,53300.65064,30857.1814,31551.53025,19558.2203,21813.55082,19688.05477,11337.68781,35758.38734,21600.14346,52434.44589,39653.18283,32967.23793,19562.40902,19246.75864,27844.34395,19717.94645,22526.98867,39543.85416,40731.80544,21900.36234,20714.04904,44928.94937,46614.16602,10763.04131,9766.670294
2080,51833.73483,53635.13135,31513.48213,32406.92751,19923.96156,22276.5044,20129.4638,11754.89135,37179.76199,21975.11044,53112.71041,40319.96956,33573.90442,20008.46972,19543.90209,28224.92293,20093.25924,23067.94295,40176.74247,41366.86021,22414.96676,21249.43545,45501.72416,47184.4098,11114.86807,10167.17537
2081,52439.06412,53967.932,32169.61684,33263.00037,20290.4419,22737.81021,20558.91082,12165.72861,38593.43372,22339.06359,53785.79689,40965.4212,34175.2165,20446.83222,19839.99401,28601.67095,20474.79421,23597.85182,40799.91195,41981.98363,22919.91609,21779.39384,46103.13543,47750.7545,11462.01815,10568.20361
2082,53051.39858,54302.81119,32839.26394,34141.63637,20663.49899,23208.38482,20997.27691,12590.496,40059.25956,22709.01648,54467.39469,41621.00799,34787.00249,20893.99655,20140.3879,28983.31731,20863.32025,24139.67699,41432.36935,42605.70407,23436.00256,22321.95317,46712.50023,48323.57635,11819.77141,10984.51827
2083,53670.81905,54639.782,33522.69947,35043.42976,21043.24916,23688.4112,21444.74532,13029.66144,41579.14275,23085.06781,55157.61132,42286.88728,35409.4422,21350.13062,20445.14631,29369.92457,21258.96239,24693.68419,42074.24932,43238.13714,23963.4689,22877.40373,47329.92393,48902.94959,12188.44882,11416.6914
2084,54297.40732,54978.8576,34220.2051,35968.9904,21429.81075,24178.07587,21901.50303,13483.70859,43155.05601,23467.31786,55856.55565,42963.2188,36042.71851,21815.40548,20754.33272,29761.55606,21661.84787,25260.14501,42725.68842,43879.39999,24502.56309,23446.04238,47955.51326,49488.94933,12568.38106,11865.31629
2085,54931.2461,55320.05122,34932.0682,36918.94424,21823.30422,24677.569,22367.74083,13953.1374,44789.04399,23855.86859,56564.33793,43650.16479,36687.0174,22289.99533,21068.01155,30158.27594,22072.10616,25839.33712,43386.82516,44529.61131,25053.53847,24028.17267,48589.37641,50081.65155,12959.90878,12331.00825
2086,55579.93376,55661.09299,35646.84262,37862.80695,22218.82239,25172.78594,22822.42986,14413.02229,46404.98457,24235.7348,57278.59256,44323.86955,37322.19071,22760.96158,21381.90002,30562.08563,22490.127,26406.84019,44027.31764,45164.66273,25595.45357,24603.60719,49246.5983,50688.31827,13348.09958,12796.13556
2087,56236.21464,56004.25133,36376.08637,38830.7562,22621.34016,25677.65132,23286.13046,14887.67587,48077.7288,24621.62475,58001.84746,45007.77581,37968.06576,23241.0529,21700.28783,30971.16539,22915.7961,26986.56426,44676.87437,45808.21203,26148.8536,25192.1808,49912.71347,51302.00858,13747.68771,13278.26755
2088,56900.1774,56349.53946,37120.09,39823.40635,23030.97965,26192.34981,23759.01932,15377.56888,49809.25543,25013.63378,58734.21592,45702.03623,38624.82025,23730.43739,22023.23959,31385.58282,23349.25013,27578.77041,45335.61996,46460.36854,26713.97906,25794.18415,50587.84245,51922.80402,14159.00508,13778.01536
2089,57571.91172,56696.9707,37879.14992,40841.38739,23447.86512,26717.06958,24241.27661,15883.18707,51601.61215,25411.85871,59475.81268,46406.80576,39292.6348,24229.28617,22350.82083,31805.40637,23790.62818,28183.72526,46003.6807,47121.24294,27291.0755,26409.9142,51272.1074,52550.78706,14582.39328,14296.01195
2090,58251.50835,57046.55847,38653.56841,41885.34541,23872.12295,27252.00238,24733.08603,16405.03172,53456.91793,25816.39791,60226.75389,47122.24165,39971.69301,24737.77345,22683.09806,32230.70534,24240.07178,28801.7011,46681.18455,47790.9473,27880.39353,27039.67432,51965.63212,53186.04117,15018.2038,14832.91281
2091,58970.64697,57398.72389,39425.83671,42918.63023,24301.30336,27780.88097,25215.0367,16913.27796,55284.84408,26213.12071,60989.44079,47838.9412,40639.58092,25241.97337,23013.48935,32661.27471,24693.39592,29409.94941,47334.05748,48441.54121,28459.91612,27663.0355,52675.63285,53851.74215,15450.69132,15367.48718
2092,59698.58858,57753.078,40213.36738,43977.36039,24738.02235,28319.72477,25706.1469,17436.88439,57173.74115,26615.91455,61761.76568,48566.34038,41318.32972,25755.59436,23348.5184,33097.45421,25154.91465,30030.79443,47995.65681,49100.42755,29051.24086,28300.0855,53395.33655,54525.42389,15895.39522,15920.74216
2093,60435.44066,58109.6345,41016.45966,45062.16222,25182.41051,28868.71822,26206.58893,17976.31245,59125.62739,27024.87212,62543.85022,49304.59709,42008.11344,26278.80386,23688.25051,33539.3157,25624.77272,30664.49502,48666.09566,49767.7078,29654.60525,28951.11546,54124.87601,55207.18239,16352.65804,16493.31998
2094,61181.31202,58468.40721,41835.41857,46173.67749,25634.60069,29428.04917,26716.53831,18532.0375,61142.58784,27440.08757,63335.81762,50053.87151,42709.10889,26811.77224,24032.75193,33986.93194,26103.11738,31311.31537,49345.48857,50443.48462,30270.25153,29616.42257,54864.38583,55897.11479,16822.83185,17085.88481
2095,61936.31278,58829.40998,42670.5551,47312.56378,26094.72803,29997.90887,27236.17383,19104.54921,63226.77659,27861.65646,64137.79263,50814.32621,43421.49568,27354.6728,24382.08982,34440.37661,26590.09845,31971.52507,50033.95153,51127.86192,30898.42677,30296.31022,55614.00249,56595.31944,17306.27862,17699.12345
2096,62736.69194,59195.00271,43497.18033,48434.23585,26559.13776,30559.84174,27740.37434,19657.60797,65266.32523,28274.52556,64954.82807,51585.22264,44118.90545,27886.64048,24721.29929,34883.36914,27077.37204,32608.95724,50723.77099,51795.09974,31515.76278,30968.01007,56374.96955,57320.37946,17783.17689,18306.84085
2097,63547.32778,59562.88257,44339.64699,49582.46503,27031.62901,31131.99748,28253.68843,20226.34238,67370.26916,28693.48998,65782.24993,52367.60451,44827.21935,28428.07981,25065.07165,35331.91752,27573.2793,33258.86899,51422.68084,52470.47201,32145.18889,31653.89291,57146.35208,58054.36387,18272.98964,18934.83582
2098,64368.35143,59933.06399,45198.25622,50757.87999,27512.34055,31714.55875,28776.27915,20811.19468,69540.62856,29118.63954,66620.19013,53161.64099,45546.60532,28979.15119,25413.46855,35786.09024,28077.96971,33921.50282,52130.79724,53154.07382,32786.93904,32354.24872,57928.29286,58797.38287,18776.0642,19583.77457
2099,65199.89568,60305.56148,46073.31482,51961.1243,28001.4135,32307.71144,29308.31245,21412.61962,71779.48701,29550.06538,67468.78223,53967.50376,46277.23387,29540.01769,25766.55248,36245.95659,28591.59533,34597.10592,52848.23783,53846.00132,33441.25166,33069.37328,58720.93662,59549.54803,19292.75722,20254.345
2100,66042.09505,60680.38964,46965.13539,53192.85674,28498.99139,32911.64473,29849.95724,22031.08479,74088.99346,29987.85998,68328.16153,54785.36697,47019.27812,30110.84504,26124.38677,36711.58673,29114.31077,35285.93027,53575.12171,54546.35179,34108.36975,33799.56828,59524.43006,60310.97233,19823.43493,20947.25743
