type,time,fuel,stage,unit,1,2,3,4,5,6,7,8,9,10,11,12,13,14,15,16,17,18,19,20,21,22,23,24,25,26
processing,1920,gas,refinery,kg,59803741.987632304,1124871337.6230333,21263725.234431215,2252107.150601891,495078.724539628,24078940.024893384,3094492.632459391,261776.49698185144,275.0474145071247,53540.97061661064,201019018.95118687,108111281.85423519,52055.70086420573,142763065.48437768,59215129.25387663,430632340.16058445,28210134.76247727,1937210.1460434657,113424.17907398158,5782923.590100517,596834.9170359563,324095.2566276184,14653592.847354,5494461.566056889,7854611.75936889,126732.88113862967
processing,1921,gas,refinery,kg,74754677.48454039,1406089172.0287914,26579656.54303902,2815133.938252364,618848.4056745351,30098675.031116728,3868115.7905742386,327220.6212273143,343.80926813390596,66926.2132707633,251273773.68898365,135139102.317794,65069.62608025717,178453831.85547206,74018911.56734578,538290425.2007306,35262668.45309659,2421512.682554332,141780.223842477,7228654.4876256455,746043.6462949453,405119.07078452304,18316991.0591925,6868076.957571112,9818264.699211113,158416.1014232871
processing,1922,gas,refinery,kg,89705612.98144846,1687307006.4345496,31895587.851646822,3378160.725902837,742618.086809442,36118410.037340075,4641738.948689086,392664.7454727772,412.5711217606871,80311.45592491596,301528528.42678034,162166922.78135282,78083.55129630861,214144598.2265665,88822693.88081494,645948510.2408767,42315202.1437159,2905815.219065199,170136.2686109724,8674385.385150775,895252.3755539344,486142.8849414277,21980389.271031003,8241692.349085335,11781917.639053337,190099.3217079445
processing,1923,gas,refinery,kg,104656548.47835653,1968524840.8403082,37211519.16025463,3941187.513553309,866387.7679443491,42138145.04356341,5415362.106803934,458108.86971824,481.33297538746825,93696.69857906863,351783283.16457707,189194743.2449116,91097.47651236004,249835364.59766093,103626476.1942841,753606595.2810228,49367735.834335215,3390117.7555760653,198492.31337946776,10120116.282675903,1044461.1048129235,567166.6990983322,25643787.482869502,9615307.740599558,13745570.578895558,221782.54199260194
processing,1924,gas,refinery,kg,119607483.97526461,2249742675.2460666,42527450.46886243,4504214.301203782,990157.4490792558,48157880.04978676,6188985.264918781,523552.9939637029,550.0948290142493,107081.94123322128,402038037.90237385,216222563.70847037,104111.40172841148,285526130.9687553,118430258.50775325,861264680.3211688,56420269.52495455,3874420.2920869314,226848.35814796315,11565847.180201031,1193669.8340719126,648190.5132552369,29307185.694708,10988923.132113779,15709223.51873778,253465.76227725935
processing,1925,gas,refinery,kg,134558419.4721727,2530960509.6518245,47843381.77747024,5067241.088854254,1113927.130214163,54177615.05601011,6962608.423033629,588997.1182091658,618.8566826410306,120467.18388737393,452292792.64017045,243250384.1720292,117125.32694446293,321216897.3398497,133234040.82122241,968922765.3613149,63472803.21557385,4358722.828597798,255204.40291645858,13011578.077726163,1342878.5633309016,729214.3274121414,32970583.9065465,12362538.523628,17672876.458580006,285148.9825619168
processing,1926,gas,refinery,kg,164460290.46598887,3093396178.463341,58475244.39468585,6193294.6641552,1361466.4924839772,66217085.06845679,8509854.739263324,719885.3667000914,756.380389894593,147237.66919567928,552802302.1157639,297306025.0991468,143153.1773765658,392598430.0820386,162841605.44816074,1184238935.4416072,77577870.59681249,5327327.901619531,311916.49245344935,15903039.872776417,1641296.0218488795,891261.9557259507,40297380.3302235,15109769.306656448,21600182.33826445,348515.4231312316
processing,1927,gas,refinery,kg,194362161.459805,3655831847.2748575,69107107.01190145,7319348.239456146,1609005.854753791,78256555.08090349,10057101.05549302,850773.6151910174,893.9040971481552,174008.15450398458,653311811.5913572,351361666.0262644,169181.02780866864,463979962.82422733,192449170.07509905,1399555105.5218995,91682937.97805113,6295932.9746412635,368628.5819904402,18794501.66782668,1939713.4803668577,1053309.5840397596,47624176.753900506,17857000.089684892,25527488.217948895,411881.8637005465
processing,1928,gas,refinery,kg,224264032.45362118,4218267516.0863748,79738969.62911706,8445401.814757092,1856545.2170236052,90296025.09335019,11604347.371722715,981661.8636819428,1031.4278044017174,200778.6398122899,753821321.0669508,405417306.95338196,195208.8782407715,535361495.56641626,222056734.70203736,1614871275.6021917,105788005.35928977,7264538.047662998,425340.67152743094,21685963.46287694,2238130.938884836,1215357.2123535688,54950973.1775775,20604230.872713335,29454794.097633336,475248.3042698613
processing,1929,gas,refinery,kg,254165903.44743732,4780703184.897891,90370832.24633268,9571455.390058035,2104084.579293419,102335495.10579686,13151593.687952409,1112550.1121728686,1168.95151165528,227549.1251205952,854330830.5425444,459472947.8804997,221236.7286728744,606743028.3086051,251664299.3289757,1830187445.682484,119893072.74052839,8233143.120684731,482052.76106442173,24577425.257927198,2536548.397402814,1377404.840667378,62277769.6012545,23351461.65574178,33382099.977317784,538614.7448391762
processing,1930,gas,refinery,kg,284067774.4412535,5343138853.709408,101002694.86354826,10697508.96535898,2351623.9415632333,114374965.11824356,14698840.004182108,1243438.3606637942,1306.4752189088424,254319.61042890057,954840340.0181378,513528588.8076172,247264.57910497722,678124561.0507939,281271863.955914,2045503615.7627761,133998140.12176704,9201748.193706464,538764.8506014126,27468887.05297745,2834965.855920792,1539452.4689811876,69604566.0249315,26098692.438770223,37309405.857002236,601981.185408491
processing,1931,gas,refinery,kg,313969645.4350696,5905574522.520924,111634557.48076388,11823562.540659927,2599163.3038330474,126414435.13069025,16246086.320411803,1374326.60915472,1443.9989261624046,281090.0957372058,1055349849.4937311,567584229.7347348,273292.4295370801,749506093.7929827,310879428.5828523,2260819785.843068,148103207.50300565,10170353.266728196,595476.9401384033,30360348.848027717,3133383.31443877,1701500.0972949967,76931362.4486085,28845923.221798677,41236711.73668668,665347.6259778058
processing,1932,gas,refinery,kg,343871516.42888576,6468010191.33244,122266420.09797949,12949616.115960874,2846702.666102861,138453905.14313695,17793332.636641495,1505214.8576456457,1581.522633415967,307860.5810455112,1155859358.9693246,621639870.6618525,299320.27996918303,820887626.5351715,340486993.20979065,2476135955.9233603,162208274.8842443,11138958.339749929,652189.0296753942,33251810.64307798,3431800.772956748,1863547.725608806,84258158.8722855,31593154.004827112,45164017.616371125,728714.0665471207
processing,1933,gas,refinery,kg,373773387.42270195,7030445860.143957,132898282.71519509,14075669.691261819,3094242.028372675,150493375.15558365,19340578.952871192,1636103.1061365712,1719.0463406695296,334631.0663538165,1256368868.444918,675695511.5889701,325348.13040128583,892269159.2773604,370094557.83672893,2691452126.003653,176313342.26548296,12107563.412771663,708901.1192123848,36143272.438128226,3730218.231474726,2025595.3539226148,91584955.29596251,34340384.78785556,49091323.496055566,792080.5071164354
processing,1934,gas,refinery,kg,403675258.4165181,7592881528.955474,143530145.3324107,15201723.266562764,3341781.39064249,162532845.16803032,20887825.26910089,1766991.354627497,1856.5700479230918,361401.55166212184,1356878377.9205115,729751152.5160877,351375.9808333887,963650692.0195493,399702122.4636673,2906768296.0839453,190418409.64672157,13076168.485793393,765613.2087493757,39034734.23317849,4028635.689992704,2187642.982236424,98911751.7196395,37087615.57088401,53018629.375740014,855446.9476857504
processing,1935,gas,refinery,kg,433577129.41033417,8155317197.766991,154162007.94962633,16327776.841863709,3589320.7529123034,174572315.18047702,22435071.585330583,1897879.6031184231,1994.0937551766542,388172.0369704272,1457387887.396105,783806793.4432052,377403.8312654916,1035032224.7617381,429309687.09060556,3122084466.1642375,204523477.02796015,14044773.558815131,822325.2982863663,41926196.028228745,4327053.148510682,2349690.610550233,106238548.14331649,39834846.35391245,56945935.255424455,918813.3882550652
processing,1936,gas,refinery,kg,463479000.40415025,8717752866.578506,164793870.56684193,17453830.417164654,3836860.1151821176,186611785.1929237,23982317.90156028,2028767.8516093483,2131.617462430216,414942.5222787325,1557897396.8716986,837862434.3703226,403431.6816975944,1106413757.5039268,458917251.7175439,3337400636.2445292,218628544.40919882,15013378.631836861,879037.3878233574,44817657.823279016,4625470.607028661,2511738.238864043,113565344.56699352,42582077.1369409,60873241.1351089,982179.8288243801
processing,1937,gas,refinery,kg,493380871.3979666,9280188535.390024,175425733.18405753,18579883.9924656,4084399.4774519317,198651255.2053704,25529564.21778997,2159656.1001002747,2269.141169683779,441713.00758703786,1658406906.3472917,891918075.2974404,429459.5321296974,1177795290.2461157,488524816.3444822,3552716806.324822,232733611.79043752,15981983.704858592,935749.4773603481,47709119.618329264,4923888.065546639,2673785.8671778524,120892140.9906705,45329307.91996934,64800547.014793344,1045546.2693936948
processing,1938,gas,refinery,kg,523282742.39178276,9842624204.20154,186057595.80127314,19705937.567766543,4331938.839721746,210690725.2178171,27076810.534019668,2290544.3485911996,2406.6648769373414,468483.49289534305,1758916415.8228853,945973716.224558,455487.3825618001,1249176822.9883044,518132380.97142047,3768032976.4051147,246838679.1716761,16950588.777880326,992461.5668973388,50600581.41337953,5222305.524064617,2835833.4954916616,128218937.41434751,48076538.70299779,68727852.8944778,1108912.7099630095
processing,1939,gas,refinery,kg,553184613.3855988,10405059873.013056,196689458.41848874,20831991.14306749,4579478.20199156,222730195.2302638,28624056.850249365,2421432.597082126,2544.1885841909034,495253.9782036485,1859425925.2984786,1000029357.1516755,481515.2329939031,1320558355.7304935,547739945.5983589,3983349146.485406,260943746.5529148,17919193.85090206,1049173.65643433,53492043.208429776,5520722.982582595,2997881.1238054708,135545733.83802453,50823769.48602622,72655158.77416225,1172279.1505323246
processing,1940,gas,refinery,kg,583086484.379415,10967495541.824572,207321321.03570437,21958044.718368437,4827017.564261374,234769665.2427105,30171303.16647906,2552320.8455730514,2681.7122914444653,522024.46351195377,1959935434.7740726,1054084998.0787932,507543.08342600585,1391939888.4726822,577347510.2252971,4198665316.5656986,275048813.9341534,18887798.92392379,1105885.7459713204,56383505.00348003,5819140.441100574,3159928.75211928,142872530.26170152,53571000.26905467,76582464.65384668,1235645.5911016394
processing,1941,gas,refinery,kg,612988355.373231,11529931210.63609,217953183.65291998,23084098.293669384,5074556.926531187,246809135.25515714,31718549.482708756,2683209.0940639772,2819.235998698028,548794.9488202591,2060444944.249666,1108140639.0059109,533570.9338581088,1463321421.214871,606955074.8522354,4413981486.64599,289153881.315392,19856403.996945523,1162597.8355083114,59274966.7985303,6117557.899618551,3321976.3804330886,150199326.6853785,56318231.05208312,80509770.53353114,1299012.031670954
processing,1942,gas,refinery,kg,642890226.3670474,12092366879.447607,228585046.27013555,24210151.868970327,5322096.288801001,258848605.26760378,33265795.798938457,2814097.3425549027,2956.759705951591,575565.4341285644,2160954453.7252593,1162196279.9330285,559598.7842902117,1534702953.9570599,636562639.4791737,4629297656.726283,303258948.69663066,20825009.06996726,1219309.925045302,62166428.59358055,6415975.35813653,3484024.0087468983,157526123.1090555,59065461.83511156,84437076.41321558,1362378.472240269
processing,1943,gas,refinery,kg,672792097.3608633,12654802548.259123,239216908.88735119,25336205.444271278,5569635.6510708155,270888075.2800505,34813042.11516815,2944985.591045829,3094.2834132051535,602335.9194368697,2261463963.2008524,1216251920.860146,585626.6347223145,1606084486.6992486,666170204.1061121,4844613826.806575,317364016.0778693,21793614.142988987,1276022.0145822929,65057890.388630815,6714392.816654508,3646071.6370607074,164852919.53273252,61812692.618140005,88364382.29290003,1425744.9128095838
processing,1944,gas,refinery,kg,702693968.3546796,13217238217.07064,249848771.5045668,26462259.019572217,5817175.01334063,282927545.2924973,36360288.43139784,3075873.8395367544,3231.8071204587154,629106.404745175,2361973472.676446,1270307561.7872636,611654.4851544173,1677466019.4414375,695777768.7330503,5059929996.886868,331469083.4591079,22762219.216010727,1332734.1041192836,67949352.18368107,7012810.275172486,3808119.265374517,172179715.95640954,64559923.40116846,92291688.17258447,1489111.3533788985
processing,1945,gas,refinery,kg,732595839.3484957,13779673885.882156,260480634.1217824,27588312.594873168,6064714.375610444,294967015.304944,37907534.747627534,3206762.0880276803,3369.3308277122774,655876.8900534804,2462482982.1520395,1324363202.7143812,637682.3355865204,1748847552.1836264,725385333.3599887,5275246166.96716,345574150.8403466,23730824.289032456,1389446.1936562744,70840813.97873132,7311227.733690465,3970166.8936883253,179506512.38008654,67307154.1841969,96218994.0522689,1552477.7939482133
processing,1946,gas,refinery,kg,762497710.342312,14342109554.693672,271112496.738998,28714366.17017411,6312253.737880258,307006485.3173906,39454781.063857235,3337650.3365186057,3506.85453496584,682647.3753617856,2562992491.6276326,1378418843.641499,663710.1860186232,1820229084.9258149,754992897.986927,5490562337.047452,359679218.22158515,24699429.362054188,1446158.283193265,73732275.77378158,7609645.192208442,4132214.5220021354,186833308.80376348,70054384.96722534,100146299.93195336,1615844.2345175284
processing,1947,gas,refinery,kg,792399581.3361281,14904545223.50519,281744359.3562136,29840419.745475054,6559793.100150071,319045955.3298373,41002027.38008693,3468538.585009531,3644.378242219403,709417.860670091,2663502001.103226,1432474484.5686164,689738.0364507261,1891610617.668004,784600462.6138654,5705878507.127745,373784285.6028238,25668034.43507592,1502870.3727302558,76623737.56883185,7908062.650726421,4294262.150315944,194160105.2274405,72801615.7502538,104073605.81163779,1679210.6750868433
processing,1948,gas,refinery,kg,822301452.3299443,15466980892.316706,292376221.9734292,30966473.320776,6807332.462419885,331085425.34228396,42549273.69631662,3599426.8335004575,3781.9019494729646,736188.3459783964,2764011510.5788198,1486530125.495734,715765.8868828288,1962992150.410193,814208027.2408036,5921194677.208036,387889352.9840625,26636639.508097656,1559582.4622672466,79515199.3638821,8206480.109244397,4456309.778629754,201486901.6511175,75548846.53328222,108000911.69132224,1742577.1156561582
processing,1949,gas,refinery,kg,852203323.3237604,16029416561.128222,303008084.59064484,32092526.896076947,7054871.824689699,343124895.35473067,44096520.01254632,3730315.081991383,3919.4256567265265,762958.8312867015,2864521020.054413,1540585766.4228516,741793.7373149317,2034373683.1523814,843815591.867742,6136510847.288328,401994420.3653011,27605244.58111939,1616294.5518042378,82406661.15893236,8504897.567762375,4618357.406943562,208813698.0747945,78296077.31631069,111928217.5710067,1805943.5562254726
processing,1950,gas,refinery,kg,882105194.3175765,16591852229.93974,313639947.2078604,33218580.471377898,7302411.186959514,355164365.3671774,45643766.32877602,3861203.3304823088,4056.9493639800894,789729.3165950069,2965030529.530007,1594641407.3499691,767821.5877470346,2105755215.8945706,873423156.4946803,6351827017.368621,416099487.7465397,28573849.65414112,1673006.641341228,85298122.95398262,8803315.026280353,4780405.035257372,216140494.49847153,81043308.09933911,115855523.45069113,1869309.9967947877
processing,1951,gas,refinery,kg,912007065.3113928,17154287898.751253,324271809.82507604,34344634.04667884,7549950.5492293285,367203835.3796241,47191012.64500571,3992091.5789732346,4194.473071233653,816499.8019033122,3065540039.0056,1648697048.2770867,793849.4381791375,2177136748.636759,903030721.1216186,6567143187.448913,430204555.12777835,29542454.727162853,1729718.730878219,88189584.74903288,9101732.484798333,4942452.663571181,223467290.92214856,83790538.88236757,119782829.33037557,1932676.4373641028
processing,1952,gas,refinery,kg,941908936.3052089,17716723567.56277,334903672.4422917,35470687.62197978,7797489.911499142,379243305.3920707,48738258.961235404,4122979.8274641605,4331.996778487214,843270.2872116175,3166049548.4811935,1702752689.2042043,819877.2886112403,2248518281.378948,932638285.7485569,6782459357.529205,444309622.509017,30511059.80018459,1786430.8204152097,91081046.54408315,9400149.943316309,5104500.29188499,230794087.34582552,86537769.665396,123710135.21006002,1996042.8779334172
processing,1953,gas,refinery,kg,971810807.299025,18279159236.37429,345535535.05950725,36596741.19728073,8045029.273768955,391282775.4045175,50285505.2774651,4253868.075955086,4469.520485740776,870040.7725199228,3266559057.956787,1756808330.1313221,845905.1390433431,2319899814.121137,962245850.3754952,6997775527.609497,458414689.89025563,31479664.87320632,1843142.9099522005,93972508.3391334,9698567.401834289,5266547.9201988,238120883.7695025,89285000.44842447,127637441.08974446,2059409.318502732
processing,1954,gas,refinery,kg,1001712678.2928411,18841594905.185802,356167397.6767229,37722794.77258167,8292568.63603877,403322245.4169642,51832751.59369479,4384756.324446012,4607.044192994338,896811.2578282281,3367068567.43238,1810863971.0584393,871932.9894754462,2391281346.8633256,991853415.0024335,7213091697.689789,472519757.27149427,32448269.94622805,1899854.9994891915,96863970.13418365,9996984.860352265,5428595.548512609,245447680.1931795,92032231.23145291,131564746.9694289,2122775.759072047
processing,1955,gas,refinery,kg,1031614549.2866573,19404030573.997322,366799260.29393846,38848848.34788262,8540107.998308586,415361715.4294108,53379997.909924485,4515644.572936937,4744.567900247901,923581.7431365338,3467578076.9079742,1864919611.9855573,897960.839907549,2462662879.605515,1021460979.6293718,7428407867.770081,486624824.6527329,33416875.01924979,1956567.0890261824,99755431.92923391,10295402.318870245,5590643.176826418,252774476.6168565,94779462.01448134,135492052.8491134,2186142.199641362
processing,1956,gas,refinery,kg,1061516420.2804735,19966466242.808838,377431122.91115403,39974901.92318356,8787647.360578397,427401185.4418575,54927244.226154186,4646532.821427863,4882.091607501465,950352.2284448389,3568087586.3835683,1918975252.9126747,923988.6903396518,2534044412.347704,1051068544.2563101,7643724037.850374,500729892.0339715,34385480.09227152,2013279.1785631734,102646893.72428417,10593819.77738822,5752690.805140227,260101273.0405335,97526692.79750979,139419358.72879782,2249508.6402106765
processing,1957,gas,refinery,kg,1091418291.2742898,20528901911.620354,388062985.5283697,41100955.49848451,9035186.722848212,439440655.45430416,56474490.54238387,4777421.069918789,5019.615314755026,977122.7137531441,3668597095.8591614,1973030893.8397923,950016.5407717548,2605425945.0898924,1080676108.8832486,7859040207.930666,514834959.4152102,35354085.165293254,2069991.268100164,105538355.51933444,10892237.2359062,5914738.433454036,267428069.46421048,100273923.58053826,143346664.60848227,2312875.0807799916
processing,1958,gas,refinery,kg,1121320162.2681055,21091337580.431873,398694848.1455853,42227009.073785454,9282726.085118026,451480125.46675086,58021736.85861357,4908309.318409714,5157.139022008589,1003893.1990614496,3769106605.3347545,2027086534.76691,976044.3912038576,2676807477.832081,1110283673.510187,8074356378.010959,528940026.79644877,36322690.238314986,2126703.3576371544,108429817.31438468,11190654.694424178,6076786.061767846,274754865.88788754,103021154.36356667,147273970.48816672,2376241.521349306
processing,1959,gas,refinery,kg,1151222033.261922,21653773249.24339,409326710.76280093,43353062.6490864,9530265.44738784,463519595.4791976,59568983.174843274,5039197.56690064,5294.662729262151,1030663.6843697551,3869616114.8103476,2081142175.6940277,1002072.2416359606,2748189010.57427,1139891238.137125,8289672548.09125,543045094.1776873,37291295.31133672,2183415.4471741454,111321279.10943492,11489072.152942158,6238833.690081655,282081662.3115645,105768385.14659512,151201276.36785114,2439607.9619186213
processing,1960,gas,refinery,kg,1181123904.255738,22216208918.054905,419958573.3800165,44479116.22438734,9777804.809657654,475559065.4916443,61116229.491072975,5170085.815391567,5432.186436515713,1057434.16967806,3970125624.28594,2135197816.6211448,1028100.0920680634,2819570543.3164587,1169498802.7640634,8504988718.171542,557150161.5589261,38259900.38435845,2240127.5367111363,114212740.9044852,11787489.611460133,6400881.318395464,289408458.7352415,108515615.92962356,155128582.2475356,2502974.402487936
processing,1961,gas,refinery,kg,1211025775.2495544,22778644586.86642,430590435.9972321,45605169.79968829,10025344.171927467,487598535.5040909,62663475.80730266,5300974.063882492,5569.710143769275,1084204.6549863655,4070635133.761534,2189253457.5482626,1054127.9425001661,2890952076.0586476,1199106367.3910017,8720304888.251835,571255228.9401647,39228505.45738019,2296839.6262481273,117104202.69953546,12085907.069978112,6562928.946709273,296735255.1589185,111262846.712652,159055888.12722003,2566340.8430572506
processing,1962,gas,refinery,kg,1240927646.2433703,23341080255.67794,441222298.6144478,46731223.37498924,10272883.534197282,499638005.5165378,64210722.12353236,5431862.312373417,5707.233851022837,1110975.1402946708,4171144643.237128,2243309098.4753804,1080155.792932269,2962333608.8008366,1228713932.01794,8935621058.332127,585360296.3214034,40197110.530401915,2353551.715785118,119995664.49458572,12384324.52849609,6724976.575023083,304062051.58259547,114010077.49568047,162983194.0069045,2629707.283626566
processing,1963,gas,refinery,kg,1270829517.2371864,23903515924.489452,451854161.23166335,47857276.95029019,10520422.896467097,511677475.52898437,65757968.43976205,5562750.560864343,5844.7575582764,1137745.6256029762,4271654152.7127223,2297364739.4024982,1106183.643364372,3033715141.543025,1258321496.6448781,9150937228.412418,599465363.702642,41165715.60342365,2410263.805322109,122887126.28963599,12682741.98701407,6887024.203336891,311388848.0062725,116757308.27870892,166910499.88658893,2693073.724195881
processing,1964,gas,refinery,kg,1300731388.2310026,24465951593.300972,462486023.8488789,48983330.52559112,10767962.258736912,523716945.541431,67305214.75599174,5693638.809355268,5982.281265529962,1164516.1109112815,4372163662.188314,2351420380.3296156,1132211.4937964748,3105096674.285214,1287929061.2718167,9366253398.492712,613570431.0838807,42134320.67644539,2466975.8948590998,125778588.08468623,12981159.445532046,7049071.831650701,318715644.4299495,119504539.06173736,170837805.76627338,2756440.1647651955
processing,1965,gas,refinery,kg,1330633259.224819,25028387262.112488,473117886.46609455,50109384.10089206,11015501.621006723,535756415.5538778,68852461.07222144,5824527.057846195,6119.804972783525,1191286.596219587,4472673171.663908,2405476021.256733,1158239.3442285776,3176478207.027403,1317536625.898755,9581569568.573002,627675498.4651192,43102925.74946711,2523687.9843960903,128670049.8797365,13279576.904050026,7211119.45996451,326042440.8536265,122251769.8447658,174765111.64595786,2819806.60533451
processing,1966,gas,refinery,kg,1360535130.218635,25590822930.924004,483749749.0833101,51235437.67619302,11263040.983276539,547795885.5663245,70399707.38845113,5955415.30633712,6257.328680037087,1218057.0815278923,4573182681.139502,2459531662.183851,1184267.1946606806,3247859739.769592,1347144190.5256934,9796885738.653296,641780565.846358,44071530.82248886,2580400.073933081,131561511.67478676,13577994.362568002,7373167.08827832,333369237.2773035,124999000.62779424,178692417.52564228,2883173.045903825
processing,1967,gas,refinery,kg,1387446814.1130693,26097015032.854366,493318425.43880427,52248885.89396387,11485826.409319371,558631408.5775265,71792229.07305788,6073214.7299789535,6381.100016565293,1242150.518305367,4663641239.667537,2508181739.0182567,1207692.2600495731,3312103119.237562,1373790998.6899378,9990670291.72556,654475126.4894726,44943275.38820841,2631440.954516373,134163827.290332,13846570.075234184,7519009.953760746,339963354.0586129,127471508.33251984,182226992.81735823,2940202.8424162087
processing,1968,gas,refinery,kg,1428822456.9107099,26566508566.883846,503809332.42474335,53497609.40028507,12490281.298899088,570299054.9014444,73812794.89707978,6443580.087569406,6621.226369060066,1291026.4662487758,4799456569.823129,2556062825.5875435,1245002.4398993622,3385506874.2643614,1405675605.9665396,10236463120.556316,664685595.6135767,45729693.19188183,2687410.6694938666,139005825.97384515,14196029.167670785,7690525.344511978,345119161.50902075,131803342.79783323,184936495.58101845,2963766.7868679906
processing,1969,gas,refinery,kg,1487022596.944143,27014702843.411057,517827492.57452947,54683545.34031161,13850196.962918999,591502174.4796762,75755042.36700791,7008320.961563245,6853.011189895685,1318811.18593822,5023509404.260904,2614258841.368424,1295442.274634003,3468328221.5997357,1441900794.5270543,10543395887.384438,684316268.5326805,46154250.22480305,2773566.4875529166,143633321.36249146,14535517.338768173,7857733.699633645,362640379.05340797,141524093.3562682,190334871.8545719,2984843.311737445
processing,1970,gas,refinery,kg,1553739355.5487392,27269485450.58366,528641613.7913257,55448651.44023342,15830615.352832459,624445538.2622486,78719946.56858689,7822186.985350694,7201.987932664821,1343378.6661369514,5328119950.699812,2683221050.7945004,1332158.4080163434,3580523881.8493876,1485307051.5878882,10954209216.020834,700749265.3465201,47362585.20203985,2867138.4277052535,147958189.35972086,14823931.588271525,8733383.947478993,388647031.57296,151525352.28748557,199082042.53781214,2989565.848415249
processing,1971,gas,refinery,kg,1617734792.1587963,27228224110.77442,547177396.3908548,56250910.30335579,18084844.075404074,655060825.6354868,82348579.43835248,9256541.452453472,8160.414388648099,1389415.0080698582,5680989981.439328,2757931539.0276723,1510911.2986831358,3685660305.887801,1526944593.9430578,11383494441.324482,731724128.5950922,49919929.80614406,2962028.8152964027,151760593.53919652,15355765.795988772,10308947.208282376,419350571.50283474,163299134.93567976,207309889.4196232,2972247.168946421
processing,1972,gas,refinery,kg,1694584570.937034,27231954837.099545,562117634.7010739,57803146.19237132,20990031.37663904,690258093.0010961,87234614.42779858,11382343.682539668,9332.986321104512,1460905.0187223924,6124919628.628465,2870344740.2676277,1854119.5172636162,3802636074.526862,1569866700.9759927,11870677349.116112,770543599.8042831,53202472.79687748,3036852.2836155305,154972825.39103502,16039303.273274867,12083689.252318395,455184792.88950217,179938321.71411458,216065107.0712405,2935844.516067542
processing,1973,gas,refinery,kg,1792300622.7160733,27212420922.431835,575984337.1237433,60186628.59919823,23988772.142778285,735277624.4268885,96876891.52799903,13905647.598056179,10050.908903438814,1527758.0656873023,6639700721.108898,3026107719.005298,2253750.299118747,3899172802.8801327,1611133286.8473194,12384137154.61606,819448910.9533911,57462813.47903138,3166284.237803348,158926432.0773019,16645459.845345035,17352803.154685806,497705352.80490667,203622469.67798793,226464145.5769802,2878158.1721026353
processing,1974,gas,refinery,kg,1869370814.7816107,27094552919.932392,606823815.702568,64488479.58313963,28320989.183015622,780306218.8122379,111566156.7702135,17348913.22316454,10631.990555092343,1593859.0784420492,7184832726.740589,3206127701.8340955,2757685.8146254853,3982598537.0013576,1653239025.5274448,12939325500.177124,875683733.9302433,63295419.6117465,3355792.8507973105,162551242.47593334,17509020.950498432,24542378.418255117,565085084.8710415,228263099.92232153,237838544.55836535,2812746.7098030522
processing,1975,gas,refinery,kg,1953279666.0911515,27074681880.55771,650593503.3724761,68522390.56245749,33416166.249209754,836579016.495915,134912333.2665691,21147653.726094667,11548.619751139508,1651575.2280426743,7836378812.450255,3373671012.8636594,3149366.518299376,4055200668.201028,1692151257.6070898,13556294609.728481,954102430.7231883,68984342.93483032,3560680.7665216243,165682108.3779843,18348822.539736025,36596625.63369648,654745030.38634,255024518.48233485,250904548.14186227,2725758.196393972
processing,1976,gas,refinery,kg,2040712938.7074792,27015292398.306553,698213793.2154324,72610514.13925733,39221565.60464167,899170799.192859,163714961.75186253,26874141.733421747,13495.281099897404,1726555.2515410758,8473871665.6838455,3532962175.874451,3587062.7705806824,4120717783.3732295,1746763942.1911042,14255268126.59636,1046613800.568264,73746267.1844509,3763517.671081858,172574110.5277861,19620306.518738903,49476369.20940922,763002429.9950145,286656474.0289078,269058658.2533576,2662931.8663678654
processing,1977,gas,refinery,kg,2125072957.5646138,26930702518.039364,763402389.551353,75791028.7185318,43683923.52929694,960518058.7841098,195814951.4326115,36784442.332271904,15458.31987026549,1827250.1145966644,9108782666.035889,3690370046.503747,3999184.8378319275,4181750945.430883,1801568315.3554537,15045290877.198174,1170807541.497929,81598648.71605805,3961026.6493825405,177279323.60461974,23004897.058550637,64127855.99877808,874281856.9272598,324919757.3320119,290309539.175928,2583498.6891798787
processing,1978,gas,refinery,kg,2194316837.4312015,26639615648.752415,830727656.4090405,85604047.13048989,48542837.28292668,1028870133.1936109,234832450.1275112,48784938.35075226,17385.822644674034,1874203.640852946,9690453861.51958,3864335012.2684426,4887342.093902478,4219462608.851982,1845746238.5880203,15832977356.179754,1319286429.015406,92510791.1023627,4063832.128440297,181285560.21811864,32535600.41729609,79854294.44339305,991404460.9012505,369192985.58375317,317026112.5354203,2514427.5219875188
processing,1979,gas,refinery,kg,2246380957.6317415,26247339675.537006,894841504.495648,97027493.63683219,54903826.87647247,1100445352.4687638,278722202.70494115,62644117.39985274,19050.089462057036,1886668.6755168152,10219939757.095116,4031956039.058124,5866843.522924111,4247626080.6175594,1881042781.8409104,16613868618.242716,1466805675.422778,105686462.67933302,4174684.260641784,185405350.5780352,44096413.02372357,100521365.75925861,1104663274.8921216,407901774.558656,340850836.67806476,2417051.4550307677
processing,1980,gas,refinery,kg,2303023750.690242,26235720945.94084,948873221.0765182,110110876.08363605,61412308.979651,1173440591.0675418,328727119.3891674,74716644.14016098,21692.08835214193,1910557.8957612864,10672346638.204329,4201804973.266871,6537786.129044815,4247788456.0338826,1904323096.6866689,17330519715.7998,1643182541.954593,121882549.38801983,4294797.498584162,189098474.34023505,61051335.21325087,124728314.54689768,1259219725.9140284,460627902.57121265,361676301.3374352,2320214.823117171
processing,1981,gas,refinery,kg,2368412020.9983807,26416622176.41294,992125768.2608885,124009262.3104152,69557417.86459298,1247379420.2158444,389108819.67336977,86969568.05164295,24334.86723570589,1899391.156117947,11110128976.918581,4345296474.20619,7113757.486045803,4263339755.8746533,1927032951.4151235,18078132192.675457,1833230260.2834089,141102463.70994622,4415088.296540742,214591065.06739217,86535982.62975134,155776259.96939978,1425764683.0170653,514881973.5595546,387386261.53256506,2232384.126799049
processing,1982,gas,refinery,kg,2420854120.4708257,26406340357.923725,1026882059.4372247,137449947.50161162,78573732.51839809,1327573993.3020468,454419024.6435191,98559670.25661382,26193.042542118234,1850763.145644373,11487690074.0818,4454361615.404735,9672531.567218322,4294691354.847781,1947734507.008748,18821635660.6224,2074026663.6054533,168394745.29141188,4923521.094232011,243783736.06371635,116409121.90366746,188635475.28213683,1590164846.6233358,568175968.988324,414843839.11917114,2137949.2961225966
processing,1983,gas,refinery,kg,2452802852.662135,26462509313.250576,1070943690.8321552,150761991.0769,90043609.2443215,1402763438.909057,523091434.18231136,110610232.06919427,28218.567301460203,1780499.0131899095,11880447606.460732,4533579659.81801,13693855.594730768,4365860479.6538105,1970563506.9192345,19573484055.195263,2345103299.333249,198797361.6607043,17203558.31138487,274373610.1736888,155772061.64855352,218639201.89578474,1757651183.9550583,618376319.3828017,453242782.0823047,2521060.4384381524
processing,1984,gas,refinery,kg,2519428786.91372,26661753104.356743,1092496953.2422495,164427486.0619729,101066079.25311902,1480148037.5460253,588969857.6067514,123632067.58722387,31504.76567034772,1723480.60046177,12281709386.978338,4576237229.128116,19427733.384503078,4545849728.278782,2019575090.4484944,20525233454.17688,2640027470.518847,234444878.78861377,32454062.240175027,305838618.91925955,200207758.11817145,250635510.71373925,1912871046.1115549,669070010.6733884,494597476.47861826,2889625.6520900335
processing,1985,gas,refinery,kg,2589780358.395096,26663279367.778847,1100410239.997812,178320939.15045735,112218961.01284948,1557353424.9997106,652342084.7507793,135920290.78445682,33690.804592464156,1664940.4791118943,12646161746.176191,4634555286.911894,34814103.12699216,4782226373.025579,2086332061.5232182,21523370352.186157,2970133518.018996,279611124.40198815,46367634.55576066,341009968.04217726,245214461.72653717,274022694.38689715,2064093561.1564548,721470355.9095572,540768621.4306929,3259445.2748106006
processing,1986,gas,refinery,kg,2646808290.269996,26653849858.26615,1109866796.05017,192430292.85938892,121553441.53177454,1632241545.0030625,723124777.2058942,146594942.5566078,35604.69333395857,1601472.5366177927,13067480619.048365,4644959370.589219,51455353.64094389,4941027731.59052,2327631202.3829813,22896224408.819473,3256773026.833488,333106204.5685943,60829777.98839864,374237815.53233397,290745790.2294361,300240829.45240694,2231505778.8979917,774711848.4842346,583447572.2249919,5635338.029048673
processing,1987,gas,refinery,kg,2707319016.9349375,26947462760.00518,1115515963.919603,209128993.4780265,133713796.57330287,1725565045.9223776,796863001.4524517,151588001.33302104,36409.43912933823,1483357.1222518936,13549156536.324104,4610281030.028287,73030486.21759032,5180957154.718206,2570586633.8310814,24208679597.624214,3549806872.234527,390992249.49339414,76337220.50566053,411364080.4697591,350669357.571062,327392774.186379,2421480074.791438,822338741.8307607,625606608.436773,8321377.78726517
processing,1988,gas,refinery,kg,2777845150.1270275,27377800684.432213,1114470341.624287,219600541.09400856,145574779.22753975,1817327173.049508,873076935.6487325,154287990.7741777,37240.581858496305,1405277.2450888373,14049949700.212553,4477695190.37392,95750582.14191222,5417137304.862617,2802928884.2592926,25427889630.68601,3854285346.742803,456603385.2986179,94228128.13276634,442897280.35904914,416508357.62153023,355363309.73427993,2607847525.3255076,864649776.2163433,668900099.804027,11040029.443401452
processing,1989,gas,refinery,kg,2860445192.032531,27944721840.869232,1099823317.140025,227854856.12338707,157164687.64889902,1909209150.0570219,956392568.8581494,156531079.29809818,37886.165929059694,1394557.7347312763,14553025015.300241,4324241683.068474,121890915.41220678,5562701156.977724,3047405028.9315495,26171788031.347878,4187138784.846076,518112579.9000197,113596607.69057792,470238215.2851354,503244034.2520778,386411856.1266635,2794470033.5261903,907870448.4863802,718158356.6514122,13786464.410648733
processing,1990,gas,refinery,kg,2941962346.717236,28325779221.77049,1103654075.5339856,236740401.21870562,168569122.6211704,1994642567.7019107,1035471780.4794856,159085851.32125065,37473.99543383606,1363153.7533022915,15097624220.98484,4157114547.98247,150986353.28254533,5610445399.793929,3273353743.240779,26573289363.48465,4566069335.653017,581507827.9893892,138240880.8262863,506358375.32003963,596730868.8555324,438278838.0374384,2953398376.525274,940293428.4021682,766917735.8568455,16463139.515560223
processing,1991,gas,refinery,kg,3024965076.8824534,28594345787.755814,1112065829.3802593,246978335.972357,178563335.38237405,2099131798.6570518,1112755593.6955237,161251633.95738536,36199.73195497832,1349602.804051549,15683763421.509306,4014148802.5668783,187029198.49444202,5627488865.58324,3412269585.339045,26743332052.821392,4945802280.968317,657329305.741357,166719032.3620382,515524167.5335089,693321173.6190478,490577260.06517017,3106579107.3489647,975127983.9733326,818220229.8427948,19305818.99019123
processing,1992,gas,refinery,kg,3114280012.4776473,28999438409.496555,1139121351.2647007,262338205.91714647,190893671.15380082,2208203004.88557,1187734195.2663114,165413256.92979065,38270.88773692078,1347027.2349288368,16292869342.412777,3888555326.451901,227849190.33087078,5610473464.247842,3528187152.520783,26789729615.191532,5287566549.5669565,725958040.084322,206766939.58885384,557146213.5406706,809112292.1137781,548836485.8521636,3277521436.2188416,1005536249.9516602,872855091.7208335,21962285.608871877
processing,1993,gas,refinery,kg,3215997719.3233967,29412841965.7355,1156097263.8319404,278581951.422396,203127979.7675454,2321752619.4801455,1262610814.6639404,177950704.58566478,39422.60513222483,1358519.3886815424,16949225869.671293,3724434241.876382,277377473.9393644,5551017738.2797165,3630003964.2311273,26717299589.92213,5634618052.3019085,813942725.1156795,248768003.27918866,605964380.813271,934448374.5446389,614435666.1959664,3450022594.7238665,1037013268.2349548,910147006.4473847,24420524.16303928
processing,1994,gas,refinery,kg,3295537298.1854625,29761531539.213997,1193334525.4950876,299745437.29793304,214126418.7654205,2450951342.9418745,1339244979.3738396,189820112.59737012,39073.00282950665,1349079.2913070181,17561475591.951267,3538307264.660392,326052033.60416216,5368705906.399772,3734791298.6874466,26323502167.026672,6009655508.604902,904161256.335803,282859455.64192134,665722996.6296573,1071870484.446165,666148946.85591,3617026931.03622,1064544168.7131519,952681111.3827579,26985783.311776657
processing,1995,gas,refinery,kg,3368582723.2558455,30140267062.379505,1226046805.246861,326256337.2300299,225129608.90900895,2566591991.7258525,1442466654.00649,202868033.42525762,39752.18334559108,1347218.19195548,18173427034.315712,3334102738.0265307,377587144.2844706,5144968358.205769,3830419100.7376704,25762364199.76064,6353840846.597227,985204117.4342396,334734415.70691776,724153177.369678,1222473217.5555744,740971616.6424665,3785129998.662781,1098234621.3893876,1004993923.1329825,29497945.829972982
processing,1996,gas,refinery,kg,3483553110.9524775,30739060123.957947,1261955800.5471635,356252675.45247006,245361747.7420799,2687770484.2467985,1532061059.8965416,220714152.206882,40633.98980113558,1321990.210817925,18745328704.117844,3179438443.033388,449147572.76180434,5002932367.043724,3757678492.605922,24819024398.171795,6757222067.238555,1058361335.3993168,407200218.74018157,792550307.228577,1404007084.0713828,811802032.0800381,3927138203.9657936,1130833405.0304987,1062718448.8602943,29917649.57127928
processing,1997,gas,refinery,kg,3583786128.6220336,30961677648.35068,1279811139.3972569,392283437.41702247,274734641.5465446,2805755308.368917,1655455316.9189146,238744892.19468808,42800.28405610579,1313196.1970784205,19279307977.80285,3067283013.894288,521956126.06648797,4781367214.156847,3681490221.4608607,23845120254.001137,7179507643.734733,1122488889.060354,491388437.1860718,866511112.0765333,1598798734.4372885,877823088.8479302,4040290446.424076,1168561880.168276,1134296411.1493888,30120359.97896528
processing,1998,gas,refinery,kg,3675075710.1001997,31192538219.48619,1325459453.1907883,430580028.9008246,318151417.50869477,2915739178.534293,1786195933.9273298,260081876.59594893,44200.98580157859,1344643.1208081911,19819295499.585182,3039868800.0336514,603305915.4803038,4559429411.30749,3633535173.091124,22861305213.245937,7627033914.076831,1187633192.696898,584213361.7720652,959313284.8272393,1827153427.5252874,955808574.2646296,4159889784.8642473,1217968756.8399928,1210391000.4713473,30318728.984634794
processing,1999,gas,refinery,kg,3772925299.5389996,31252061627.66473,1409113574.7648678,475186137.1828546,362526322.8295202,3037754711.4788685,1916876395.886766,295194607.38419616,45904.77647613182,1306139.8748586148,20414179928.067596,3039201388.771092,701968151.5882819,4453154645.466426,3589939055.803435,22251797109.260292,8098905377.332378,1268964529.8617377,677581637.3715267,1068579198.3901998,2052949353.0023766,1023857902.0597373,4285000617.7796464,1247972103.06026,1313391388.6862361,30583673.3030095
processing,2000,gas,refinery,kg,3853310709.531499,31253962709.983482,1493743529.4265966,524047999.63452,423759355.3332457,3179785653.5996776,2048853508.3457677,338124962.7405909,48044.41110821925,1273985.3000835993,21009744864.954456,3036487528.2214823,807604936.2083905,4435922658.564784,3573894163.569844,21909834826.34498,8582227522.979814,1356025352.3349364,799975459.513865,1212665664.7150745,2287435301.087743,1072120587.3927655,4381836329.557629,1275566907.8395112,1433916822.1913366,31726560.259079613
processing,2001,gas,refinery,kg,3888136092.3008623,31415821827.140545,1573346631.9824278,579371430.422719,489464446.5696526,3316284337.1279054,2216043511.4015503,380626163.47855586,49913.33639164992,1210416.0323787415,21575156766.095737,3032453647.765439,932464472.1863191,4440258380.696959,3651567103.4170117,21700663376.602932,9131243307.886074,1431945692.8168962,932859505.2612543,1387318944.9822967,2540751125.6464987,1112470862.574507,4458796505.422442,1293182082.1345584,1562525161.4226696,34267044.314284995
processing,2002,gas,refinery,kg,3919821337.799015,31574659480.805893,1675984594.280381,639987747.6807823,554790837.0357634,3435729455.6585145,2400218446.027877,420276755.5491344,48503.423109273535,1159974.4327240973,22089739623.470695,3018039803.487332,1064496754.0214005,4406025194.333887,3765349265.352917,21556972298.207645,9765256931.023825,1519821221.4302714,1070991243.9451258,1608228210.9870272,2794492870.8225284,1180358441.7046607,4558644181.368089,1309209397.8567433,1687978641.9527805,38269627.48574162
processing,2003,gas,refinery,kg,3939274693.7777834,31746044369.450012,1783680289.9894526,700845604.5868356,620867242.1277088,3506700106.4861655,2605012897.4095984,452334310.8824772,49763.09540096398,1117687.968305197,22465278860.513832,3030067561.3937187,1213539621.0373287,4394756096.006526,3911820579.737288,21475030014.66893,10444889446.550255,1606856469.7930906,1212139789.995342,1864077479.9138455,3054352623.4989905,1205391157.672237,4685489508.095298,1337242717.6494088,1828575002.671155,42621339.344472714
processing,2004,gas,refinery,kg,3955272600.8009496,31869512690.71081,1894466682.2844465,750072038.9258248,704464032.1304514,3574286947.5514464,2820675134.563076,478965142.1780834,50925.59466171391,1073780.7060426164,22903591547.187176,3068921211.535344,1363889640.4878292,4387932641.416483,3986636054.8000255,21500279600.34723,11242078838.740402,1679255259.34491,1360596924.9635785,2152485241.749497,3326759269.18072,1243752760.5468261,4799293866.576979,1370776001.181238,1966120493.8042939,46857904.628302075
processing,2005,gas,refinery,kg,3951987139.3431125,31949844120.52899,2008110807.9888518,797414093.889539,759378832.3444685,3651267374.393213,3008702024.6785593,500975293.12491316,56001.4322945309,1025585.3855203245,23148266863.2112,3078774721.1736245,1500272018.6684186,4294386836.6828194,4030771509.0225277,21474981277.34003,12054654846.753143,1813132855.6939504,1482217021.7848523,2489080479.4717555,3570276718.4268646,1298073863.6025493,4897623456.961512,1397960011.8609586,2096044554.1240509,51712028.77967864
processing,2006,gas,refinery,kg,3919851350.2664165,31963780188.44388,2123156872.0047858,849157144.0699327,854758327.6514941,3728420388.2821207,3198040201.932279,523804310.8905868,69219.47974297461,1050870.161534773,23512341455.437164,3106676862.233296,1627437433.4444008,4227755565.2314844,4068956012.027288,21529988533.407276,13003011343.259157,1959160624.1978374,1627586696.906092,2988008017.749789,3822383760.75626,1353926896.528505,5019246182.603829,1425041215.9357882,2222400489.1198583,57427215.65246106
processing,2007,gas,refinery,kg,3925900141.072819,32100030931.2856,2262260818.1745176,892001096.5668653,924365324.1642201,3808147112.0602584,3374550580.712025,562998912.5143292,77951.35753602478,1094066.41978214,23712924866.083836,3136519593.840714,1774905505.5599291,4165171733.773945,4115135953.6916833,21675392034.99789,13909730311.24167,2126561521.4424083,1774156933.4483764,3543163047.7446876,4009044887.034482,1416524078.5694163,5241802180.039141,1446642837.394751,2330187940.204687,63403117.960289046
processing,2008,gas,refinery,kg,3919424003.520562,32486829995.09619,2388359048.8382087,933820477.3123322,1004777530.7613627,3914359388.790573,3556380740.0731034,604947561.4011838,89937.83026227586,7276834.145659503,23770094225.732388,3154756261.638814,1932423205.4856772,4104069889.8301315,4129148406.670179,21884815567.367603,14824673403.280443,2258114690.5499945,1930528664.3556142,4159869130.73117,4187834141.722788,1479669928.613363,5486785269.8102865,1460728073.09157,2427970955.703494,70339135.11638118
processing,2009,gas,refinery,kg,3886512034.162605,32934523630.87001,2480873546.586284,970985036.3119551,1118573607.1942148,4006145540.008464,3725249614.526028,632255287.4137175,103295.16155977894,13342497.991964387,23677134542.74561,3152921008.4086604,2068710872.8973567,3990660353.072285,4129390394.9145384,22135148182.19088,15719137560.740072,2349998938.8507333,2096077917.3612201,4828926136.58906,4393140579.637218,1554452613.7133095,5725546294.165333,1499355888.9292948,2496163529.488483,75481148.84555309
processing,2010,gas,refinery,kg,3868711982.096934,33422065685.50671,2564954631.640354,1002430288.4573333,1230152246.2980053,4072419726.8520646,3890937736.012494,662453456.7720413,125997.50942396662,19447039.98686786,23447514924.71771,3135764878.3778367,2215771401.3874474,3857076870.4278574,4106408475.9451523,22379168586.43751,16693698682.91412,2428755392.042916,2220438360.2850547,5532706674.283165,4593754230.153559,1632647868.4888213,5975969862.336717,1542287416.0195665,2549390708.4405737,79189398.61678056
processing,2011,gas,refinery,kg,3893515044.226179,34118768605.442932,2667118861.7939086,1023962263.1522912,1330988647.6840835,4136544174.982023,4052023319.577923,699839242.6868771,159440.87973301936,27410972.678278405,23206871845.43293,3119479929.508374,2326860187.4898005,3692301716.413864,4076610606.2263227,22568473740.423588,17712927350.864075,2519223332.2470174,2312029954.6207147,6298406757.164166,4759337654.439149,1713349652.34129,6198552684.361675,1588870223.5358577,2607773686.1381283,86661794.52713051
processing,2012,gas,refinery,kg,3925441250.5652747,34842584945.98157,2752933724.9642634,1026670178.7578076,1393007475.2955892,4203308295.581468,4215343136.5078406,737911092.2612451,318315.2926959714,35711256.399266206,23069714329.01033,3093749098.291575,2411907668.541931,3553817544.277881,4007287712.812991,22773166283.840656,18747880905.60285,2604632042.42138,2397307534.1512537,7077837858.310317,4912573614.780942,1747893511.291021,6390270815.411624,1638481525.5987613,2684372140.4411707,96362738.76456432
processing,2013,gas,refinery,kg,3952242439.602703,35370322899.925606,2849233023.49229,1019655020.0509284,1464329693.1821995,4310637556.684456,4408746369.896098,772371531.4846668,482672.1482937688,44262028.88061392,23004960379.16335,3078527400.9821725,2502939103.6536126,3405870158.6987576,3919909053.8935323,23045557492.53195,19815468031.84148,2674015139.455361,2460408734.79935,7875752667.4351635,5058808548.069985,1814822031.9898252,6524360153.492937,1666522388.2662802,2765375272.6681714,103762267.84541579
processing,2014,gas,refinery,kg,3999627900.37604,36226358922.258484,2896994679.493639,1018541106.1958989,1504965436.4688919,4399091142.860724,4610028847.6356945,818142479.709005,755087.2974628957,52971070.42471484,22861233837.01523,3067361261.247215,2580062148.821789,3289136325.9367185,3867992208.4826856,23367594371.82823,20644807271.39028,2759386016.8016973,2545493796.8144875,8897084995.666742,5187426221.988314,1888045701.9027429,6640984250.306197,1690907054.3470533,2830015827.832915,113584532.9017844
processing,2015,gas,refinery,kg,4058611779.4239163,37267017376.19449,2934486645.786163,1022607933.2342446,1573442366.4245458,4434240971.040193,4796132033.096449,871325725.8050848,1071352.1697839168,63314671.91277054,22902843443.743996,3100598998.5479,2625607712.7846003,3249868159.690265,3840689045.061765,23849268232.04547,21562333164.744846,2798910843.7970166,2635904186.022318,9997002013.510098,5347898238.014491,1933629169.7181826,6727796307.339495,1707957441.7602508,2881899893.3813057,125331512.97809607
processing,2016,gas,refinery,kg,4108600055.4538116,38080629899.47515,2939576426.4960117,1005235399.6715753,1575895747.3983164,4409373829.84997,4959805372.271981,929653850.0024147,1370587.7522150115,73021398.05532372,22693306221.981018,3100575237.029332,2677134299.603143,3186340652.405565,3858843440.330784,24125571826.07476,22404789258.874664,2823861669.150582,2683405069.9723883,11148962411.916922,5406265117.725508,1950743572.8737977,6766387638.615134,1721475867.452558,2955766827.8424106,134350490.54012504
processing,2017,gas,refinery,kg,4157343015.2890816,38852214145.91855,2982077230.5946593,997790687.2797488,1638872557.9281275,4389547422.372172,5142538577.724219,983589203.2632263,1695070.569584218,83670746.20892666,22734248159.631374,3125594371.0391965,2769123522.558364,3120198138.696665,3836926174.423236,24481203121.17526,23287503980.533504,2843165079.5573545,2750785351.162811,12422771021.904936,5497269559.645946,1970179328.9730382,6680972358.237745,1723857853.0564504,3051501940.3298025,144259174.19935304
processing,2018,gas,refinery,kg,4223117555.168544,39450932543.83268,3021672502.273947,991923314.729259,1668127972.8151116,4333709272.610319,5316295692.6575,1034070077.9431607,3658691.172434687,88489402.2023228,22769363354.44059,3158182251.5545597,2837569998.6555815,3044916231.489946,3828099495.1512685,24724516187.924473,24125252130.395016,2879643057.286426,2798301949.865721,13613408735.989279,5559119428.222539,1987966592.5470378,6570252763.971846,1718660265.127394,3159691161.734106,154320633.73639888
processing,2019,gas,refinery,kg,4295015534.078714,40081271998.33483,3075548855.161222,980376402.9253227,1654927247.0736182,4250703829.1869826,5502178026.568128,1084522106.6608276,5519600.890001294,93115688.62949577,22798230607.99997,3188730528.8150887,2915635247.7363014,2977739472.675805,3856062796.146666,24918045208.043457,24903268325.911304,2942569793.318898,2837013849.7950068,14904211431.586819,5571425098.522968,2023736030.8020153,6448669291.637669,1704109855.969551,3270807214.0905557,169755090.62814954
processing,2020,gas,refinery,kg,4356625089.074146,40598728711.18137,3134688351.1026306,968949566.960751,1619334832.5821207,4151081724.804262,5703884899.877477,1125561480.517216,7482490.555698455,97526556.41064084,22851078530.036137,3228609991.730445,2980617664.8738103,2916785575.241994,3917773661.514367,25078399298.213448,25450066210.288467,3011354300.0008245,2880740945.4173408,16244230385.62166,5572357805.088939,2074677992.9217994,6313349958.185455,1678955207.43605,3389958675.7315054,188381270.59951794
processing,2021,gas,refinery,kg,4409200879.801876,40758921471.03012,3168803958.59138,957579528.5236062,1583892294.779959,4027100395.0275965,5884421652.848908,1170959379.0475597,9731567.06543273,100068984.1074186,22803574418.16081,3257785118.9144554,3059565072.4260197,2874263233.644374,4003984488.4379,25258750943.449913,25799779362.565517,3070943429.348788,2937097781.9167204,17570351408.544666,5583739996.706286,2148890566.792267,6200190995.551073,1649201806.0202446,3497227087.4036446,203344141.38786417
processing,2022,gas,refinery,kg,4442015698.420394,40717855887.919876,3185250578.507526,952610044.5786308,1577030366.3406916,3887604556.0522923,6092157144.413262,1239203195.156399,12871959.84289863,102087485.0067445,22529473846.932762,3270145476.1599503,3149042930.9142475,2830722639.8877935,4136760498.7274804,25362526163.95193,26002145049.54644,3131648636.934371,2974202463.1842613,18858398482.088425,5588160838.369608,2250647086.013362,6035632761.598083,1613247016.5057683,3592808072.8772063,217080408.9607155
processing,2023,gas,refinery,kg,4474188290.670034,40617224536.344376,3184870253.9637666,955492595.5050684,1551642402.8090892,3736790536.085752,6288312287.266798,1334746435.391131,17243779.22898957,104099111.2588696,22030753075.39344,3247520744.409972,3201625443.9933486,2777851906.536468,4276941292.037776,25370511451.132423,26152612800.516422,3200817227.961191,3016510111.72554,20157458281.2632,5579316158.0718,2364646274.8854446,5858316810.2269745,1577076336.6821446,3682487054.793019,234790711.72013128
processing,2024,gas,refinery,kg,4490727422.650664,40088651910.40856,3211751138.52213,957856076.70173,1532118304.1340163,3579650644.388862,6480730820.937613,1456116974.6980598,22600422.234190557,106337208.91035824,21378085868.880066,3201104185.209148,3259550965.1573896,2700455693.328105,4394268086.145586,25222311012.618053,26353016531.08409,3275427661.898359,3012607110.916799,21151764606.641033,5541074028.817843,2475975610.0745573,5672136415.946377,1536652246.4938185,3794102209.9495816,249878883.37292662
processing,2025,gas,refinery,kg,4501068749.960471,39350923660.73197,3253251464.3284454,953453341.5802612,1502809538.7219214,3459076918.3973813,6714205760.535773,1608820246.1508245,32172853.642970096,107525529.16839384,20485613891.515648,3123633624.5348363,3341653198.2630677,2612643411.141456,4524046565.106196,24921329177.28951,26385552747.91425,3350878245.167738,3002442978.8511686,21964615678.919113,5482662292.801667,2593509976.5940986,5459271242.694581,1495366197.4338057,3922452733.88344,263013538.19257388
processing,2026,gas,refinery,kg,4504785124.482781,38609270964.82476,3322865750.776637,967004973.6650585,1479504280.7977514,3380758180.5182247,6980920480.999199,1786134712.8482933,50107367.32610849,109902007.80489795,19537935937.226418,3039141077.552933,3398140329.5553713,2508239054.014108,4550505984.24795,24512634548.01061,26307418765.360077,3445231614.0559025,2970720027.9049997,22519097646.611,5489569912.737725,2754039667.4197645,5249988241.581276,1449362860.5129907,4040027562.305275,278561440.04662114
processing,2027,gas,refinery,kg,4482685853.931506,37889815860.11002,3345770936.3736773,978840428.2860614,1401419771.2458477,3273308839.086994,7246545810.30214,1986694735.8720784,77793899.9989436,111790209.13583656,18309186743.30149,2911554317.38266,3383812371.088301,2401050129.173162,4603768251.10143,23833202086.489346,26190783231.414146,3540787388.468198,2881850141.499576,22877808199.057842,5503309224.892252,2926101245.812147,5046696267.962002,1412515609.2328694,4156917539.2352805,291864363.0723803
processing,2028,gas,refinery,kg,4442715137.392182,37133081115.27125,3365175594.7719,984545110.8784525,1324227759.0376105,3163514915.843865,7537013611.834432,2238099302.880553,114788026.84375483,113551341.45061593,17040669214.261759,2755128315.5144143,3365311645.0115767,2294795147.007764,4650291392.148281,23099972848.914345,26097835637.98051,3645715507.8794465,2769385786.837512,23260961045.460068,5511729160.295918,3085379979.750612,4817653580.007006,1373572531.1010644,4264243178.311823,306375890.82712245
processing,2029,gas,refinery,kg,4391961424.748553,36422415062.384636,3384476234.1487837,996445223.1165614,1247922681.0119004,3061593515.1328287,7824395892.458637,2530179946.435296,162144138.43004978,116040154.90306672,15695877582.145105,2587037866.029429,3319512783.6468344,2181413002.050526,4648193406.388776,22296464280.133663,26082259673.027267,3750644223.93416,2635854380.6635003,23498537808.04954,5522407714.01231,3209045704.129203,4571732068.206869,1334716095.9648101,4356216655.503925,318657343.2619218
processing,2030,gas,refinery,kg,4321468579.234125,35794693529.25026,3402939809.3469534,1008979541.130232,1179578321.6686234,2965844801.1450424,8080513018.950123,2860700436.299182,215770153.84551093,119351455.3149204,14303274138.228506,2406247420.927612,3245187752.020833,2056802995.4708931,4615467793.020727,21488783469.185875,26172687194.138798,3849555649.1170735,2488814556.909482,23595314352.625,5520924459.253214,3301717595.3037863,4318344033.517412,1298294302.6120296,4427742813.058584,329323274.0231295
processing,2031,gas,refinery,kg,4233420753.073633,35291327485.372635,3432489344.6592493,1026206058.0978117,1121786047.9271505,2873932587.3911653,8272933039.182649,3211142336.5074463,271692123.88096815,123625786.08599909,12884748942.654833,2215211628.0348325,3150058912.428026,1912478842.7674618,4559722963.269475,20686427705.58075,26334849760.282555,3937598598.633592,2337764099.8729463,23604158610.499203,5501991418.439964,3385806896.17873,4064918079.9540873,1265097252.7967992,4484918909.678255,339710559.151204
processing,2032,gas,refinery,kg,4131571085.683994,34869181584.91764,3466630643.4576364,1041191480.0919784,1079376046.9572558,2789953844.8220954,8422899484.043113,3574141115.1328754,326732049.5368952,129280504.94355072,11517336721.211863,2024550047.037574,3043258459.304824,1775070616.9123046,4477690336.423532,19918161502.536125,26537710275.901814,4014180642.7243214,2192125863.7827215,23534175469.983887,5468332054.443312,3476389369.864877,3836587504.542059,1236178769.2397478,4536107545.235096,350253983.6399362
processing,2033,gas,refinery,kg,4013344292.617518,34529873803.30635,3502297221.699712,1055462174.0873837,1054066086.7996078,2708138506.6014047,8536374670.713168,3943691437.4515395,377245994.0668105,136160993.6153498,10253167287.911652,1846980418.7139218,2928703952.802131,1649287179.888797,4382616201.559268,19164078484.626156,26665552653.36813,4071791289.31684,2050983261.8113146,23363042597.543255,5418049536.133443,3586659175.1179605,3629500062.259982,1211536569.3103414,4581805269.918251,361324353.60364074
processing,2034,gas,refinery,kg,3879946567.679034,34231924255.553722,3536079600.371326,1066048522.681825,1050967909.6498986,2626684900.3209004,8624839709.092205,4308756601.999417,423141844.96933657,144293380.69068736,9116142874.416372,1687518041.835016,2815415115.954025,1535476835.7689703,4316099432.996261,18445080215.772964,26775501326.62716,4105457896.567751,1943455102.8697293,23213840574.19043,5371264152.0847,3728878054.027471,3443135923.7943516,1191895644.8177164,4626512703.409912,375990569.2293963
processing,2035,gas,refinery,kg,3736908945.519358,33960935539.374626,3558427967.2161555,1071706362.8895439,1071729054.8822671,2545011024.267907,8669875105.756535,4667035254.347541,461138605.39648545,153928543.3056236,8113733789.181984,1548993435.6328816,2709583893.3075275,1433157565.4059293,4232826208.484403,17804713514.62697,26886821613.427017,4110865526.944362,1863547771.4463098,23157782175.705757,5316264121.565601,3888808116.7945414,3298984816.3522644,1176241181.0381553,4667241170.7458725,393467942.01521933
processing,2036,gas,refinery,kg,3591181961.427867,33727178649.17408,3565149542.482749,1066906625.1118981,1111609583.3805423,2459638251.650161,8673477888.913507,5021083178.286372,486731768.33036333,165549111.73098737,7253067014.545315,1430665447.39906,2610318553.7029676,1342982236.0635703,4179923567.727192,17324562688.298237,26997827021.632908,4087430919.2213645,1812430676.926109,23215518886.24136,5246799708.412668,4072179692.9095993,3159907536.9142494,1163067603.0780675,4698985163.512292,412433130.8375356
processing,2037,gas,refinery,kg,3439939870.011834,33492049384.113735,3554738423.5608177,1049986013.3627561,1168493186.533207,2372172301.763752,8613224766.735342,5380060111.236275,501057282.318746,179858666.64877498,6555147419.295085,1331441010.6351726,2513222530.5727863,1259038658.486418,4125710654.6901593,16990416392.949871,27069380286.38392,4039365857.4974933,1791386374.3742318,23355533626.359207,5169731598.379669,4238392008.5014167,3034069083.467174,1150023402.3187065,4720542888.534683,434758010.0878254
processing,2038,gas,refinery,kg,3294106470.5368295,33215593974.66397,3523153829.7998676,1029794836.0093912,1238802827.0345533,2285675195.1767178,8498880123.158022,5725651226.874478,504665269.46380156,197432174.66022637,6030032795.544251,1259529449.1896896,2424611233.6297164,1194036982.0221176,4070228980.459959,16841093599.837381,27061090253.272717,3977044895.1489825,1794815851.6394234,23563007967.457153,5089106211.770715,4386883658.498748,2913971958.1793213,1138338936.9028075,4745049650.296484,456585957.577357
processing,2039,gas,refinery,kg,3156538843.556421,32843861378.250362,3467281865.6631107,1002642941.9694463,1318247201.539176,2197287541.6576643,8372625847.55893,6064832975.567432,500317112.22161585,218955517.30468696,5655416925.258318,1210220036.5141284,2354741801.164329,1149260388.6641572,4013939006.081762,16835935064.866364,26961519823.940086,3905269847.839896,1818537485.2902374,23832177947.99075,5009909787.267418,4496789991.454754,2798541035.0520983,1129032466.5275903,4783295835.25537,479017291.5388636
processing,2040,gas,refinery,kg,3034838645.295406,32363420101.3734,3389955896.724283,970752711.6766381,1397496506.7278697,2107979751.1852002,8268804587.675231,6393463887.279571,493348024.8700888,244435328.63607556,5403702944.0262,1182874882.6926248,2307309135.8038826,1130181792.556203,3967691091.098595,16904478283.733154,26779291334.35614,3834770810.402474,1862980301.880329,24191256921.38373,4941446357.051677,4555891314.132193,2683864229.135955,1122617558.5679808,4838035371.824049,502344052.2002126
processing,2041,gas,refinery,kg,2930165024.1965165,31785904072.38046,3292940742.048072,933174700.9124284,1470136224.6869802,2023056344.6722028,8218770259.702569,6708807691.698739,488247423.66262406,273816277.0473754,5253737381.893123,1175676343.7022414,2277522623.170962,1136527905.9980586,3919098290.2611713,17011616875.295908,26526355379.750515,3775809271.1224675,1921849537.825368,24632617110.467545,4887718607.517791,4539085899.692511,2566747578.8328733,1118761930.8031974,4905557807.191926,526161431.6532862
processing,2042,gas,refinery,kg,2843145661.3433013,31091804148.477467,3175176981.9932213,897045702.9683853,1530453719.4839542,1941154713.953898,8172050828.343846,7005183345.072956,487919197.17311597,306901661.3834568,5181849741.350446,1186754959.8971891,2261034661.123592,1146784051.9468834,3873044945.026904,17131148769.850126,26186403898.45648,3735403348.554994,1985173704.2824671,25148537414.5245,4843956389.14148,4465374853.177377,2459949821.662553,1116644032.9747655,4979450975.887796,550472866.7474674
processing,2043,gas,refinery,kg,2772487557.95732,30297549661.845448,3035448413.693687,858475503.7369647,1573525760.0746343,1866046063.0411735,8123044873.563539,7271138128.37767,495453395.80735177,342998620.527525,5170485781.263829,1211434322.3930461,2255770745.731645,1155263418.041066,3828363033.7773514,17287272397.790016,25768463215.733063,3733032925.292527,2051944169.017604,25732327386.69436,4810301933.7666235,4328437535.779892,2363294577.8541346,1116164410.968479,5059633874.856261,573794723.5518408
processing,2044,gas,refinery,kg,2715825725.624374,29420656140.710636,2885208194.5092206,819127851.5237987,1595684158.7218058,1800566165.155615,8069824842.672604,7497221620.70935,511038066.5248754,381446679.15443194,5209781490.703319,1253024621.0882535,2256130665.5096054,1159577276.5428412,3778438796.6000795,17472390118.899433,25301925299.798195,3827472462.4834394,2110928848.114878,26370194600.932068,4792816804.972814,4121091848.942571,2277349819.368721,1116726341.4983501,5137888138.920269,596043924.6291518
processing,2045,gas,refinery,kg,2671274895.160308,28477335193.93663,2730302895.8452144,778168571.3349915,1597375813.410638,1744533255.877399,8004167191.804991,7665258039.1805935,534142697.509579,421123763.1896484,5291104255.933307,1314910854.1202004,2261359208.823722,1161399006.1010797,3724555931.2811174,17647968169.30401,24792718983.360195,4065203995.548794,2157460644.6173377,27018018316.049625,4796938096.905017,3854531479.5016603,2215010577.104165,1117848928.2433238,5209825304.247992,617171051.8188218
processing,2046,gas,refinery,kg,2634373777.9248853,27456641317.7978,2585340522.407809,737872587.8542814,1585500041.729743,1696459310.877484,7935829798.769667,7761229241.815789,564937441.1134083,460870125.3926154,5401636764.025907,1391649259.9195879,2271819202.9971886,1159854081.5074859,3673391159.1629357,17812332412.18648,24232623477.56389,4462577626.705348,2199964508.4915886,27624315746.372913,4820639298.625279,3518846607.73229,2187987903.6615186,1120414647.0794978,5275960849.080168,639639405.8032651
processing,2047,gas,refinery,kg,2601482942.068619,26324545619.68015,2451236066.9730363,698670168.6873441,1560679229.0030785,1653372688.8163838,7856657365.406706,7778181499.175303,600269896.2008379,500799136.7146111,5520300161.727311,1475700109.94342,2287570815.623984,1157661532.495415,3627277158.8488164,17929098193.52774,23637121379.552055,5025640927.385408,2245498495.070232,28222921610.706547,4854404493.066495,3155845637.1341305,2193336467.3644867,1128041538.7961493,5335275704.353106,661619184.9288722
processing,2048,gas,refinery,kg,2569807237.5262294,25173002669.048386,2329570434.0497866,666928144.6634198,1526201692.5579588,1622930216.7657988,7769099125.280381,7746076323.600223,637735054.1157169,540267228.6340915,5632939356.502612,1562026677.6349003,2309762458.234315,1154239889.422517,3593291609.213306,17982967762.753975,23057564310.419167,5767167065.462495,2301885822.1463013,28834920339.843945,4903636074.900855,2807073282.1694283,2236068827.397242,1145150898.3773146,5405143775.026467,685367906.1656281
processing,2049,gas,refinery,kg,2536348787.01622,24026148180.9417,2215589292.6362963,642157947.4041308,1484848060.3986685,1602771419.6595116,7661635635.883303,7671669754.775198,674394260.95012,577584623.881133,5725984781.997912,1645322181.8436632,2338521714.131722,1147881569.8555183,3573335055.3917813,17961042544.441624,22505110300.200348,6590860457.867961,2368669214.697972,29484837091.23561,4960931414.987815,2502934623.6085873,2314454043.933892,1170133999.4290457,5484196651.200614,708675326.0268381
processing,2050,gas,refinery,kg,2500820696.01564,22940802016.42735,2115590197.048869,622216358.5393938,1440188612.4530795,1592100987.713022,7525558290.045448,7565749054.587377,708054572.3957778,612532960.2326746,5809677962.1592,1723098896.530443,2369347065.5919166,1138981491.2301786,3560166333.021617,17872448164.75407,21986150474.766064,7424638898.813564,2440478406.7977905,30204753833.16978,5011006172.394629,2254873203.4380083,2419226820.8011303,1202608465.4153364,5569599353.815246,730619081.9199052
processing,2051,gas,refinery,kg,2463342605.2340593,21957379228.903534,2035117228.578532,605517642.7281166,1395497789.7655642,1587126131.877992,7367916436.329934,7438980448.020055,737408548.3676791,644224563.6016692,5885634087.256523,1793173856.9882119,2400989223.5149555,1127803369.893429,3548638826.491083,17759114782.537403,21510090179.222908,8308692420.084506,2518846438.098399,31014695623.69762,5054976015.394715,2064301422.6781003,2547874204.86842,1239264616.2553282,5660434150.732528,748241958.404885
processing,2052,gas,refinery,kg,2424081433.9514995,21116627920.154263,1974208987.3892062,592182158.9400432,1353385555.1874192,1585289178.4624527,7193370558.210432,7292837364.580276,761780903.829884,672678841.8573698,5957575716.819352,1855465844.6308558,2441312004.8924446,1114044041.5818496,3537620109.8179193,17599019571.329784,21093315903.930138,9188394530.036505,2604775909.3420897,31910608361.9123,5088450244.942654,1905444044.314678,2678281927.81062,1280190555.0085695,5760525821.222029,759629215.4799408
processing,2053,gas,refinery,kg,2382334539.8784146,20407374952.907368,1934002674.926868,582806663.6214584,1316564658.4727476,1583959202.939721,7003709855.414244,7138063999.488407,780763034.1232879,699155960.0285473,6022386947.945084,1911838938.5130146,2485457140.478222,1099187035.6541226,3523573707.0108743,17369142029.689587,20740968285.358997,10045272184.102543,2691431417.838613,32849268197.48008,5122151338.127908,1779500995.088235,2808855282.3367376,1320204187.19216,5868022411.279755,766327167.9499435
processing,2054,gas,refinery,kg,2340097638.066129,19829004110.441036,1907792226.7700326,577438010.4801371,1285278893.12372,1582514487.6854773,6825446156.88065,6986115659.255875,793863664.994338,724247889.7568933,6086491694.633464,1958111225.9147842,2531207240.3890634,1083706151.225652,3507162748.4313307,17087813036.924934,20441637826.03423,10845590964.106375,2782358855.969557,33770538107.62334,5151318756.569634,1683942723.577407,2944655940.9399567,1358122461.4722881,5981737310.908947,768740280.7571591
processing,2055,gas,refinery,kg,2296108691.7636805,19344056440.820225,1892699413.7451077,576991370.0544542,1259535023.6782937,1580652662.7117813,6678241574.160116,6843933432.464631,801395487.3319672,748813552.0305793,6151068660.73212,1989522512.4910965,2579635227.5766354,1066010570.5508387,3489319515.828872,16776470785.45922,20199675678.81559,11553416796.43827,2884180777.339227,34627124344.05023,5165148541.94935,1615187349.5723112,3070860288.96297,1392812057.7941222,6109181794.2020035,768169057.0159947
processing,2056,gas,refinery,kg,2249557256.914566,18933258687.478077,1875130644.856273,581655146.7800297,1238618482.6493874,1581834463.711075,6582590914.313897,6710792564.813362,803245716.6074021,773999258.5139108,6225779979.154858,2008977453.0845094,2633165824.442416,1048701998.0103197,3470182866.281274,16414287503.317898,20011451625.674335,12213661087.218641,2997315051.4582767,35398470525.97175,5166720974.352645,1575634919.0392835,3163010029.33515,1424625045.1774943,6256587942.921995,765244869.2730428
processing,2057,gas,refinery,kg,2200548976.9022374,18568296971.967804,1851643255.6297817,590346682.7778233,1222276327.1278484,1588398843.0231462,6536744232.2094965,6595732102.658526,801407818.1351203,799459348.5434842,6312487292.82811,2023004294.1900752,2683243673.87031,1030288254.1455536,3445709213.0400486,16005409826.391018,19868421695.208607,12845023187.203438,3107322060.834578,36058769950.358864,5167886464.454217,1560896643.0058048,3222210829.9821434,1448426556.8866153,6422824949.552622,763287994.9939348
processing,2058,gas,refinery,kg,2147866737.337659,18194177983.43829,1829943107.662937,597221916.002267,1208689782.8842583,1595044417.3516467,6528102113.866461,6471679917.7510195,798732776.0324504,823579027.4542503,6404265341.101187,2031263261.7662454,2727348681.214544,1011667010.0133545,3411494953.561241,15561085858.303436,19732008327.176373,13470424973.861412,3206677805.3937874,36591404583.125465,5157253112.681049,1549169695.229066,3251996424.058651,1462353516.8091054,6600061378.162368,762113837.1860771
processing,2059,gas,refinery,kg,2091412905.9463525,17791265280.14528,1816672923.7371554,602277948.6618663,1197896085.5402625,1602871654.4713254,6560662581.302964,6337590163.915506,797021324.2383674,846907284.2115105,6499399230.21773,2038014176.3979208,2767965426.3838835,993824811.4084786,3365315490.858551,15101756439.77375,19589138481.86012,14241122573.730547,3287567385.0645366,36980199912.680756,5144482451.716896,1539296408.9274528,3255528342.1397443,1467626949.4660633,6790778185.245545,762942342.9399409
processing,2060,gas,refinery,kg,2031873409.6081932,17345630615.017006,1803373482.134867,605765065.7966189,1189268761.7581599,1612323468.8481588,6625838403.611196,6200305603.624408,797162371.190818,870383364.7774054,6592150590.113671,2043211711.151972,2807894525.686544,975330933.7764685,3307456770.538187,14644514888.977764,19441337970.740246,15181186883.59902,3352630075.765635,37202172523.82273,5144028443.466409,1531628989.796976,3243080414.943188,1464263898.2063525,7001034898.360248,768176386.172281
processing,2061,gas,refinery,kg,1969888192.9493763,16844705533.575417,1784846296.2385256,607997972.0178922,1182151964.8363163,1623710443.9051585,6709670121.7569,6074064049.058418,800329224.9394994,894823670.8857048,6679057379.435381,2046454864.4731514,2847760671.2791686,956722239.9527731,3242167511.02338,14188219541.665806,19286131749.07375,16226047613.077871,3401143537.995878,37244898054.54994,5152994019.381156,1525971037.9821732,3220510418.531989,1455682190.637316,7234286998.467914,779841207.7249417
processing,2062,gas,refinery,kg,1906382472.3105855,16300315248.429283,1763243928.8345032,609239387.4313055,1176252997.0468988,1637644225.0593607,6800351235.946388,5970060015.779762,807276576.211121,920787916.9243026,6750902425.517983,2047699004.4882386,2879499132.5107455,938543688.640989,3174879308.531991,13741730608.771694,19116059587.026314,17451302469.34825,3435894420.4754486,37120455224.744514,5175465107.357176,1522494820.1019092,3196983034.4684763,1441586817.1321864,7490448337.759987,798085283.8640175
processing,2063,gas,refinery,kg,1842039379.2881386,15718726078.450737,1740897777.0059779,609272909.4656705,1171559366.142242,1654618164.8286922,6899170782.828619,5892333452.486638,818202178.3220024,947735787.9163319,6811064036.658412,2045009242.2044885,2907441206.5602775,925822241.8766068,3113537483.157979,13316143571.1164,18934924335.993828,18810899524.92184,3457140316.416703,36870905756.05556,5204136484.075052,1519737727.3558416,3169198363.434143,1427373778.4334764,7771430619.828567,822190897.5785998
processing,2064,gas,refinery,kg,1778448050.2758327,15110815861.454693,1717568314.3846207,608162220.4092987,1168222698.4028084,1675262040.3251193,6997124364.857405,5843214525.565458,834018490.9390572,975139338.7448491,6860702307.299652,2037311006.8577325,2934447231.339093,913085939.4024528,3064482011.425208,12917859462.387007,18752615159.15076,20273849587.247837,3465584529.7936573,36551409286.10417,5234845055.890071,1517530657.6981096,3130239217.6461973,1414514003.6686947,8076144272.093156,851185960.2354547
processing,2065,gas,refinery,kg,1717815808.758587,14492348671.00543,1695267822.4997482,606373277.7531916,1166486011.4063735,1699938334.897556,7090003412.920228,5830313404.150035,856225178.3830923,1002242130.398939,6903428552.466327,2026540159.148304,2954975377.3838444,901163572.3068299,3034496052.5763316,12547722188.017694,18575652290.210396,21823881337.7612,3453671796.486805,36189397849.56827,5272901144.404557,1515647501.5907068,3082523183.2253976,1405973583.241961,8405506163.643773,881667576.6416506
processing,2066,gas,refinery,kg,1662334295.361733,13891827506.811365,1675941946.5695117,604212087.0121049,1166663989.908945,1728553927.0518034,7165489057.215745,5860236527.018885,884804865.4256334,1028802262.6824577,6945729696.481534,2012316524.5187194,2964776877.8604646,889415392.7431422,3025829110.2496424,12202926047.275671,18398183788.57125,23436356298.955856,3418665717.1474023,35806072861.627266,5318121315.970505,1512765646.9761584,3038593224.449901,1401808431.959749,8762060627.837294,912274830.2357305
processing,2067,gas,refinery,kg,1613288878.9297667,13360014105.553854,1659112348.4398105,601830160.4404839,1168338541.8370757,1760350312.0913472,7217621743.711359,5921088264.237023,919244666.5238174,1053366969.7170426,6996275848.28389,1992806265.595063,2972923401.757186,877583151.3311464,3038899402.6119328,11900495725.922916,18216264294.842693,25028542562.148247,3368713116.8486943,35400861136.36034,5362120835.939633,1509498490.8621197,3001481387.405185,1404242843.348002,9132142428.373001,941582218.1590713
processing,2068,gas,refinery,kg,1570952315.1261752,12911443609.477497,1642320861.7014916,599633349.6261975,1171310919.634866,1794397187.8034303,7243573367.589156,6005792698.055044,956984252.1899841,1078225993.6257474,7057691172.682752,1969450069.1789296,2977977620.541524,867316073.4111137,3070756332.5604873,11645372641.954737,18027430738.002678,26532086332.84007,3312796460.470362,34946594540.87734,5405524407.726918,1504590694.3540792,2970172122.647551,1409982113.4837267,9500557503.613707,968060149.4280559
processing,2069,gas,refinery,kg,1535318448.8587995,12556397253.405445,1625766762.4088306,598248590.7660167,1175768140.4781106,1829505040.731225,7237880771.660415,6112333563.74498,996590080.5197835,1103586525.9338818,7133710549.228535,1941282935.899422,2976810209.285631,859998175.3303486,3118318558.348798,11446397567.986732,17832937523.259888,27866981714.339195,3257697612.2249546,34433099097.05604,5443206721.796503,1497930598.3224385,2943363025.67999,1418290891.5123456,9867402491.401302,993111816.3472055
processing,2070,gas,refinery,kg,1504847538.8711267,12286929793.562746,1612508557.8331742,597732379.8682699,1181777877.8922226,1865075054.230159,7208226780.71893,6231317780.5470495,1037530501.1578499,1127570691.4551482,7218850661.321922,1909176704.8573048,2973092296.3923645,857347333.3870313,3176218550.1141305,11301313881.896706,17632884156.597286,29116406031.701466,3200152545.7188497,33848889304.81926,5472501278.676734,1490498727.0579717,2920966362.124681,1427009333.223321,10231205338.318861,1016331504.971439
processing,2071,gas,refinery,kg,1478157870.7109535,12085626715.21057,1602330074.4472291,598402116.3065572,1188928308.6050901,1900002757.0835419,7162073115.684971,6345506636.94049,1079445956.5068364,1149420445.6565368,7304415129.762457,1874769359.8519144,2970424732.364793,861168285.419649,3238971924.526067,11198806589.47112,17431077843.16945,30273749905.47147,3139584923.662607,33190973802.244358,5490760513.00164,1480990361.4009223,2902575190.8120427,1434020345.919952,10612909736.814377,1038611279.168329
processing,2072,gas,refinery,kg,1453994077.3861837,11932537207.605993,1594354731.110035,600138302.887727,1197295795.646156,1932922142.4670923,7105156199.895783,6443866614.759288,1122289836.001513,1167925494.8950071,7388093574.538096,1838753042.279652,2969933519.018829,873716243.831644,3300152051.2704763,11120021916.460016,17235471571.604282,31302270617.54728,3076076710.911117,32469854147.98812,5496009096.311526,1470191832.063822,2887009705.4829206,1438998248.943767,11018235214.038746,1061787884.9250408
processing,2073,gas,refinery,kg,1431380011.4603918,11803392778.094227,1587560436.7314913,603292535.641649,1206654553.7656898,1963257289.8105707,7036844781.445871,6526374615.11826,1167164129.457373,1182807086.3500428,7470583022.627813,1800589994.0010655,2971800396.5881796,888790385.4914585,3351360250.0004654,11044963372.513664,17049850612.604607,32249587719.225143,3009884076.063207,31708388720.26256,5486504969.93703,1457821395.5565512,2877048221.551813,1441818275.7942865,11448565824.247692,1086234800.8238852
processing,2074,gas,refinery,kg,1409688680.216752,11675784299.052362,1579441308.2219613,607324582.404546,1216533132.015143,1990339758.518001,6957739684.019131,6594896121.483314,1213767998.212932,1193905438.2617607,7553280903.559174,1761565650.4873168,2973138888.6869254,910544652.0699247,3388373141.5864964,10954944808.720514,16867622434.651356,33120325567.75333,2940955274.3672366,30922957721.48642,5466025141.6069765,1443530873.0664418,2874191874.1260734,1442500822.4397233,11899112635.058933,1112358785.248829
processing,2075,gas,refinery,kg,1388170014.8285923,11528994918.028782,1568301533.5757792,612175919.2992363,1226583685.1800203,2013777243.5696669,6869076823.905269,6647528431.943899,1261513674.5689192,1201474849.2035887,7642420011.236316,1721725215.3012226,2974046558.592039,937460896.3145998,3407023271.870173,10844816047.010214,16678442989.616999,33857866230.74325,2871207095.7698827,30124302408.294,5429200550.164343,1426126843.401405,2877059963.24903,1440801799.5249681,12350185818.35062,1142915263.4177637
processing,2076,gas,refinery,kg,1366234400.2487433,11346062336.707678,1550474520.3729515,617785101.6023875,1236551994.122485,2033230279.9725761,6771969371.314173,6697123304.944821,1310305041.429645,1206235877.5728707,7732207738.553243,1682637469.791171,2973572993.3283205,966739151.548726,3404079137.0513096,10715366993.020958,16483472595.202702,34443516965.11614,2804783229.6943073,29323305043.130882,5374067551.209537,1407645652.3379588,2883051298.1061487,1436438855.7956827,12773160185.525232,1179834122.8872724
processing,2077,gas,refinery,kg,1343437569.7416637,11110606712.31406,1526793596.6818113,624715418.7730628,1246787497.7546582,2048723651.9845455,6671799870.223114,6763232816.133582,1359071553.4749658,1209963508.8854146,7809746791.4370775,1645162454.4720592,2971406574.5883403,995944005.7508624,3378771168.8683386,10566148225.308458,16281767527.97463,34935003931.70509,2742016223.2087803,28522614827.842335,5301949744.799279,1387658007.079096,2896676486.382704,1428425234.0255928,13234173123.728765,1222420564.196854
processing,2078,gas,refinery,kg,1319886868.1467743,10825320033.118162,1499594723.714235,632731245.0858289,1256720981.2918372,2060761797.4734304,6579600000.312124,6832749584.978256,1407841176.0693686,1210728335.3858924,7862639465.42235,1609123681.196528,2966650266.6070023,1023243809.4431142,3334506060.4521303,10388675730.177326,16077091431.375547,35370575557.37165,2677924558.222281,27703780546.002266,5216799729.754778,1367219269.676057,2917550048.256656,1417184762.1360219,13711240548.839989,1269944715.2637858
processing,2079,gas,refinery,kg,1295837930.5786927,10496398041.158615,1470226160.33475,641871951.273252,1266589275.5354674,2069869348.7028682,6501183834.614665,6901059085.65135,1457964067.2296996,1206926672.1592093,7876555137.579182,1576665192.501774,2960216543.220638,1047546880.0369295,3274409131.819376,10175877380.720125,15866820960.737242,35772579986.66951,2612376574.466776,26869799669.592136,5119700134.033479,1346526159.4272308,2946943375.7124896,1402958029.1051333,14192655523.661516,1322861157.4778342
processing,2080,gas,refinery,kg,1272479148.8424904,10134589319.903656,1438483896.3595357,652884050.5227199,1276759762.7699394,2076467837.167414,6433439940.108487,6978129376.516973,1509458170.3443105,1200059585.7822592,7839697013.862793,1546334288.0079992,2949389468.486139,1068629494.3608468,3202881006.8804603,9929321747.570675,15658156396.585745,36076346504.38582,2548367271.593532,26029889573.766,5014020356.247429,1323999575.6388893,2977614532.9631433,1386848935.2234056,14663120074.222012,1380811204.516096
processing,2081,gas,refinery,kg,1250966644.3364904,9751531367.87346,1405424903.12815,664901283.6718483,1287633837.8331988,2081250195.0041687,6370785536.265302,7047162839.547982,1563889461.4834802,1192436107.6922643,7757581905.247622,1517517482.2631795,2931475388.9555125,1084610625.2978714,3124304029.2276354,9653773920.69352,15452707227.16648,36287148170.89662,2486376320.7434235,25181744556.497738,4899338683.160397,1300637216.6856942,3011100009.299453,1370437179.1356323,15106119599.968637,1443738541.716274
processing,2082,gas,refinery,kg,1231949989.975158,9362099734.641672,1370946411.8315375,677814574.9605783,1298602089.0231588,2084753608.3236086,6309633246.556453,7117677952.439191,1622181463.2036734,1184198719.3802314,7637516738.269875,1488962584.4286406,2905238107.3631964,1093206814.920769,3041930844.2044477,9361913478.394686,15248367076.04427,36411997229.70788,2426804662.882691,24295462929.178543,4775682304.132053,1275765770.0793707,3053870368.8984694,1354561293.1073112,15516352722.758953,1512171227.640722
processing,2083,gas,refinery,kg,1215902704.2197084,8985221095.800117,1336014529.0803204,691891235.4254612,1309895348.7007864,2087210285.7376425,6250131611.996323,7175933421.282962,1681940359.3538845,1174949017.8558557,7486727220.217858,1458886810.2088513,2874161859.7429304,1093359075.9797308,2958990885.685919,9073325179.265955,15043339848.083757,36457187592.90394,2381494679.2259755,23391823896.61576,4648095281.481759,1251373950.431163,3098658379.015245,1338574760.7813058,15890924904.59639,1587707416.908108
processing,2084,gas,refinery,kg,1202409426.1077464,8635321881.341248,1302852048.1148221,708183720.9937766,1322238216.9282155,2089114600.3241546,6194438438.377535,7234436690.888223,1742164369.618805,1164509577.4699337,7306770353.104742,1430906961.919382,2842399306.158593,1085076603.626747,2875480618.5550976,8797852416.528137,14846294143.803436,36424078911.01441,2372340908.996175,22471746637.466255,4517430444.642739,1229516467.119159,3143237555.873091,1322914559.1056561,16229177225.89741,1669760701.332179
processing,2085,gas,refinery,kg,1190703796.9197128,8322729843.618781,1272449435.36428,726926676.0984627,1335989516.7608194,2090542476.0375512,6142229981.362526,7305918695.256782,1803445201.1336043,1152326599.375112,7101448018.265608,1402236170.0290668,2812386381.9908924,1068645125.5106484,2790903780.424784,8537008910.210657,14656786926.842861,36363083362.4081,2374211623.0841646,21549698051.06904,4387252850.174366,1212425305.6861122,3188503162.531458,1306861073.9323776,16540067984.063665,1757630127.6549826
processing,2086,gas,refinery,kg,1179724858.0643976,8049489180.752449,1246224885.6613164,749836015.3855431,1352035636.3136756,2091368825.225326,6092655243.249047,7386902598.618827,1865303436.3433464,1136046761.393742,6880509758.240549,1375650528.4834635,2786754055.086973,1046457414.8202962,2706320306.4714403,8289943572.062099,14476700883.402643,36250040053.42464,2386406393.8755803,20632904400.41639,4258135798.6716695,1199338740.1901402,3229823425.831288,1290481952.8283815,16857226060.842142,1849568733.4289868
processing,2087,gas,refinery,kg,1168588047.367703,7806569999.39911,1224098135.6070096,776087566.466167,1370340508.3872318,2091567095.9103546,6049886941.6275835,7466401686.920421,1937328137.889572,1112867842.129762,6654548905.512143,1353084161.8467553,2764236177.4738765,1020661658.5902247,2624521245.510016,8051550639.749,14302380298.382833,36077591024.45538,2410594413.6881213,19729952555.666912,4132789975.9948378,1189984016.2446375,3255699503.2767897,1273100429.257443,17102923512.185436,1946414464.9394784
processing,2088,gas,refinery,kg,1156606668.3621926,7582922928.101189,1205874763.9016402,805952126.4396648,1392088094.1495385,2090773649.6868787,6009160290.508617,7545135367.719115,2024371801.0530643,1082168785.1479545,6438628891.513677,1336214362.897358,2746172158.1612554,992706539.5575478,2547392741.8189025,7822029783.045667,14130153762.565542,35863155616.05723,2453557427.2351623,18879361439.637127,4006766450.3296237,1183080838.6816583,3264940128.2876654,1255719610.2330606,17325405256.081474,2049249730.5420487
processing,2089,gas,refinery,kg,1143218466.8248034,7373542307.093905,1190134393.6865773,838930281.5020005,1417167952.0437603,2088775095.7661612,5960805611.160244,7626945478.413923,2128252910.5310524,1045146089.3959554,6251054483.761962,1323587374.980405,2730657585.4192557,966899329.4229015,2475649473.972775,7604491023.500899,13962301835.060722,35609850611.856155,2516456934.342955,18087669627.957623,3877916818.522487,1178519313.2027657,3253963311.520818,1238221679.9733932,17551936221.039783,2159401357.527095
processing,2090,gas,refinery,kg,1128399916.632653,7175156596.554689,1176097075.711925,873594958.0687494,1445317089.344358,2085301859.0606358,5896871492.408015,7694043730.290115,2251870072.117091,1001358181.0047147,6113332591.3195,1311648209.7106934,2716592271.666531,941778787.6738664,2408434680.9672594,7397547627.053763,13787766443.918726,35358173289.04697,2603719538.8147964,17354242525.801792,3742349682.0571175,1174997671.0765843,3229039150.096226,1221535836.1360257,17799691251.49852,2279972339.7499394
processing,2091,gas,refinery,kg,1112804842.9891303,6984453773.410107,1161848111.3470082,909493035.5801288,1476325037.1863265,2079758268.8903153,5811684709.573906,7768137851.550979,2395780259.891572,950111203.8045237,6028418598.231894,1297516179.004678,2702293926.15683,917591981.9042797,2344613662.1540785,7200501968.128445,13605837614.457756,35115280290.53053,2705798550.696117,16687738778.264828,3603535133.9261208,1172675891.8248317,3188528510.140894,1205499007.5395796,18056388779.41265,2408156104.4876394
processing,2092,gas,refinery,kg,1096975466.6031137,6796245759.607105,1146302734.515878,946368241.6837199,1510217911.6401734,2071644833.6721568,5695351611.268092,7844564547.99928,2551127044.434314,894542459.2112161,5990417576.82088,1283666503.7671995,2688117628.87106,893074945.6562228,2281910744.5403447,7020590532.123863,13441233868.688625,34883264988.88348,2816102260.3262463,16116135348.652391,3466632157.8255506,1171208873.9492898,3125256037.1445713,1189911953.1271152,18303984059.576942,2536954128.3479805
processing,2093,gas,refinery,kg,1081279848.170131,6609428464.20217,1128627987.0668983,983195274.7872406,1546883272.1192353,2059749581.5347035,5550909992.161097,7911018935.418964,2720515335.534543,837888010.0102271,5989997356.372389,1269170946.315653,2673184711.5339265,867689022.1246848,2217149550.75945,6865106747.163495,13285129659.606121,34652000462.60398,2909384862.4307704,15613428983.170052,3326427930.93588,1169640041.448609,3044787138.84537,1175122892.0506573,18522937502.47988,2658193753.5273166
processing,2094,gas,refinery,kg,1065819909.4221692,6426981105.388532,1108713717.7795904,1018637219.848146,1586671257.723607,2045180708.0159435,5397989996.2458315,7945470884.870954,2892168469.270959,783310817.4776771,6012484975.760421,1253623151.3461595,2652480142.245061,843345853.8872426,2153248778.228222,6730681468.430307,13125251538.354204,34407117369.840004,2943392389.2997055,15173673977.144655,3184644134.180677,1165435451.8153071,2950779188.9275603,1160016509.74148,18711467009.025574,2766303562.8879337
processing,2095,gas,refinery,kg,1050745659.412146,6251090929.971711,1085033321.7826588,1051613522.0074002,1630522149.8926783,2028738566.5525723,5258530829.671599,7936916272.574084,3061080669.541434,732315148.986349,6033131400.89013,1238466921.1424246,2624834054.7883744,821839425.0045998,2090418057.4517646,6594033945.702673,12953654865.00314,34144925066.831287,2928821682.9723825,14785771512.624126,3043615651.8317327,1157868518.9964488,2841740852.9192915,1144933149.3587282,18863038873.77799,2857431772.6302733
processing,2096,gas,refinery,kg,1036308613.8623489,6081461760.16041,1056115233.3058786,1080142093.1566856,1677358204.3413959,2010753955.2097282,5143019635.441538,7871119467.891172,3227776502.185433,685946506.4815744,6034068731.458132,1223170037.7470117,2590269351.349865,801429028.4957376,2028734092.9087145,6441879702.277835,12758317762.196173,33877520450.52309,2883414116.5939445,14436145307.33653,2908486718.684752,1145630091.7174459,2722307723.764853,1129176882.5848103,18959257429.575474,2927550821.440464
processing,2097,gas,refinery,kg,1027914756.1462296,5990708745.956207,1044881240.8414185,1097776340.7002392,1699655600.811604,2002166900.6051075,5063621525.820245,7862790982.793598,3329666719.807575,653828941.6942093,6065114855.903412,1217490014.7212431,2575576001.1969895,793346907.0973772,2000485663.4119885,6368247704.203294,12667116684.967402,33781074248.026466,2902435164.940165,14253505866.150747,2836768308.222002,1141152561.2337036,2662576325.9373507,1121402502.6509895,19067020781.380985,2982388687.1287613
processing,2098,gas,refinery,kg,1019790609.0264713,5900802225.428016,1031732967.1802974,1113946378.1117344,1722668289.9543896,1992551180.0908628,4967791432.948282,7841664486.824776,3432217953.064914,624294733.3282518,6095923237.630326,1207566963.6374032,2556913796.1041293,786822129.2165986,1971431054.7748883,6300758731.9492,12575903303.804476,33692748082.11338,2909409542.7902446,14079893973.671637,2760627919.107507,1135685308.6665094,2601067986.83335,1113733132.9716644,19177670600.57915,3035329128.2770405
processing,2099,gas,refinery,kg,1012655953.8792554,5810410365.697653,1016607273.5928612,1127799233.1058242,1746274004.3684568,1981769186.2847486,4856055916.470157,7805432470.544071,3531899600.38885,599205306.962266,6122870288.632906,1191158885.8595827,2535202414.4852247,777158281.2678956,1940038878.341193,6239864881.8117695,12484002203.357,33610917502.21604,2899961401.9980845,13914253379.094942,2682050334.624724,1128173977.436105,2539265895.372642,1106806723.3878644,19270969172.264317,3082158326.333004
processing,2100,gas,refinery,kg,1006880315.171391,5717091227.048093,999194136.0105246,1139233890.4314816,1770404168.6927392,1969649290.847639,4734912965.162452,7757531428.480242,3623048054.856321,580468195.6736465,6134450458.965881,1173017615.711234,2511096480.573813,765617449.3882799,1905464145.5343418,6187820895.557576,12403553844.173117,33507017143.797264,2857335030.788173,13758388237.990416,2602730023.998941,1120158356.823551,2477010813.5385714,1099927705.5408762,19328691080.464607,3113764883.254921
