time,category,unit,technology,material,min,max
2020,transport,fraction,air_freight,aluminium,0.612,0.748
2020,transport,fraction,air_freight,cobalt,0.0,0.0
2020,transport,fraction,air_freight,copper,0.0,0.0
2020,transport,fraction,air_freight,glass,0.0,0.0
2020,transport,fraction,air_freight,lead,0.0,0.0
2020,transport,fraction,air_freight,lithium,0.0,0.0
2020,transport,fraction,air_freight,manganese,0.0,0.0
2020,transport,fraction,air_freight,neodymium,0.0,0.0
2020,transport,fraction,air_freight,nickel,0.0,0.0
2020,transport,fraction,air_freight,plastics,0.04725,0.05775
2020,transport,fraction,air_freight,rubber,0.0,0.0
2020,transport,fraction,air_freight,steel,0.081,0.099
2020,transport,fraction,air_freight,titanium,0.054,0.066
2020,transport,fraction,air_freight,wood,0.0,0.0
2020,transport,fraction,air_pas,aluminium,0.612,0.748
2020,transport,fraction,air_pas,cobalt,0.0,0.0
2020,transport,fraction,air_pas,copper,0.00414,0.00506
2020,transport,fraction,air_pas,glass,0.0,0.0
2020,transport,fraction,air_pas,lead,0.0,0.0
2020,transport,fraction,air_pas,lithium,0.0,0.0
2020,transport,fraction,air_pas,manganese,0.0,0.0
2020,transport,fraction,air_pas,neodymium,0.0,0.0
2020,transport,fraction,air_pas,nickel,0.0,0.0
2020,transport,fraction,air_pas,plastics,0.04725,0.05775
2020,transport,fraction,air_pas,rubber,0.0,0.0
2020,transport,fraction,air_pas,steel,0.081,0.099
2020,transport,fraction,air_pas,titanium,0.054,0.066
2020,transport,fraction,air_pas,wood,0.0,0.0
2020,transport,fraction,bicycle,aluminium,0.414,0.506
2020,transport,fraction,bicycle,cobalt,0.0,0.0
2020,transport,fraction,bicycle,copper,0.0,0.0
2020,transport,fraction,bicycle,glass,0.0,0.0
2020,transport,fraction,bicycle,lead,0.0,0.0
2020,transport,fraction,bicycle,lithium,0.0,0.0
2020,transport,fraction,bicycle,manganese,0.0,0.0
2020,transport,fraction,bicycle,neodymium,0.0,0.0
2020,transport,fraction,bicycle,nickel,0.0,0.0
2020,transport,fraction,bicycle,plastics,0.108,0.132
2020,transport,fraction,bicycle,rubber,0.063,0.077
2020,transport,fraction,bicycle,steel,0.306,0.374
2020,transport,fraction,bicycle,titanium,0.0,0.0
2020,transport,fraction,bicycle,wood,0.0,0.0
2020,transport,fraction,inland_shipping,aluminium,0.011,0.014
2020,transport,fraction,inland_shipping,cobalt,0.0,0.0
2020,transport,fraction,inland_shipping,copper,0.00288,0.00352
2020,transport,fraction,inland_shipping,glass,0.00072,0.00088
2020,transport,fraction,inland_shipping,lead,0.0,0.0
2020,transport,fraction,inland_shipping,lithium,0.0,0.0
2020,transport,fraction,inland_shipping,manganese,0.0,0.0
2020,transport,fraction,inland_shipping,neodymium,0.0,0.0
2020,transport,fraction,inland_shipping,nickel,0.0,0.0
2020,transport,fraction,inland_shipping,plastics,0.0099,0.0121
2020,transport,fraction,inland_shipping,rubber,0.0,0.0
2020,transport,fraction,inland_shipping,steel,0.797,0.975
2020,transport,fraction,inland_shipping,titanium,0.0,0.0
2020,transport,fraction,inland_shipping,wood,0.0054,0.0066
2020,transport,fraction,rail_freight,aluminium,0.049,0.059
2020,transport,fraction,rail_freight,cobalt,0.0,0.0
2020,transport,fraction,rail_freight,copper,0.00135,0.00165
2020,transport,fraction,rail_freight,glass,0.0,0.0
2020,transport,fraction,rail_freight,lead,0.0,0.0
2020,transport,fraction,rail_freight,lithium,0.0,0.0
2020,transport,fraction,rail_freight,manganese,0.0,0.0
2020,transport,fraction,rail_freight,neodymium,0.0,0.0
2020,transport,fraction,rail_freight,nickel,0.0,0.0
2020,transport,fraction,rail_freight,plastics,0.0,0.0
2020,transport,fraction,rail_freight,rubber,0.0,0.0
2020,transport,fraction,rail_freight,steel,0.85,1.039
2020,transport,fraction,rail_freight,titanium,0.0,0.0
2020,transport,fraction,rail_freight,wood,0.0,0.0
2020,transport,fraction,rail_hst,aluminium,0.226,0.277
2020,transport,fraction,rail_hst,cobalt,0.0,0.0
2020,transport,fraction,rail_hst,copper,0.01179,0.01441
2020,transport,fraction,rail_hst,glass,0.01665,0.02035
2020,transport,fraction,rail_hst,lead,0.0,0.0
2020,transport,fraction,rail_hst,lithium,0.0,0.0
2020,transport,fraction,rail_hst,manganese,0.0,0.0
2020,transport,fraction,rail_hst,neodymium,0.0,0.0
2020,transport,fraction,rail_hst,nickel,0.0,0.0
2020,transport,fraction,rail_hst,plastics,0.02952,0.03608
2020,transport,fraction,rail_hst,rubber,0.0,0.0
2020,transport,fraction,rail_hst,steel,0.537,0.656
2020,transport,fraction,rail_hst,titanium,0.0,0.0
2020,transport,fraction,rail_hst,wood,0.0,0.0
2020,transport,fraction,rail_reg,aluminium,0.283,0.346
2020,transport,fraction,rail_reg,cobalt,0.0,0.0
2020,transport,fraction,rail_reg,copper,0.00126,0.00154
2020,transport,fraction,rail_reg,glass,0.00333,0.00407
2020,transport,fraction,rail_reg,lead,0.0,0.0
2020,transport,fraction,rail_reg,lithium,0.0,0.0
2020,transport,fraction,rail_reg,manganese,0.0,0.0
2020,transport,fraction,rail_reg,neodymium,0.0,0.0
2020,transport,fraction,rail_reg,nickel,0.0,0.0
2020,transport,fraction,rail_reg,plastics,0.01881,0.02299
2020,transport,fraction,rail_reg,rubber,0.0,0.0
2020,transport,fraction,rail_reg,steel,0.545,0.665
2020,transport,fraction,rail_reg,titanium,0.0,0.0
2020,transport,fraction,rail_reg,wood,0.0,0.0
2020,transport,fraction,sea_shipping_large,aluminium,0.011,0.014
2020,transport,fraction,sea_shipping_large,cobalt,0.0,0.0
2020,transport,fraction,sea_shipping_large,copper,0.00288,0.00352
2020,transport,fraction,sea_shipping_large,glass,0.00072,0.00088
2020,transport,fraction,sea_shipping_large,lead,0.0,0.0
2020,transport,fraction,sea_shipping_large,lithium,0.0,0.0
2020,transport,fraction,sea_shipping_large,manganese,0.0,0.0
2020,transport,fraction,sea_shipping_large,neodymium,0.0,0.0
2020,transport,fraction,sea_shipping_large,nickel,0.0,0.0
2020,transport,fraction,sea_shipping_large,plastics,0.0099,0.0121
2020,transport,fraction,sea_shipping_large,rubber,0.0,0.0
2020,transport,fraction,sea_shipping_large,steel,0.797,0.975
2020,transport,fraction,sea_shipping_large,titanium,0.0,0.0
2020,transport,fraction,sea_shipping_large,wood,0.0054,0.0066
2020,transport,fraction,sea_shipping_med,aluminium,0.011,0.014
2020,transport,fraction,sea_shipping_med,cobalt,0.0,0.0
2020,transport,fraction,sea_shipping_med,copper,0.00288,0.00352
2020,transport,fraction,sea_shipping_med,glass,0.00072,0.00088
2020,transport,fraction,sea_shipping_med,lead,0.0,0.0
2020,transport,fraction,sea_shipping_med,lithium,0.0,0.0
2020,transport,fraction,sea_shipping_med,manganese,0.0,0.0
2020,transport,fraction,sea_shipping_med,neodymium,0.0,0.0
2020,transport,fraction,sea_shipping_med,nickel,0.0,0.0
2020,transport,fraction,sea_shipping_med,plastics,0.0099,0.0121
2020,transport,fraction,sea_shipping_med,rubber,0.0,0.0
2020,transport,fraction,sea_shipping_med,steel,0.797,0.975
2020,transport,fraction,sea_shipping_med,titanium,0.0,0.0
2020,transport,fraction,sea_shipping_med,wood,0.0054,0.0066
2020,transport,fraction,sea_shipping_small,aluminium,0.011,0.014
2020,transport,fraction,sea_shipping_small,cobalt,0.0,0.0
2020,transport,fraction,sea_shipping_small,copper,0.00288,0.00352
2020,transport,fraction,sea_shipping_small,glass,0.00072,0.00088
2020,transport,fraction,sea_shipping_small,lead,0.0,0.0
2020,transport,fraction,sea_shipping_small,lithium,0.0,0.0
2020,transport,fraction,sea_shipping_small,manganese,0.0,0.0
2020,transport,fraction,sea_shipping_small,neodymium,0.0,0.0
2020,transport,fraction,sea_shipping_small,nickel,0.0,0.0
2020,transport,fraction,sea_shipping_small,plastics,0.0099,0.0121
2020,transport,fraction,sea_shipping_small,rubber,0.0,0.0
2020,transport,fraction,sea_shipping_small,steel,0.797,0.975
2020,transport,fraction,sea_shipping_small,titanium,0.0,0.0
2020,transport,fraction,sea_shipping_small,wood,0.0054,0.0066
2020,transport,fraction,sea_shipping_vl,aluminium,0.011,0.014
2020,transport,fraction,sea_shipping_vl,cobalt,0.0,0.0
2020,transport,fraction,sea_shipping_vl,copper,0.00288,0.00352
2020,transport,fraction,sea_shipping_vl,glass,0.00072,0.00088
2020,transport,fraction,sea_shipping_vl,lead,0.0,0.0
2020,transport,fraction,sea_shipping_vl,lithium,0.0,0.0
2020,transport,fraction,sea_shipping_vl,manganese,0.0,0.0
2020,transport,fraction,sea_shipping_vl,neodymium,0.0,0.0
2020,transport,fraction,sea_shipping_vl,nickel,0.0,0.0
2020,transport,fraction,sea_shipping_vl,plastics,0.0099,0.0121
2020,transport,fraction,sea_shipping_vl,rubber,0.0,0.0
2020,transport,fraction,sea_shipping_vl,steel,0.797,0.975
2020,transport,fraction,sea_shipping_vl,titanium,0.0,0.0
2020,transport,fraction,sea_shipping_vl,wood,0.0054,0.0066
2020,vehicles,fraction,HFT - BEV,aluminium,0.0324,0.0396
2020,vehicles,fraction,HFT - BEV,cobalt,0.0,0.0
2020,vehicles,fraction,HFT - BEV,copper,0.0045,0.0055
2020,vehicles,fraction,HFT - BEV,glass,0.0027,0.0033
2020,vehicles,fraction,HFT - BEV,lead,0.0,0.0
2020,vehicles,fraction,HFT - BEV,lithium,0.0,0.0
2020,vehicles,fraction,HFT - BEV,manganese,0.0,0.0
2020,vehicles,fraction,HFT - BEV,neodymium,0.0,0.0
2020,vehicles,fraction,HFT - BEV,nickel,0.0,0.0
2020,vehicles,fraction,HFT - BEV,plastics,0.0504,0.0616
2020,vehicles,fraction,HFT - BEV,rubber,0.0522,0.0638
2020,vehicles,fraction,HFT - BEV,steel,0.6651,0.8129
2020,vehicles,fraction,HFT - BEV,titanium,0.0,0.0
2020,vehicles,fraction,HFT - BEV,wood,0.0,0.0
2020,vehicles,fraction,HFT - FCV,aluminium,0.0324,0.0396
2020,vehicles,fraction,HFT - FCV,cobalt,0.0,0.0
2020,vehicles,fraction,HFT - FCV,copper,0.0045,0.0055
2020,vehicles,fraction,HFT - FCV,glass,0.0027,0.0033
2020,vehicles,fraction,HFT - FCV,lead,0.0,0.0
2020,vehicles,fraction,HFT - FCV,lithium,0.0,0.0
2020,vehicles,fraction,HFT - FCV,manganese,0.0,0.0
2020,vehicles,fraction,HFT - FCV,neodymium,0.0,0.0
2020,vehicles,fraction,HFT - FCV,nickel,0.0,0.0
2020,vehicles,fraction,HFT - FCV,plastics,0.0504,0.0616
2020,vehicles,fraction,HFT - FCV,rubber,0.0522,0.0638
2020,vehicles,fraction,HFT - FCV,steel,0.6651,0.8129
2020,vehicles,fraction,HFT - FCV,titanium,0.0,0.0
2020,vehicles,fraction,HFT - FCV,wood,0.0,0.0
2020,vehicles,fraction,HFT - HEV,aluminium,0.0324,0.0396
2020,vehicles,fraction,HFT - HEV,cobalt,0.0,0.0
2020,vehicles,fraction,HFT - HEV,copper,0.0045,0.0055
2020,vehicles,fraction,HFT - HEV,glass,0.0027,0.0033
2020,vehicles,fraction,HFT - HEV,lead,0.0,0.0
2020,vehicles,fraction,HFT - HEV,lithium,0.0,0.0
2020,vehicles,fraction,HFT - HEV,manganese,0.0,0.0
2020,vehicles,fraction,HFT - HEV,neodymium,0.0,0.0
2020,vehicles,fraction,HFT - HEV,nickel,0.0,0.0
2020,vehicles,fraction,HFT - HEV,plastics,0.0504,0.0616
2020,vehicles,fraction,HFT - HEV,rubber,0.0522,0.0638
2020,vehicles,fraction,HFT - HEV,steel,0.6651,0.8129
2020,vehicles,fraction,HFT - HEV,titanium,0.0,0.0
2020,vehicles,fraction,HFT - HEV,wood,0.0,0.0
2020,vehicles,fraction,HFT - ICE,aluminium,0.0324,0.0396
2020,vehicles,fraction,HFT - ICE,cobalt,0.0,0.0
2020,vehicles,fraction,HFT - ICE,copper,0.0045,0.0055
2020,vehicles,fraction,HFT - ICE,glass,0.0027,0.0033
2020,vehicles,fraction,HFT - ICE,lead,0.0,0.0
2020,vehicles,fraction,HFT - ICE,lithium,0.0,0.0
2020,vehicles,fraction,HFT - ICE,manganese,0.0,0.0
2020,vehicles,fraction,HFT - ICE,neodymium,0.0,0.0
2020,vehicles,fraction,HFT - ICE,nickel,0.0,0.0
2020,vehicles,fraction,HFT - ICE,plastics,0.0504,0.0616
2020,vehicles,fraction,HFT - ICE,rubber,0.0522,0.0638
2020,vehicles,fraction,HFT - ICE,steel,0.6651,0.8129
2020,vehicles,fraction,HFT - ICE,titanium,0.0,0.0
2020,vehicles,fraction,HFT - ICE,wood,0.0,0.0
2020,vehicles,fraction,HFT - PHEV,aluminium,0.0324,0.0396
2020,vehicles,fraction,HFT - PHEV,cobalt,0.0,0.0
2020,vehicles,fraction,HFT - PHEV,copper,0.0045,0.0055
2020,vehicles,fraction,HFT - PHEV,glass,0.0027,0.0033
2020,vehicles,fraction,HFT - PHEV,lead,0.0,0.0
2020,vehicles,fraction,HFT - PHEV,lithium,0.0,0.0
2020,vehicles,fraction,HFT - PHEV,manganese,0.0,0.0
2020,vehicles,fraction,HFT - PHEV,neodymium,0.0,0.0
2020,vehicles,fraction,HFT - PHEV,nickel,0.0,0.0
2020,vehicles,fraction,HFT - PHEV,plastics,0.0504,0.0616
2020,vehicles,fraction,HFT - PHEV,rubber,0.0522,0.0638
2020,vehicles,fraction,HFT - PHEV,steel,0.6651,0.8129
2020,vehicles,fraction,HFT - PHEV,titanium,0.0,0.0
2020,vehicles,fraction,HFT - PHEV,wood,0.0,0.0
2020,vehicles,fraction,HFT - Trolley,aluminium,0.0,0.0
2020,vehicles,fraction,HFT - Trolley,cobalt,0.0,0.0
2020,vehicles,fraction,HFT - Trolley,copper,0.0,0.0
2020,vehicles,fraction,HFT - Trolley,glass,0.0,0.0
2020,vehicles,fraction,HFT - Trolley,lead,0.0,0.0
2020,vehicles,fraction,HFT - Trolley,lithium,0.0,0.0
2020,vehicles,fraction,HFT - Trolley,manganese,0.0,0.0
2020,vehicles,fraction,HFT - Trolley,neodymium,0.0,0.0
2020,vehicles,fraction,HFT - Trolley,nickel,0.0,0.0
2020,vehicles,fraction,HFT - Trolley,plastics,0.0,0.0
2020,vehicles,fraction,HFT - Trolley,rubber,0.0,0.0
2020,vehicles,fraction,HFT - Trolley,steel,0.0,0.0
2020,vehicles,fraction,HFT - Trolley,titanium,0.0,0.0
2020,vehicles,fraction,HFT - Trolley,wood,0.0,0.0
2020,vehicles,fraction,LCV - BEV,aluminium,0.0549,0.0671
2020,vehicles,fraction,LCV - BEV,cobalt,0.0,0.0
2020,vehicles,fraction,LCV - BEV,copper,0.009,0.011
2020,vehicles,fraction,LCV - BEV,glass,0.0054,0.0066
2020,vehicles,fraction,LCV - BEV,lead,0.0,0.0
2020,vehicles,fraction,LCV - BEV,lithium,0.0,0.0
2020,vehicles,fraction,LCV - BEV,manganese,0.0,0.0
2020,vehicles,fraction,LCV - BEV,neodymium,0.0,0.0
2020,vehicles,fraction,LCV - BEV,nickel,0.0,0.0
2020,vehicles,fraction,LCV - BEV,plastics,0.0972,0.1188
2020,vehicles,fraction,LCV - BEV,rubber,0.027,0.033
2020,vehicles,fraction,LCV - BEV,steel,0.5904,0.7216
2020,vehicles,fraction,LCV - BEV,titanium,0.0,0.0
2020,vehicles,fraction,LCV - BEV,wood,0.0,0.0
2020,vehicles,fraction,LCV - FCV,aluminium,0.0549,0.0671
2020,vehicles,fraction,LCV - FCV,cobalt,0.0,0.0
2020,vehicles,fraction,LCV - FCV,copper,0.009,0.011
2020,vehicles,fraction,LCV - FCV,glass,0.0054,0.0066
2020,vehicles,fraction,LCV - FCV,lead,0.0,0.0
2020,vehicles,fraction,LCV - FCV,lithium,0.0,0.0
2020,vehicles,fraction,LCV - FCV,manganese,0.0,0.0
2020,vehicles,fraction,LCV - FCV,neodymium,0.0,0.0
2020,vehicles,fraction,LCV - FCV,nickel,0.0,0.0
2020,vehicles,fraction,LCV - FCV,plastics,0.0972,0.1188
2020,vehicles,fraction,LCV - FCV,rubber,0.027,0.033
2020,vehicles,fraction,LCV - FCV,steel,0.5904,0.7216
2020,vehicles,fraction,LCV - FCV,titanium,0.0,0.0
2020,vehicles,fraction,LCV - FCV,wood,0.0,0.0
2020,vehicles,fraction,LCV - HEV,aluminium,0.0549,0.0671
2020,vehicles,fraction,LCV - HEV,cobalt,0.0,0.0
2020,vehicles,fraction,LCV - HEV,copper,0.009,0.011
2020,vehicles,fraction,LCV - HEV,glass,0.0054,0.0066
2020,vehicles,fraction,LCV - HEV,lead,0.0,0.0
2020,vehicles,fraction,LCV - HEV,lithium,0.0,0.0
2020,vehicles,fraction,LCV - HEV,manganese,0.0,0.0
2020,vehicles,fraction,LCV - HEV,neodymium,0.0,0.0
2020,vehicles,fraction,LCV - HEV,nickel,0.0,0.0
2020,vehicles,fraction,LCV - HEV,plastics,0.0972,0.1188
2020,vehicles,fraction,LCV - HEV,rubber,0.027,0.033
2020,vehicles,fraction,LCV - HEV,steel,0.5904,0.7216
2020,vehicles,fraction,LCV - HEV,titanium,0.0,0.0
2020,vehicles,fraction,LCV - HEV,wood,0.0,0.0
2020,vehicles,fraction,LCV - ICE,aluminium,0.0549,0.0671
2020,vehicles,fraction,LCV - ICE,cobalt,0.0,0.0
2020,vehicles,fraction,LCV - ICE,copper,0.009,0.011
2020,vehicles,fraction,LCV - ICE,glass,0.0054,0.0066
2020,vehicles,fraction,LCV - ICE,lead,0.0,0.0
2020,vehicles,fraction,LCV - ICE,lithium,0.0,0.0
2020,vehicles,fraction,LCV - ICE,manganese,0.0,0.0
2020,vehicles,fraction,LCV - ICE,neodymium,0.0,0.0
2020,vehicles,fraction,LCV - ICE,nickel,0.0,0.0
2020,vehicles,fraction,LCV - ICE,plastics,0.0972,0.1188
2020,vehicles,fraction,LCV - ICE,rubber,0.027,0.033
2020,vehicles,fraction,LCV - ICE,steel,0.5904,0.7216
2020,vehicles,fraction,LCV - ICE,titanium,0.0,0.0
2020,vehicles,fraction,LCV - ICE,wood,0.0,0.0
2020,vehicles,fraction,LCV - PHEV,aluminium,0.0549,0.0671
2020,vehicles,fraction,LCV - PHEV,cobalt,0.0,0.0
2020,vehicles,fraction,LCV - PHEV,copper,0.009,0.011
2020,vehicles,fraction,LCV - PHEV,glass,0.0054,0.0066
2020,vehicles,fraction,LCV - PHEV,lead,0.0,0.0
2020,vehicles,fraction,LCV - PHEV,lithium,0.0,0.0
2020,vehicles,fraction,LCV - PHEV,manganese,0.0,0.0
2020,vehicles,fraction,LCV - PHEV,neodymium,0.0,0.0
2020,vehicles,fraction,LCV - PHEV,nickel,0.0,0.0
2020,vehicles,fraction,LCV - PHEV,plastics,0.0972,0.1188
2020,vehicles,fraction,LCV - PHEV,rubber,0.027,0.033
2020,vehicles,fraction,LCV - PHEV,steel,0.5904,0.7216
2020,vehicles,fraction,LCV - PHEV,titanium,0.0,0.0
2020,vehicles,fraction,LCV - PHEV,wood,0.0,0.0
2020,vehicles,fraction,LCV - Trolley,aluminium,0.0,0.0
2020,vehicles,fraction,LCV - Trolley,cobalt,0.0,0.0
2020,vehicles,fraction,LCV - Trolley,copper,0.0,0.0
2020,vehicles,fraction,LCV - Trolley,glass,0.0,0.0
2020,vehicles,fraction,LCV - Trolley,lead,0.0,0.0
2020,vehicles,fraction,LCV - Trolley,lithium,0.0,0.0
2020,vehicles,fraction,LCV - Trolley,manganese,0.0,0.0
2020,vehicles,fraction,LCV - Trolley,neodymium,0.0,0.0
2020,vehicles,fraction,LCV - Trolley,nickel,0.0,0.0
2020,vehicles,fraction,LCV - Trolley,plastics,0.0,0.0
2020,vehicles,fraction,LCV - Trolley,rubber,0.0,0.0
2020,vehicles,fraction,LCV - Trolley,steel,0.0,0.0
2020,vehicles,fraction,LCV - Trolley,titanium,0.0,0.0
2020,vehicles,fraction,LCV - Trolley,wood,0.0,0.0
2020,vehicles,fraction,MFT - BEV,aluminium,0.0081,0.0099
2020,vehicles,fraction,MFT - BEV,cobalt,0.0,0.0
2020,vehicles,fraction,MFT - BEV,copper,0.0027,0.0033
2020,vehicles,fraction,MFT - BEV,glass,0.0063,0.0077
2020,vehicles,fraction,MFT - BEV,lead,0.0,0.0
2020,vehicles,fraction,MFT - BEV,lithium,0.0,0.0
2020,vehicles,fraction,MFT - BEV,manganese,0.0,0.0
2020,vehicles,fraction,MFT - BEV,neodymium,0.0,0.0
2020,vehicles,fraction,MFT - BEV,nickel,0.0,0.0
2020,vehicles,fraction,MFT - BEV,plastics,0.1764,0.2156
2020,vehicles,fraction,MFT - BEV,rubber,0.0504,0.0616
2020,vehicles,fraction,MFT - BEV,steel,0.5778,0.7062
2020,vehicles,fraction,MFT - BEV,titanium,0.0,0.0
2020,vehicles,fraction,MFT - BEV,wood,0.0,0.0
2020,vehicles,fraction,MFT - FCV,aluminium,0.0081,0.0099
2020,vehicles,fraction,MFT - FCV,cobalt,0.0,0.0
2020,vehicles,fraction,MFT - FCV,copper,0.0027,0.0033
2020,vehicles,fraction,MFT - FCV,glass,0.0063,0.0077
2020,vehicles,fraction,MFT - FCV,lead,0.0,0.0
2020,vehicles,fraction,MFT - FCV,lithium,0.0,0.0
2020,vehicles,fraction,MFT - FCV,manganese,0.0,0.0
2020,vehicles,fraction,MFT - FCV,neodymium,0.0,0.0
2020,vehicles,fraction,MFT - FCV,nickel,0.0,0.0
2020,vehicles,fraction,MFT - FCV,plastics,0.1764,0.2156
2020,vehicles,fraction,MFT - FCV,rubber,0.0504,0.0616
2020,vehicles,fraction,MFT - FCV,steel,0.5778,0.7062
2020,vehicles,fraction,MFT - FCV,titanium,0.0,0.0
2020,vehicles,fraction,MFT - FCV,wood,0.0,0.0
2020,vehicles,fraction,MFT - HEV,aluminium,0.0081,0.0099
2020,vehicles,fraction,MFT - HEV,cobalt,0.0,0.0
2020,vehicles,fraction,MFT - HEV,copper,0.0027,0.0033
2020,vehicles,fraction,MFT - HEV,glass,0.0063,0.0077
2020,vehicles,fraction,MFT - HEV,lead,0.0,0.0
2020,vehicles,fraction,MFT - HEV,lithium,0.0,0.0
2020,vehicles,fraction,MFT - HEV,manganese,0.0,0.0
2020,vehicles,fraction,MFT - HEV,neodymium,0.0,0.0
2020,vehicles,fraction,MFT - HEV,nickel,0.0,0.0
2020,vehicles,fraction,MFT - HEV,plastics,0.1764,0.2156
2020,vehicles,fraction,MFT - HEV,rubber,0.0504,0.0616
2020,vehicles,fraction,MFT - HEV,steel,0.5778,0.7062
2020,vehicles,fraction,MFT - HEV,titanium,0.0,0.0
2020,vehicles,fraction,MFT - HEV,wood,0.0,0.0
2020,vehicles,fraction,MFT - ICE,aluminium,0.0081,0.0099
2020,vehicles,fraction,MFT - ICE,cobalt,0.0,0.0
2020,vehicles,fraction,MFT - ICE,copper,0.0027,0.0033
2020,vehicles,fraction,MFT - ICE,glass,0.0063,0.0077
2020,vehicles,fraction,MFT - ICE,lead,0.0,0.0
2020,vehicles,fraction,MFT - ICE,lithium,0.0,0.0
2020,vehicles,fraction,MFT - ICE,manganese,0.0,0.0
2020,vehicles,fraction,MFT - ICE,neodymium,0.0,0.0
2020,vehicles,fraction,MFT - ICE,nickel,0.0,0.0
2020,vehicles,fraction,MFT - ICE,plastics,0.1764,0.2156
2020,vehicles,fraction,MFT - ICE,rubber,0.0504,0.0616
2020,vehicles,fraction,MFT - ICE,steel,0.5778,0.7062
2020,vehicles,fraction,MFT - ICE,titanium,0.0,0.0
2020,vehicles,fraction,MFT - ICE,wood,0.0,0.0
2020,vehicles,fraction,MFT - PHEV,aluminium,0.0081,0.0099
2020,vehicles,fraction,MFT - PHEV,cobalt,0.0,0.0
2020,vehicles,fraction,MFT - PHEV,copper,0.0027,0.0033
2020,vehicles,fraction,MFT - PHEV,glass,0.0063,0.0077
2020,vehicles,fraction,MFT - PHEV,lead,0.0,0.0
2020,vehicles,fraction,MFT - PHEV,lithium,0.0,0.0
2020,vehicles,fraction,MFT - PHEV,manganese,0.0,0.0
2020,vehicles,fraction,MFT - PHEV,neodymium,0.0,0.0
2020,vehicles,fraction,MFT - PHEV,nickel,0.0,0.0
2020,vehicles,fraction,MFT - PHEV,plastics,0.1764,0.2156
2020,vehicles,fraction,MFT - PHEV,rubber,0.0504,0.0616
2020,vehicles,fraction,MFT - PHEV,steel,0.5778,0.7062
2020,vehicles,fraction,MFT - PHEV,titanium,0.0,0.0
2020,vehicles,fraction,MFT - PHEV,wood,0.0,0.0
2020,vehicles,fraction,MFT - Trolley,aluminium,0.0,0.0
2020,vehicles,fraction,MFT - Trolley,cobalt,0.0,0.0
2020,vehicles,fraction,MFT - Trolley,copper,0.0,0.0
2020,vehicles,fraction,MFT - Trolley,glass,0.0,0.0
2020,vehicles,fraction,MFT - Trolley,lead,0.0,0.0
2020,vehicles,fraction,MFT - Trolley,lithium,0.0,0.0
2020,vehicles,fraction,MFT - Trolley,manganese,0.0,0.0
2020,vehicles,fraction,MFT - Trolley,neodymium,0.0,0.0
2020,vehicles,fraction,MFT - Trolley,nickel,0.0,0.0
2020,vehicles,fraction,MFT - Trolley,plastics,0.0,0.0
2020,vehicles,fraction,MFT - Trolley,rubber,0.0,0.0
2020,vehicles,fraction,MFT - Trolley,steel,0.0,0.0
2020,vehicles,fraction,MFT - Trolley,titanium,0.0,0.0
2020,vehicles,fraction,MFT - Trolley,wood,0.0,0.0
2020,vehicles,fraction,car - BEV,aluminium,0.1249541478,0.1527217362
2020,vehicles,fraction,car - BEV,cobalt,1.62e-05,1.98e-05
2020,vehicles,fraction,car - BEV,copper,0.0669968037,0.0818849823
2020,vehicles,fraction,car - BEV,glass,0.0216567099,0.0264693121
2020,vehicles,fraction,car - BEV,lead,0.001310067,0.001601193
2020,vehicles,fraction,car - BEV,lithium,0.0,0.0
2020,vehicles,fraction,car - BEV,manganese,0.0,0.0
2020,vehicles,fraction,car - BEV,neodymium,0.0008166951,0.0009981829
2020,vehicles,fraction,car - BEV,nickel,0.0,0.0
2020,vehicles,fraction,car - BEV,plastics,0.091445265,0.111766435
2020,vehicles,fraction,car - BEV,rubber,0.0211994973,0.0259104967
2020,vehicles,fraction,car - BEV,steel,0.4299834933,0.5255353807
2020,vehicles,fraction,car - BEV,titanium,0.0,0.0
2020,vehicles,fraction,car - BEV,wood,0.0067062303,0.0081965037
2020,vehicles,fraction,car - FCV,aluminium,0.2244591342,0.2743389418
2020,vehicles,fraction,car - FCV,cobalt,2.394e-05,2.926e-05
2020,vehicles,fraction,car - FCV,copper,0.0121694715,0.0148737985
2020,vehicles,fraction,car - FCV,glass,0.0270432693,0.0330528847
2020,vehicles,fraction,car - FCV,lead,0.0019316619,0.0023609201
2020,vehicles,fraction,car - FCV,lithium,0.0,0.0
2020,vehicles,fraction,car - FCV,manganese,0.0,0.0
2020,vehicles,fraction,car - FCV,neodymium,0.0022561812,0.0027575548
2020,vehicles,fraction,car - FCV,nickel,0.0,0.0
2020,vehicles,fraction,car - FCV,plastics,0.0761074866,0.0930202614
2020,vehicles,fraction,car - FCV,rubber,0.0386332416,0.0472184064
2020,vehicles,fraction,car - FCV,steel,0.4052627064,0.4953210856
2020,vehicles,fraction,car - FCV,titanium,0.0,0.0
2020,vehicles,fraction,car - FCV,wood,0.0,0.0
2020,vehicles,fraction,car - HEV,aluminium,0.08695629,0.10627991
2020,vehicles,fraction,car - HEV,cobalt,2.124e-05,2.596e-05
2020,vehicles,fraction,car - HEV,copper,0.0165750705,0.0202584195
2020,vehicles,fraction,car - HEV,glass,0.023920641,0.029236339
2020,vehicles,fraction,car - HEV,lead,0.0071905734,0.0087884786
2020,vehicles,fraction,car - HEV,lithium,0.0,0.0
2020,vehicles,fraction,car - HEV,manganese,0.0,0.0
2020,vehicles,fraction,car - HEV,neodymium,0.0001378989,0.0001685431
2020,vehicles,fraction,car - HEV,nickel,0.0,0.0
2020,vehicles,fraction,car - HEV,plastics,0.1120627764,0.1369656156
2020,vehicles,fraction,car - HEV,rubber,0.0280980216,0.0343420264
2020,vehicles,fraction,car - HEV,steel,0.5691338928,0.6956080912
2020,vehicles,fraction,car - HEV,titanium,0.0,0.0
2020,vehicles,fraction,car - HEV,wood,0.0,0.0
2020,vehicles,fraction,car - ICE,aluminium,0.08695629,0.10627991
2020,vehicles,fraction,car - ICE,cobalt,2.124e-05,2.596e-05
2020,vehicles,fraction,car - ICE,copper,0.0165750705,0.0202584195
2020,vehicles,fraction,car - ICE,glass,0.023920641,0.029236339
2020,vehicles,fraction,car - ICE,lead,0.0071905734,0.0087884786
2020,vehicles,fraction,car - ICE,lithium,0.0,0.0
2020,vehicles,fraction,car - ICE,manganese,0.0,0.0
2020,vehicles,fraction,car - ICE,neodymium,0.0001378989,0.0001685431
2020,vehicles,fraction,car - ICE,nickel,0.0,0.0
2020,vehicles,fraction,car - ICE,plastics,0.1120627764,0.1369656156
2020,vehicles,fraction,car - ICE,rubber,0.0280980216,0.0343420264
2020,vehicles,fraction,car - ICE,steel,0.5691338928,0.6956080912
2020,vehicles,fraction,car - ICE,titanium,0.0,0.0
2020,vehicles,fraction,car - ICE,wood,0.0,0.0
2020,vehicles,fraction,car - PHEV,aluminium,0.1249541478,0.1527217362
2020,vehicles,fraction,car - PHEV,cobalt,1.62e-05,1.98e-05
2020,vehicles,fraction,car - PHEV,copper,0.0669968037,0.0818849823
2020,vehicles,fraction,car - PHEV,glass,0.0216567099,0.0264693121
2020,vehicles,fraction,car - PHEV,lead,0.001310067,0.001601193
2020,vehicles,fraction,car - PHEV,lithium,0.0,0.0
2020,vehicles,fraction,car - PHEV,manganese,0.0,0.0
2020,vehicles,fraction,car - PHEV,neodymium,0.0008166951,0.0009981829
2020,vehicles,fraction,car - PHEV,nickel,0.0,0.0
2020,vehicles,fraction,car - PHEV,plastics,0.091445265,0.111766435
2020,vehicles,fraction,car - PHEV,rubber,0.0211994973,0.0259104967
2020,vehicles,fraction,car - PHEV,steel,0.4299834933,0.5255353807
2020,vehicles,fraction,car - PHEV,titanium,0.0,0.0
2020,vehicles,fraction,car - PHEV,wood,0.0067062303,0.0081965037
2020,vehicles,fraction,car - Trolley,aluminium,0.0,0.0
2020,vehicles,fraction,car - Trolley,cobalt,0.0,0.0
2020,vehicles,fraction,car - Trolley,copper,0.0,0.0
2020,vehicles,fraction,car - Trolley,glass,0.0,0.0
2020,vehicles,fraction,car - Trolley,lead,0.0,0.0
2020,vehicles,fraction,car - Trolley,lithium,0.0,0.0
2020,vehicles,fraction,car - Trolley,manganese,0.0,0.0
2020,vehicles,fraction,car - Trolley,neodymium,0.0,0.0
2020,vehicles,fraction,car - Trolley,nickel,0.0,0.0
2020,vehicles,fraction,car - Trolley,plastics,0.0,0.0
2020,vehicles,fraction,car - Trolley,rubber,0.0,0.0
2020,vehicles,fraction,car - Trolley,steel,0.0,0.0
2020,vehicles,fraction,car - Trolley,titanium,0.0,0.0
2020,vehicles,fraction,car - Trolley,wood,0.0,0.0
2020,vehicles,fraction,midi_bus - BEV,aluminium,0.32868,0.40172
2020,vehicles,fraction,midi_bus - BEV,cobalt,0.0,0.0
2020,vehicles,fraction,midi_bus - BEV,copper,0.00225,0.00275
2020,vehicles,fraction,midi_bus - BEV,glass,0.04104,0.05016
2020,vehicles,fraction,midi_bus - BEV,lead,0.0,0.0
2020,vehicles,fraction,midi_bus - BEV,lithium,0.0,0.0
2020,vehicles,fraction,midi_bus - BEV,manganese,0.0,0.0
2020,vehicles,fraction,midi_bus - BEV,neodymium,0.0,0.0
2020,vehicles,fraction,midi_bus - BEV,nickel,0.0,0.0
2020,vehicles,fraction,midi_bus - BEV,plastics,0.13419,0.16401
2020,vehicles,fraction,midi_bus - BEV,rubber,0.02358,0.02882
2020,vehicles,fraction,midi_bus - BEV,steel,0.28683,0.35057
2020,vehicles,fraction,midi_bus - BEV,titanium,0.0,0.0
2020,vehicles,fraction,midi_bus - BEV,wood,0.0,0.0
2020,vehicles,fraction,midi_bus - FCV,aluminium,0.32868,0.40172
2020,vehicles,fraction,midi_bus - FCV,cobalt,0.0,0.0
2020,vehicles,fraction,midi_bus - FCV,copper,0.00225,0.00275
2020,vehicles,fraction,midi_bus - FCV,glass,0.04104,0.05016
2020,vehicles,fraction,midi_bus - FCV,lead,0.0,0.0
2020,vehicles,fraction,midi_bus - FCV,lithium,0.0,0.0
2020,vehicles,fraction,midi_bus - FCV,manganese,0.0,0.0
2020,vehicles,fraction,midi_bus - FCV,neodymium,0.0,0.0
2020,vehicles,fraction,midi_bus - FCV,nickel,0.0,0.0
2020,vehicles,fraction,midi_bus - FCV,plastics,0.13419,0.16401
2020,vehicles,fraction,midi_bus - FCV,rubber,0.02358,0.02882
2020,vehicles,fraction,midi_bus - FCV,steel,0.28683,0.35057
2020,vehicles,fraction,midi_bus - FCV,titanium,0.0,0.0
2020,vehicles,fraction,midi_bus - FCV,wood,0.0,0.0
2020,vehicles,fraction,midi_bus - HEV,aluminium,0.32868,0.40172
2020,vehicles,fraction,midi_bus - HEV,cobalt,0.0,0.0
2020,vehicles,fraction,midi_bus - HEV,copper,0.00225,0.00275
2020,vehicles,fraction,midi_bus - HEV,glass,0.04104,0.05016
2020,vehicles,fraction,midi_bus - HEV,lead,0.0,0.0
2020,vehicles,fraction,midi_bus - HEV,lithium,0.0,0.0
2020,vehicles,fraction,midi_bus - HEV,manganese,0.0,0.0
2020,vehicles,fraction,midi_bus - HEV,neodymium,0.0,0.0
2020,vehicles,fraction,midi_bus - HEV,nickel,0.0,0.0
2020,vehicles,fraction,midi_bus - HEV,plastics,0.13419,0.16401
2020,vehicles,fraction,midi_bus - HEV,rubber,0.02358,0.02882
2020,vehicles,fraction,midi_bus - HEV,steel,0.28683,0.35057
2020,vehicles,fraction,midi_bus - HEV,titanium,0.0,0.0
2020,vehicles,fraction,midi_bus - HEV,wood,0.0,0.0
2020,vehicles,fraction,midi_bus - ICE,aluminium,0.32868,0.40172
2020,vehicles,fraction,midi_bus - ICE,cobalt,0.0,0.0
2020,vehicles,fraction,midi_bus - ICE,copper,0.00225,0.00275
2020,vehicles,fraction,midi_bus - ICE,glass,0.04104,0.05016
2020,vehicles,fraction,midi_bus - ICE,lead,0.0,0.0
2020,vehicles,fraction,midi_bus - ICE,lithium,0.0,0.0
2020,vehicles,fraction,midi_bus - ICE,manganese,0.0,0.0
2020,vehicles,fraction,midi_bus - ICE,neodymium,0.0,0.0
2020,vehicles,fraction,midi_bus - ICE,nickel,0.0,0.0
2020,vehicles,fraction,midi_bus - ICE,plastics,0.13419,0.16401
2020,vehicles,fraction,midi_bus - ICE,rubber,0.02358,0.02882
2020,vehicles,fraction,midi_bus - ICE,steel,0.28683,0.35057
2020,vehicles,fraction,midi_bus - ICE,titanium,0.0,0.0
2020,vehicles,fraction,midi_bus - ICE,wood,0.0,0.0
2020,vehicles,fraction,midi_bus - PHEV,aluminium,0.32868,0.40172
2020,vehicles,fraction,midi_bus - PHEV,cobalt,0.0,0.0
2020,vehicles,fraction,midi_bus - PHEV,copper,0.00225,0.00275
2020,vehicles,fraction,midi_bus - PHEV,glass,0.04104,0.05016
2020,vehicles,fraction,midi_bus - PHEV,lead,0.0,0.0
2020,vehicles,fraction,midi_bus - PHEV,lithium,0.0,0.0
2020,vehicles,fraction,midi_bus - PHEV,manganese,0.0,0.0
2020,vehicles,fraction,midi_bus - PHEV,neodymium,0.0,0.0
2020,vehicles,fraction,midi_bus - PHEV,nickel,0.0,0.0
2020,vehicles,fraction,midi_bus - PHEV,plastics,0.13419,0.16401
2020,vehicles,fraction,midi_bus - PHEV,rubber,0.02358,0.02882
2020,vehicles,fraction,midi_bus - PHEV,steel,0.28683,0.35057
2020,vehicles,fraction,midi_bus - PHEV,titanium,0.0,0.0
2020,vehicles,fraction,midi_bus - PHEV,wood,0.0,0.0
2020,vehicles,fraction,midi_bus - Trolley,aluminium,0.0,0.0
2020,vehicles,fraction,midi_bus - Trolley,cobalt,0.0,0.0
2020,vehicles,fraction,midi_bus - Trolley,copper,0.0,0.0
2020,vehicles,fraction,midi_bus - Trolley,glass,0.0,0.0
2020,vehicles,fraction,midi_bus - Trolley,lead,0.0,0.0
2020,vehicles,fraction,midi_bus - Trolley,lithium,0.0,0.0
2020,vehicles,fraction,midi_bus - Trolley,manganese,0.0,0.0
2020,vehicles,fraction,midi_bus - Trolley,neodymium,0.0,0.0
2020,vehicles,fraction,midi_bus - Trolley,nickel,0.0,0.0
2020,vehicles,fraction,midi_bus - Trolley,plastics,0.0,0.0
2020,vehicles,fraction,midi_bus - Trolley,rubber,0.0,0.0
2020,vehicles,fraction,midi_bus - Trolley,steel,0.0,0.0
2020,vehicles,fraction,midi_bus - Trolley,titanium,0.0,0.0
2020,vehicles,fraction,midi_bus - Trolley,wood,0.0,0.0
2020,vehicles,fraction,reg_bus - BEV,aluminium,0.17082,0.20878
2020,vehicles,fraction,reg_bus - BEV,cobalt,0.0,0.0
2020,vehicles,fraction,reg_bus - BEV,copper,0.00225,0.00275
2020,vehicles,fraction,reg_bus - BEV,glass,0.02016,0.02464
2020,vehicles,fraction,reg_bus - BEV,lead,0.0,0.0
2020,vehicles,fraction,reg_bus - BEV,lithium,0.0,0.0
2020,vehicles,fraction,reg_bus - BEV,manganese,0.0,0.0
2020,vehicles,fraction,reg_bus - BEV,neodymium,0.0,0.0
2020,vehicles,fraction,reg_bus - BEV,nickel,0.0,0.0
2020,vehicles,fraction,reg_bus - BEV,plastics,0.07884,0.09636
2020,vehicles,fraction,reg_bus - BEV,rubber,0.0261,0.0319
2020,vehicles,fraction,reg_bus - BEV,steel,0.49806,0.60874
2020,vehicles,fraction,reg_bus - BEV,titanium,0.0,0.0
2020,vehicles,fraction,reg_bus - BEV,wood,0.0,0.0
2020,vehicles,fraction,reg_bus - FCV,aluminium,0.17082,0.20878
2020,vehicles,fraction,reg_bus - FCV,cobalt,0.0,0.0
2020,vehicles,fraction,reg_bus - FCV,copper,0.00225,0.00275
2020,vehicles,fraction,reg_bus - FCV,glass,0.02016,0.02464
2020,vehicles,fraction,reg_bus - FCV,lead,0.0,0.0
2020,vehicles,fraction,reg_bus - FCV,lithium,0.0,0.0
2020,vehicles,fraction,reg_bus - FCV,manganese,0.0,0.0
2020,vehicles,fraction,reg_bus - FCV,neodymium,0.0,0.0
2020,vehicles,fraction,reg_bus - FCV,nickel,0.0,0.0
2020,vehicles,fraction,reg_bus - FCV,plastics,0.07884,0.09636
2020,vehicles,fraction,reg_bus - FCV,rubber,0.0261,0.0319
2020,vehicles,fraction,reg_bus - FCV,steel,0.49806,0.60874
2020,vehicles,fraction,reg_bus - FCV,titanium,0.0,0.0
2020,vehicles,fraction,reg_bus - FCV,wood,0.0,0.0
2020,vehicles,fraction,reg_bus - HEV,aluminium,0.17082,0.20878
2020,vehicles,fraction,reg_bus - HEV,cobalt,0.0,0.0
2020,vehicles,fraction,reg_bus - HEV,copper,0.00225,0.00275
2020,vehicles,fraction,reg_bus - HEV,glass,0.02016,0.02464
2020,vehicles,fraction,reg_bus - HEV,lead,0.0,0.0
2020,vehicles,fraction,reg_bus - HEV,lithium,0.0,0.0
2020,vehicles,fraction,reg_bus - HEV,manganese,0.0,0.0
2020,vehicles,fraction,reg_bus - HEV,neodymium,0.0,0.0
2020,vehicles,fraction,reg_bus - HEV,nickel,0.0,0.0
2020,vehicles,fraction,reg_bus - HEV,plastics,0.07884,0.09636
2020,vehicles,fraction,reg_bus - HEV,rubber,0.0261,0.0319
2020,vehicles,fraction,reg_bus - HEV,steel,0.49806,0.60874
2020,vehicles,fraction,reg_bus - HEV,titanium,0.0,0.0
2020,vehicles,fraction,reg_bus - HEV,wood,0.0,0.0
2020,vehicles,fraction,reg_bus - ICE,aluminium,0.17082,0.20878
2020,vehicles,fraction,reg_bus - ICE,cobalt,0.0,0.0
2020,vehicles,fraction,reg_bus - ICE,copper,0.00225,0.00275
2020,vehicles,fraction,reg_bus - ICE,glass,0.02016,0.02464
2020,vehicles,fraction,reg_bus - ICE,lead,0.0,0.0
2020,vehicles,fraction,reg_bus - ICE,lithium,0.0,0.0
2020,vehicles,fraction,reg_bus - ICE,manganese,0.0,0.0
2020,vehicles,fraction,reg_bus - ICE,neodymium,0.0,0.0
2020,vehicles,fraction,reg_bus - ICE,nickel,0.0,0.0
2020,vehicles,fraction,reg_bus - ICE,plastics,0.07884,0.09636
2020,vehicles,fraction,reg_bus - ICE,rubber,0.0261,0.0319
2020,vehicles,fraction,reg_bus - ICE,steel,0.49806,0.60874
2020,vehicles,fraction,reg_bus - ICE,titanium,0.0,0.0
2020,vehicles,fraction,reg_bus - ICE,wood,0.0,0.0
2020,vehicles,fraction,reg_bus - PHEV,aluminium,0.17082,0.20878
2020,vehicles,fraction,reg_bus - PHEV,cobalt,0.0,0.0
2020,vehicles,fraction,reg_bus - PHEV,copper,0.00225,0.00275
2020,vehicles,fraction,reg_bus - PHEV,glass,0.02016,0.02464
2020,vehicles,fraction,reg_bus - PHEV,lead,0.0,0.0
2020,vehicles,fraction,reg_bus - PHEV,lithium,0.0,0.0
2020,vehicles,fraction,reg_bus - PHEV,manganese,0.0,0.0
2020,vehicles,fraction,reg_bus - PHEV,neodymium,0.0,0.0
2020,vehicles,fraction,reg_bus - PHEV,nickel,0.0,0.0
2020,vehicles,fraction,reg_bus - PHEV,plastics,0.07884,0.09636
2020,vehicles,fraction,reg_bus - PHEV,rubber,0.0261,0.0319
2020,vehicles,fraction,reg_bus - PHEV,steel,0.49806,0.60874
2020,vehicles,fraction,reg_bus - PHEV,titanium,0.0,0.0
2020,vehicles,fraction,reg_bus - PHEV,wood,0.0,0.0
2020,vehicles,fraction,reg_bus - Trolley,aluminium,0.17082,0.20878
2020,vehicles,fraction,reg_bus - Trolley,cobalt,0.0,0.0
2020,vehicles,fraction,reg_bus - Trolley,copper,0.00225,0.00275
2020,vehicles,fraction,reg_bus - Trolley,glass,0.02016,0.02464
2020,vehicles,fraction,reg_bus - Trolley,lead,0.0,0.0
2020,vehicles,fraction,reg_bus - Trolley,lithium,0.0,0.0
2020,vehicles,fraction,reg_bus - Trolley,manganese,0.0,0.0
2020,vehicles,fraction,reg_bus - Trolley,neodymium,0.0,0.0
2020,vehicles,fraction,reg_bus - Trolley,nickel,0.0,0.0
2020,vehicles,fraction,reg_bus - Trolley,plastics,0.07884,0.09636
2020,vehicles,fraction,reg_bus - Trolley,rubber,0.0261,0.0319
2020,vehicles,fraction,reg_bus - Trolley,steel,0.49806,0.60874
2020,vehicles,fraction,reg_bus - Trolley,titanium,0.0,0.0
2020,vehicles,fraction,reg_bus - Trolley,wood,0.0,0.0
2050,transport,fraction,air_freight,aluminium,0.612,0.748
2050,transport,fraction,air_freight,cobalt,0.0,0.0
2050,transport,fraction,air_freight,copper,0.0,0.0
2050,transport,fraction,air_freight,glass,0.0,0.0
2050,transport,fraction,air_freight,lead,0.0,0.0
2050,transport,fraction,air_freight,lithium,0.0,0.0
2050,transport,fraction,air_freight,manganese,0.0,0.0
2050,transport,fraction,air_freight,neodymium,0.0,0.0
2050,transport,fraction,air_freight,nickel,0.0,0.0
2050,transport,fraction,air_freight,plastics,0.04725,0.05775
2050,transport,fraction,air_freight,rubber,0.0,0.0
2050,transport,fraction,air_freight,steel,0.081,0.099
2050,transport,fraction,air_freight,titanium,0.054,0.066
2050,transport,fraction,air_freight,wood,0.0,0.0
2050,transport,fraction,air_pas,aluminium,0.612,0.748
2050,transport,fraction,air_pas,cobalt,0.0,0.0
2050,transport,fraction,air_pas,copper,0.00414,0.00506
2050,transport,fraction,air_pas,glass,0.0,0.0
2050,transport,fraction,air_pas,lead,0.0,0.0
2050,transport,fraction,air_pas,lithium,0.0,0.0
2050,transport,fraction,air_pas,manganese,0.0,0.0
2050,transport,fraction,air_pas,neodymium,0.0,0.0
2050,transport,fraction,air_pas,nickel,0.0,0.0
2050,transport,fraction,air_pas,plastics,0.04725,0.05775
2050,transport,fraction,air_pas,rubber,0.0,0.0
2050,transport,fraction,air_pas,steel,0.081,0.099
2050,transport,fraction,air_pas,titanium,0.054,0.066
2050,transport,fraction,air_pas,wood,0.0,0.0
2050,transport,fraction,bicycle,aluminium,0.414,0.506
2050,transport,fraction,bicycle,cobalt,0.0,0.0
2050,transport,fraction,bicycle,copper,0.0,0.0
2050,transport,fraction,bicycle,glass,0.0,0.0
2050,transport,fraction,bicycle,lead,0.0,0.0
2050,transport,fraction,bicycle,lithium,0.0,0.0
2050,transport,fraction,bicycle,manganese,0.0,0.0
2050,transport,fraction,bicycle,neodymium,0.0,0.0
2050,transport,fraction,bicycle,nickel,0.0,0.0
2050,transport,fraction,bicycle,plastics,0.108,0.132
2050,transport,fraction,bicycle,rubber,0.063,0.077
2050,transport,fraction,bicycle,steel,0.306,0.374
2050,transport,fraction,bicycle,titanium,0.0,0.0
2050,transport,fraction,bicycle,wood,0.0,0.0
2050,transport,fraction,inland_shipping,aluminium,0.011,0.014
2050,transport,fraction,inland_shipping,cobalt,0.0,0.0
2050,transport,fraction,inland_shipping,copper,0.00288,0.00352
2050,transport,fraction,inland_shipping,glass,0.00072,0.00088
2050,transport,fraction,inland_shipping,lead,0.0,0.0
2050,transport,fraction,inland_shipping,lithium,0.0,0.0
2050,transport,fraction,inland_shipping,manganese,0.0,0.0
2050,transport,fraction,inland_shipping,neodymium,0.0,0.0
2050,transport,fraction,inland_shipping,nickel,0.0,0.0
2050,transport,fraction,inland_shipping,plastics,0.0099,0.0121
2050,transport,fraction,inland_shipping,rubber,0.0,0.0
2050,transport,fraction,inland_shipping,steel,0.797,0.975
2050,transport,fraction,inland_shipping,titanium,0.0,0.0
2050,transport,fraction,inland_shipping,wood,0.0054,0.0066
2050,transport,fraction,rail_freight,aluminium,0.049,0.059
2050,transport,fraction,rail_freight,cobalt,0.0,0.0
2050,transport,fraction,rail_freight,copper,0.00135,0.00165
2050,transport,fraction,rail_freight,glass,0.0,0.0
2050,transport,fraction,rail_freight,lead,0.0,0.0
2050,transport,fraction,rail_freight,lithium,0.0,0.0
2050,transport,fraction,rail_freight,manganese,0.0,0.0
2050,transport,fraction,rail_freight,neodymium,0.0,0.0
2050,transport,fraction,rail_freight,nickel,0.0,0.0
2050,transport,fraction,rail_freight,plastics,0.0,0.0
2050,transport,fraction,rail_freight,rubber,0.0,0.0
2050,transport,fraction,rail_freight,steel,0.85,1.039
2050,transport,fraction,rail_freight,titanium,0.0,0.0
2050,transport,fraction,rail_freight,wood,0.0,0.0
2050,transport,fraction,rail_hst,aluminium,0.226,0.277
2050,transport,fraction,rail_hst,cobalt,0.0,0.0
2050,transport,fraction,rail_hst,copper,0.01179,0.01441
2050,transport,fraction,rail_hst,glass,0.01665,0.02035
2050,transport,fraction,rail_hst,lead,0.0,0.0
2050,transport,fraction,rail_hst,lithium,0.0,0.0
2050,transport,fraction,rail_hst,manganese,0.0,0.0
2050,transport,fraction,rail_hst,neodymium,0.0,0.0
2050,transport,fraction,rail_hst,nickel,0.0,0.0
2050,transport,fraction,rail_hst,plastics,0.02952,0.03608
2050,transport,fraction,rail_hst,rubber,0.0,0.0
2050,transport,fraction,rail_hst,steel,0.537,0.656
2050,transport,fraction,rail_hst,titanium,0.0,0.0
2050,transport,fraction,rail_hst,wood,0.0,0.0
2050,transport,fraction,rail_reg,aluminium,0.283,0.346
2050,transport,fraction,rail_reg,cobalt,0.0,0.0
2050,transport,fraction,rail_reg,copper,0.00126,0.00154
2050,transport,fraction,rail_reg,glass,0.00333,0.00407
2050,transport,fraction,rail_reg,lead,0.0,0.0
2050,transport,fraction,rail_reg,lithium,0.0,0.0
2050,transport,fraction,rail_reg,manganese,0.0,0.0
2050,transport,fraction,rail_reg,neodymium,0.0,0.0
2050,transport,fraction,rail_reg,nickel,0.0,0.0
2050,transport,fraction,rail_reg,plastics,0.01881,0.02299
2050,transport,fraction,rail_reg,rubber,0.0,0.0
2050,transport,fraction,rail_reg,steel,0.545,0.665
2050,transport,fraction,rail_reg,titanium,0.0,0.0
2050,transport,fraction,rail_reg,wood,0.0,0.0
2050,transport,fraction,sea_shipping_large,aluminium,0.011,0.014
2050,transport,fraction,sea_shipping_large,cobalt,0.0,0.0
2050,transport,fraction,sea_shipping_large,copper,0.00288,0.00352
2050,transport,fraction,sea_shipping_large,glass,0.00072,0.00088
2050,transport,fraction,sea_shipping_large,lead,0.0,0.0
2050,transport,fraction,sea_shipping_large,lithium,0.0,0.0
2050,transport,fraction,sea_shipping_large,manganese,0.0,0.0
2050,transport,fraction,sea_shipping_large,neodymium,0.0,0.0
2050,transport,fraction,sea_shipping_large,nickel,0.0,0.0
2050,transport,fraction,sea_shipping_large,plastics,0.0099,0.0121
2050,transport,fraction,sea_shipping_large,rubber,0.0,0.0
2050,transport,fraction,sea_shipping_large,steel,0.797,0.975
2050,transport,fraction,sea_shipping_large,titanium,0.0,0.0
2050,transport,fraction,sea_shipping_large,wood,0.0054,0.0066
2050,transport,fraction,sea_shipping_med,aluminium,0.011,0.014
2050,transport,fraction,sea_shipping_med,cobalt,0.0,0.0
2050,transport,fraction,sea_shipping_med,copper,0.00288,0.00352
2050,transport,fraction,sea_shipping_med,glass,0.00072,0.00088
2050,transport,fraction,sea_shipping_med,lead,0.0,0.0
2050,transport,fraction,sea_shipping_med,lithium,0.0,0.0
2050,transport,fraction,sea_shipping_med,manganese,0.0,0.0
2050,transport,fraction,sea_shipping_med,neodymium,0.0,0.0
2050,transport,fraction,sea_shipping_med,nickel,0.0,0.0
2050,transport,fraction,sea_shipping_med,plastics,0.0099,0.0121
2050,transport,fraction,sea_shipping_med,rubber,0.0,0.0
2050,transport,fraction,sea_shipping_med,steel,0.797,0.975
2050,transport,fraction,sea_shipping_med,titanium,0.0,0.0
2050,transport,fraction,sea_shipping_med,wood,0.0054,0.0066
2050,transport,fraction,sea_shipping_small,aluminium,0.011,0.014
2050,transport,fraction,sea_shipping_small,cobalt,0.0,0.0
2050,transport,fraction,sea_shipping_small,copper,0.00288,0.00352
2050,transport,fraction,sea_shipping_small,glass,0.00072,0.00088
2050,transport,fraction,sea_shipping_small,lead,0.0,0.0
2050,transport,fraction,sea_shipping_small,lithium,0.0,0.0
2050,transport,fraction,sea_shipping_small,manganese,0.0,0.0
2050,transport,fraction,sea_shipping_small,neodymium,0.0,0.0
2050,transport,fraction,sea_shipping_small,nickel,0.0,0.0
2050,transport,fraction,sea_shipping_small,plastics,0.0099,0.0121
2050,transport,fraction,sea_shipping_small,rubber,0.0,0.0
2050,transport,fraction,sea_shipping_small,steel,0.797,0.975
2050,transport,fraction,sea_shipping_small,titanium,0.0,0.0
2050,transport,fraction,sea_shipping_small,wood,0.0054,0.0066
2050,transport,fraction,sea_shipping_vl,aluminium,0.011,0.014
2050,transport,fraction,sea_shipping_vl,cobalt,0.0,0.0
2050,transport,fraction,sea_shipping_vl,copper,0.00288,0.00352
2050,transport,fraction,sea_shipping_vl,glass,0.00072,0.00088
2050,transport,fraction,sea_shipping_vl,lead,0.0,0.0
2050,transport,fraction,sea_shipping_vl,lithium,0.0,0.0
2050,transport,fraction,sea_shipping_vl,manganese,0.0,0.0
2050,transport,fraction,sea_shipping_vl,neodymium,0.0,0.0
2050,transport,fraction,sea_shipping_vl,nickel,0.0,0.0
2050,transport,fraction,sea_shipping_vl,plastics,0.0099,0.0121
2050,transport,fraction,sea_shipping_vl,rubber,0.0,0.0
2050,transport,fraction,sea_shipping_vl,steel,0.797,0.975
2050,transport,fraction,sea_shipping_vl,titanium,0.0,0.0
2050,transport,fraction,sea_shipping_vl,wood,0.0054,0.0066
2050,vehicles,fraction,HFT - BEV,aluminium,0.0324,0.0396
2050,vehicles,fraction,HFT - BEV,cobalt,0.0,0.0
2050,vehicles,fraction,HFT - BEV,copper,0.0045,0.0055
2050,vehicles,fraction,HFT - BEV,glass,0.0027,0.0033
2050,vehicles,fraction,HFT - BEV,lead,0.0,0.0
2050,vehicles,fraction,HFT - BEV,lithium,0.0,0.0
2050,vehicles,fraction,HFT - BEV,manganese,0.0,0.0
2050,vehicles,fraction,HFT - BEV,neodymium,0.0,0.0
2050,vehicles,fraction,HFT - BEV,nickel,0.0,0.0
2050,vehicles,fraction,HFT - BEV,plastics,0.0504,0.0616
2050,vehicles,fraction,HFT - BEV,rubber,0.0522,0.0638
2050,vehicles,fraction,HFT - BEV,steel,0.6651,0.8129
2050,vehicles,fraction,HFT - BEV,titanium,0.0,0.0
2050,vehicles,fraction,HFT - BEV,wood,0.0,0.0
2050,vehicles,fraction,HFT - FCV,aluminium,0.0324,0.0396
2050,vehicles,fraction,HFT - FCV,cobalt,0.0,0.0
2050,vehicles,fraction,HFT - FCV,copper,0.0045,0.0055
2050,vehicles,fraction,HFT - FCV,glass,0.0027,0.0033
2050,vehicles,fraction,HFT - FCV,lead,0.0,0.0
2050,vehicles,fraction,HFT - FCV,lithium,0.0,0.0
2050,vehicles,fraction,HFT - FCV,manganese,0.0,0.0
2050,vehicles,fraction,HFT - FCV,neodymium,0.0,0.0
2050,vehicles,fraction,HFT - FCV,nickel,0.0,0.0
2050,vehicles,fraction,HFT - FCV,plastics,0.0504,0.0616
2050,vehicles,fraction,HFT - FCV,rubber,0.0522,0.0638
2050,vehicles,fraction,HFT - FCV,steel,0.6651,0.8129
2050,vehicles,fraction,HFT - FCV,titanium,0.0,0.0
2050,vehicles,fraction,HFT - FCV,wood,0.0,0.0
2050,vehicles,fraction,HFT - HEV,aluminium,0.0324,0.0396
2050,vehicles,fraction,HFT - HEV,cobalt,0.0,0.0
2050,vehicles,fraction,HFT - HEV,copper,0.0045,0.0055
2050,vehicles,fraction,HFT - HEV,glass,0.0027,0.0033
2050,vehicles,fraction,HFT - HEV,lead,0.0,0.0
2050,vehicles,fraction,HFT - HEV,lithium,0.0,0.0
2050,vehicles,fraction,HFT - HEV,manganese,0.0,0.0
2050,vehicles,fraction,HFT - HEV,neodymium,0.0,0.0
2050,vehicles,fraction,HFT - HEV,nickel,0.0,0.0
2050,vehicles,fraction,HFT - HEV,plastics,0.0504,0.0616
2050,vehicles,fraction,HFT - HEV,rubber,0.0522,0.0638
2050,vehicles,fraction,HFT - HEV,steel,0.6651,0.8129
2050,vehicles,fraction,HFT - HEV,titanium,0.0,0.0
2050,vehicles,fraction,HFT - HEV,wood,0.0,0.0
2050,vehicles,fraction,HFT - ICE,aluminium,0.0324,0.0396
2050,vehicles,fraction,HFT - ICE,cobalt,0.0,0.0
2050,vehicles,fraction,HFT - ICE,copper,0.0045,0.0055
2050,vehicles,fraction,HFT - ICE,glass,0.0027,0.0033
2050,vehicles,fraction,HFT - ICE,lead,0.0,0.0
2050,vehicles,fraction,HFT - ICE,lithium,0.0,0.0
2050,vehicles,fraction,HFT - ICE,manganese,0.0,0.0
2050,vehicles,fraction,HFT - ICE,neodymium,0.0,0.0
2050,vehicles,fraction,HFT - ICE,nickel,0.0,0.0
2050,vehicles,fraction,HFT - ICE,plastics,0.0504,0.0616
2050,vehicles,fraction,HFT - ICE,rubber,0.0522,0.0638
2050,vehicles,fraction,HFT - ICE,steel,0.6651,0.8129
2050,vehicles,fraction,HFT - ICE,titanium,0.0,0.0
2050,vehicles,fraction,HFT - ICE,wood,0.0,0.0
2050,vehicles,fraction,HFT - PHEV,aluminium,0.0324,0.0396
2050,vehicles,fraction,HFT - PHEV,cobalt,0.0,0.0
2050,vehicles,fraction,HFT - PHEV,copper,0.0045,0.0055
2050,vehicles,fraction,HFT - PHEV,glass,0.0027,0.0033
2050,vehicles,fraction,HFT - PHEV,lead,0.0,0.0
2050,vehicles,fraction,HFT - PHEV,lithium,0.0,0.0
2050,vehicles,fraction,HFT - PHEV,manganese,0.0,0.0
2050,vehicles,fraction,HFT - PHEV,neodymium,0.0,0.0
2050,vehicles,fraction,HFT - PHEV,nickel,0.0,0.0
2050,vehicles,fraction,HFT - PHEV,plastics,0.0504,0.0616
2050,vehicles,fraction,HFT - PHEV,rubber,0.0522,0.0638
2050,vehicles,fraction,HFT - PHEV,steel,0.6651,0.8129
2050,vehicles,fraction,HFT - PHEV,titanium,0.0,0.0
2050,vehicles,fraction,HFT - PHEV,wood,0.0,0.0
2050,vehicles,fraction,HFT - Trolley,aluminium,0.0,0.0
2050,vehicles,fraction,HFT - Trolley,cobalt,0.0,0.0
2050,vehicles,fraction,HFT - Trolley,copper,0.0,0.0
2050,vehicles,fraction,HFT - Trolley,glass,0.0,0.0
2050,vehicles,fraction,HFT - Trolley,lead,0.0,0.0
2050,vehicles,fraction,HFT - Trolley,lithium,0.0,0.0
2050,vehicles,fraction,HFT - Trolley,manganese,0.0,0.0
2050,vehicles,fraction,HFT - Trolley,neodymium,0.0,0.0
2050,vehicles,fraction,HFT - Trolley,nickel,0.0,0.0
2050,vehicles,fraction,HFT - Trolley,plastics,0.0,0.0
2050,vehicles,fraction,HFT - Trolley,rubber,0.0,0.0
2050,vehicles,fraction,HFT - Trolley,steel,0.0,0.0
2050,vehicles,fraction,HFT - Trolley,titanium,0.0,0.0
2050,vehicles,fraction,HFT - Trolley,wood,0.0,0.0
2050,vehicles,fraction,LCV - BEV,aluminium,0.0549,0.0671
2050,vehicles,fraction,LCV - BEV,cobalt,0.0,0.0
2050,vehicles,fraction,LCV - BEV,copper,0.009,0.011
2050,vehicles,fraction,LCV - BEV,glass,0.0054,0.0066
2050,vehicles,fraction,LCV - BEV,lead,0.0,0.0
2050,vehicles,fraction,LCV - BEV,lithium,0.0,0.0
2050,vehicles,fraction,LCV - BEV,manganese,0.0,0.0
2050,vehicles,fraction,LCV - BEV,neodymium,0.0,0.0
2050,vehicles,fraction,LCV - BEV,nickel,0.0,0.0
2050,vehicles,fraction,LCV - BEV,plastics,0.0972,0.1188
2050,vehicles,fraction,LCV - BEV,rubber,0.027,0.033
2050,vehicles,fraction,LCV - BEV,steel,0.5904,0.7216
2050,vehicles,fraction,LCV - BEV,titanium,0.0,0.0
2050,vehicles,fraction,LCV - BEV,wood,0.0,0.0
2050,vehicles,fraction,LCV - FCV,aluminium,0.0549,0.0671
2050,vehicles,fraction,LCV - FCV,cobalt,0.0,0.0
2050,vehicles,fraction,LCV - FCV,copper,0.009,0.011
2050,vehicles,fraction,LCV - FCV,glass,0.0054,0.0066
2050,vehicles,fraction,LCV - FCV,lead,0.0,0.0
2050,vehicles,fraction,LCV - FCV,lithium,0.0,0.0
2050,vehicles,fraction,LCV - FCV,manganese,0.0,0.0
2050,vehicles,fraction,LCV - FCV,neodymium,0.0,0.0
2050,vehicles,fraction,LCV - FCV,nickel,0.0,0.0
2050,vehicles,fraction,LCV - FCV,plastics,0.0972,0.1188
2050,vehicles,fraction,LCV - FCV,rubber,0.027,0.033
2050,vehicles,fraction,LCV - FCV,steel,0.5904,0.7216
2050,vehicles,fraction,LCV - FCV,titanium,0.0,0.0
2050,vehicles,fraction,LCV - FCV,wood,0.0,0.0
2050,vehicles,fraction,LCV - HEV,aluminium,0.0549,0.0671
2050,vehicles,fraction,LCV - HEV,cobalt,0.0,0.0
2050,vehicles,fraction,LCV - HEV,copper,0.009,0.011
2050,vehicles,fraction,LCV - HEV,glass,0.0054,0.0066
2050,vehicles,fraction,LCV - HEV,lead,0.0,0.0
2050,vehicles,fraction,LCV - HEV,lithium,0.0,0.0
2050,vehicles,fraction,LCV - HEV,manganese,0.0,0.0
2050,vehicles,fraction,LCV - HEV,neodymium,0.0,0.0
2050,vehicles,fraction,LCV - HEV,nickel,0.0,0.0
2050,vehicles,fraction,LCV - HEV,plastics,0.0972,0.1188
2050,vehicles,fraction,LCV - HEV,rubber,0.027,0.033
2050,vehicles,fraction,LCV - HEV,steel,0.5904,0.7216
2050,vehicles,fraction,LCV - HEV,titanium,0.0,0.0
2050,vehicles,fraction,LCV - HEV,wood,0.0,0.0
2050,vehicles,fraction,LCV - ICE,aluminium,0.0549,0.0671
2050,vehicles,fraction,LCV - ICE,cobalt,0.0,0.0
2050,vehicles,fraction,LCV - ICE,copper,0.009,0.011
2050,vehicles,fraction,LCV - ICE,glass,0.0054,0.0066
2050,vehicles,fraction,LCV - ICE,lead,0.0,0.0
2050,vehicles,fraction,LCV - ICE,lithium,0.0,0.0
2050,vehicles,fraction,LCV - ICE,manganese,0.0,0.0
2050,vehicles,fraction,LCV - ICE,neodymium,0.0,0.0
2050,vehicles,fraction,LCV - ICE,nickel,0.0,0.0
2050,vehicles,fraction,LCV - ICE,plastics,0.0972,0.1188
2050,vehicles,fraction,LCV - ICE,rubber,0.027,0.033
2050,vehicles,fraction,LCV - ICE,steel,0.5904,0.7216
2050,vehicles,fraction,LCV - ICE,titanium,0.0,0.0
2050,vehicles,fraction,LCV - ICE,wood,0.0,0.0
2050,vehicles,fraction,LCV - PHEV,aluminium,0.0549,0.0671
2050,vehicles,fraction,LCV - PHEV,cobalt,0.0,0.0
2050,vehicles,fraction,LCV - PHEV,copper,0.009,0.011
2050,vehicles,fraction,LCV - PHEV,glass,0.0054,0.0066
2050,vehicles,fraction,LCV - PHEV,lead,0.0,0.0
2050,vehicles,fraction,LCV - PHEV,lithium,0.0,0.0
2050,vehicles,fraction,LCV - PHEV,manganese,0.0,0.0
2050,vehicles,fraction,LCV - PHEV,neodymium,0.0,0.0
2050,vehicles,fraction,LCV - PHEV,nickel,0.0,0.0
2050,vehicles,fraction,LCV - PHEV,plastics,0.0972,0.1188
2050,vehicles,fraction,LCV - PHEV,rubber,0.027,0.033
2050,vehicles,fraction,LCV - PHEV,steel,0.5904,0.7216
2050,vehicles,fraction,LCV - PHEV,titanium,0.0,0.0
2050,vehicles,fraction,LCV - PHEV,wood,0.0,0.0
2050,vehicles,fraction,LCV - Trolley,aluminium,0.0,0.0
2050,vehicles,fraction,LCV - Trolley,cobalt,0.0,0.0
2050,vehicles,fraction,LCV - Trolley,copper,0.0,0.0
2050,vehicles,fraction,LCV - Trolley,glass,0.0,0.0
2050,vehicles,fraction,LCV - Trolley,lead,0.0,0.0
2050,vehicles,fraction,LCV - Trolley,lithium,0.0,0.0
2050,vehicles,fraction,LCV - Trolley,manganese,0.0,0.0
2050,vehicles,fraction,LCV - Trolley,neodymium,0.0,0.0
2050,vehicles,fraction,LCV - Trolley,nickel,0.0,0.0
2050,vehicles,fraction,LCV - Trolley,plastics,0.0,0.0
2050,vehicles,fraction,LCV - Trolley,rubber,0.0,0.0
2050,vehicles,fraction,LCV - Trolley,steel,0.0,0.0
2050,vehicles,fraction,LCV - Trolley,titanium,0.0,0.0
2050,vehicles,fraction,LCV - Trolley,wood,0.0,0.0
2050,vehicles,fraction,MFT - BEV,aluminium,0.0081,0.0099
2050,vehicles,fraction,MFT - BEV,cobalt,0.0,0.0
2050,vehicles,fraction,MFT - BEV,copper,0.0027,0.0033
2050,vehicles,fraction,MFT - BEV,glass,0.0063,0.0077
2050,vehicles,fraction,MFT - BEV,lead,0.0,0.0
2050,vehicles,fraction,MFT - BEV,lithium,0.0,0.0
2050,vehicles,fraction,MFT - BEV,manganese,0.0,0.0
2050,vehicles,fraction,MFT - BEV,neodymium,0.0,0.0
2050,vehicles,fraction,MFT - BEV,nickel,0.0,0.0
2050,vehicles,fraction,MFT - BEV,plastics,0.1764,0.2156
2050,vehicles,fraction,MFT - BEV,rubber,0.0504,0.0616
2050,vehicles,fraction,MFT - BEV,steel,0.5778,0.7062
2050,vehicles,fraction,MFT - BEV,titanium,0.0,0.0
2050,vehicles,fraction,MFT - BEV,wood,0.0,0.0
2050,vehicles,fraction,MFT - FCV,aluminium,0.0081,0.0099
2050,vehicles,fraction,MFT - FCV,cobalt,0.0,0.0
2050,vehicles,fraction,MFT - FCV,copper,0.0027,0.0033
2050,vehicles,fraction,MFT - FCV,glass,0.0063,0.0077
2050,vehicles,fraction,MFT - FCV,lead,0.0,0.0
2050,vehicles,fraction,MFT - FCV,lithium,0.0,0.0
2050,vehicles,fraction,MFT - FCV,manganese,0.0,0.0
2050,vehicles,fraction,MFT - FCV,neodymium,0.0,0.0
2050,vehicles,fraction,MFT - FCV,nickel,0.0,0.0
2050,vehicles,fraction,MFT - FCV,plastics,0.1764,0.2156
2050,vehicles,fraction,MFT - FCV,rubber,0.0504,0.0616
2050,vehicles,fraction,MFT - FCV,steel,0.5778,0.7062
2050,vehicles,fraction,MFT - FCV,titanium,0.0,0.0
2050,vehicles,fraction,MFT - FCV,wood,0.0,0.0
2050,vehicles,fraction,MFT - HEV,aluminium,0.0081,0.0099
2050,vehicles,fraction,MFT - HEV,cobalt,0.0,0.0
2050,vehicles,fraction,MFT - HEV,copper,0.0027,0.0033
2050,vehicles,fraction,MFT - HEV,glass,0.0063,0.0077
2050,vehicles,fraction,MFT - HEV,lead,0.0,0.0
2050,vehicles,fraction,MFT - HEV,lithium,0.0,0.0
2050,vehicles,fraction,MFT - HEV,manganese,0.0,0.0
2050,vehicles,fraction,MFT - HEV,neodymium,0.0,0.0
2050,vehicles,fraction,MFT - HEV,nickel,0.0,0.0
2050,vehicles,fraction,MFT - HEV,plastics,0.1764,0.2156
2050,vehicles,fraction,MFT - HEV,rubber,0.0504,0.0616
2050,vehicles,fraction,MFT - HEV,steel,0.5778,0.7062
2050,vehicles,fraction,MFT - HEV,titanium,0.0,0.0
2050,vehicles,fraction,MFT - HEV,wood,0.0,0.0
2050,vehicles,fraction,MFT - ICE,aluminium,0.0081,0.0099
2050,vehicles,fraction,MFT - ICE,cobalt,0.0,0.0
2050,vehicles,fraction,MFT - ICE,copper,0.0027,0.0033
2050,vehicles,fraction,MFT - ICE,glass,0.0063,0.0077
2050,vehicles,fraction,MFT - ICE,lead,0.0,0.0
2050,vehicles,fraction,MFT - ICE,lithium,0.0,0.0
2050,vehicles,fraction,MFT - ICE,manganese,0.0,0.0
2050,vehicles,fraction,MFT - ICE,neodymium,0.0,0.0
2050,vehicles,fraction,MFT - ICE,nickel,0.0,0.0
2050,vehicles,fraction,MFT - ICE,plastics,0.1764,0.2156
2050,vehicles,fraction,MFT - ICE,rubber,0.0504,0.0616
2050,vehicles,fraction,MFT - ICE,steel,0.5778,0.7062
2050,vehicles,fraction,MFT - ICE,titanium,0.0,0.0
2050,vehicles,fraction,MFT - ICE,wood,0.0,0.0
2050,vehicles,fraction,MFT - PHEV,aluminium,0.0081,0.0099
2050,vehicles,fraction,MFT - PHEV,cobalt,0.0,0.0
2050,vehicles,fraction,MFT - PHEV,copper,0.0027,0.0033
2050,vehicles,fraction,MFT - PHEV,glass,0.0063,0.0077
2050,vehicles,fraction,MFT - PHEV,lead,0.0,0.0
2050,vehicles,fraction,MFT - PHEV,lithium,0.0,0.0
2050,vehicles,fraction,MFT - PHEV,manganese,0.0,0.0
2050,vehicles,fraction,MFT - PHEV,neodymium,0.0,0.0
2050,vehicles,fraction,MFT - PHEV,nickel,0.0,0.0
2050,vehicles,fraction,MFT - PHEV,plastics,0.1764,0.2156
2050,vehicles,fraction,MFT - PHEV,rubber,0.0504,0.0616
2050,vehicles,fraction,MFT - PHEV,steel,0.5778,0.7062
2050,vehicles,fraction,MFT - PHEV,titanium,0.0,0.0
2050,vehicles,fraction,MFT - PHEV,wood,0.0,0.0
2050,vehicles,fraction,MFT - Trolley,aluminium,0.0,0.0
2050,vehicles,fraction,MFT - Trolley,cobalt,0.0,0.0
2050,vehicles,fraction,MFT - Trolley,copper,0.0,0.0
2050,vehicles,fraction,MFT - Trolley,glass,0.0,0.0
2050,vehicles,fraction,MFT - Trolley,lead,0.0,0.0
2050,vehicles,fraction,MFT - Trolley,lithium,0.0,0.0
2050,vehicles,fraction,MFT - Trolley,manganese,0.0,0.0
2050,vehicles,fraction,MFT - Trolley,neodymium,0.0,0.0
2050,vehicles,fraction,MFT - Trolley,nickel,0.0,0.0
2050,vehicles,fraction,MFT - Trolley,plastics,0.0,0.0
2050,vehicles,fraction,MFT - Trolley,rubber,0.0,0.0
2050,vehicles,fraction,MFT - Trolley,steel,0.0,0.0
2050,vehicles,fraction,MFT - Trolley,titanium,0.0,0.0
2050,vehicles,fraction,MFT - Trolley,wood,0.0,0.0
2050,vehicles,fraction,car - BEV,aluminium,0.1249541478,0.1527217362
2050,vehicles,fraction,car - BEV,cobalt,1.62e-05,1.98e-05
2050,vehicles,fraction,car - BEV,copper,0.0669968037,0.0818849823
2050,vehicles,fraction,car - BEV,glass,0.0216567099,0.0264693121
2050,vehicles,fraction,car - BEV,lead,0.001310067,0.001601193
2050,vehicles,fraction,car - BEV,lithium,0.0,0.0
2050,vehicles,fraction,car - BEV,manganese,0.0,0.0
2050,vehicles,fraction,car - BEV,neodymium,0.0008166951,0.0009981829
2050,vehicles,fraction,car - BEV,nickel,0.0,0.0
2050,vehicles,fraction,car - BEV,plastics,0.091445265,0.111766435
2050,vehicles,fraction,car - BEV,rubber,0.0211994973,0.0259104967
2050,vehicles,fraction,car - BEV,steel,0.4299834933,0.5255353807
2050,vehicles,fraction,car - BEV,titanium,0.0,0.0
2050,vehicles,fraction,car - BEV,wood,0.0067062303,0.0081965037
2050,vehicles,fraction,car - FCV,aluminium,0.2244591342,0.2743389418
2050,vehicles,fraction,car - FCV,cobalt,2.394e-05,2.926e-05
2050,vehicles,fraction,car - FCV,copper,0.0121694715,0.0148737985
2050,vehicles,fraction,car - FCV,glass,0.0270432693,0.0330528847
2050,vehicles,fraction,car - FCV,lead,0.0019316619,0.0023609201
2050,vehicles,fraction,car - FCV,lithium,0.0,0.0
2050,vehicles,fraction,car - FCV,manganese,0.0,0.0
2050,vehicles,fraction,car - FCV,neodymium,0.0022561812,0.0027575548
2050,vehicles,fraction,car - FCV,nickel,0.0,0.0
2050,vehicles,fraction,car - FCV,plastics,0.0761074866,0.0930202614
2050,vehicles,fraction,car - FCV,rubber,0.0386332416,0.0472184064
2050,vehicles,fraction,car - FCV,steel,0.4052627064,0.4953210856
2050,vehicles,fraction,car - FCV,titanium,0.0,0.0
2050,vehicles,fraction,car - FCV,wood,0.0,0.0
2050,vehicles,fraction,car - HEV,aluminium,0.08695629,0.10627991
2050,vehicles,fraction,car - HEV,cobalt,2.124e-05,2.596e-05
2050,vehicles,fraction,car - HEV,copper,0.0165750705,0.0202584195
2050,vehicles,fraction,car - HEV,glass,0.023920641,0.029236339
2050,vehicles,fraction,car - HEV,lead,0.0071905734,0.0087884786
2050,vehicles,fraction,car - HEV,lithium,0.0,0.0
2050,vehicles,fraction,car - HEV,manganese,0.0,0.0
2050,vehicles,fraction,car - HEV,neodymium,0.0001378989,0.0001685431
2050,vehicles,fraction,car - HEV,nickel,0.0,0.0
2050,vehicles,fraction,car - HEV,plastics,0.1120627764,0.1369656156
2050,vehicles,fraction,car - HEV,rubber,0.0280980216,0.0343420264
2050,vehicles,fraction,car - HEV,steel,0.5691338928,0.6956080912
2050,vehicles,fraction,car - HEV,titanium,0.0,0.0
2050,vehicles,fraction,car - HEV,wood,0.0,0.0
2050,vehicles,fraction,car - ICE,aluminium,0.08695629,0.10627991
2050,vehicles,fraction,car - ICE,cobalt,2.124e-05,2.596e-05
2050,vehicles,fraction,car - ICE,copper,0.0165750705,0.0202584195
2050,vehicles,fraction,car - ICE,glass,0.023920641,0.029236339
2050,vehicles,fraction,car - ICE,lead,0.0071905734,0.0087884786
2050,vehicles,fraction,car - ICE,lithium,0.0,0.0
2050,vehicles,fraction,car - ICE,manganese,0.0,0.0
2050,vehicles,fraction,car - ICE,neodymium,0.0001378989,0.0001685431
2050,vehicles,fraction,car - ICE,nickel,0.0,0.0
2050,vehicles,fraction,car - ICE,plastics,0.1120627764,0.1369656156
2050,vehicles,fraction,car - ICE,rubber,0.0280980216,0.0343420264
2050,vehicles,fraction,car - ICE,steel,0.5691338928,0.6956080912
2050,vehicles,fraction,car - ICE,titanium,0.0,0.0
2050,vehicles,fraction,car - ICE,wood,0.0,0.0
2050,vehicles,fraction,car - PHEV,aluminium,0.1249541478,0.1527217362
2050,vehicles,fraction,car - PHEV,cobalt,1.62e-05,1.98e-05
2050,vehicles,fraction,car - PHEV,copper,0.0669968037,0.0818849823
2050,vehicles,fraction,car - PHEV,glass,0.0216567099,0.0264693121
2050,vehicles,fraction,car - PHEV,lead,0.001310067,0.001601193
2050,vehicles,fraction,car - PHEV,lithium,0.0,0.0
2050,vehicles,fraction,car - PHEV,manganese,0.0,0.0
2050,vehicles,fraction,car - PHEV,neodymium,0.0008166951,0.0009981829
2050,vehicles,fraction,car - PHEV,nickel,0.0,0.0
2050,vehicles,fraction,car - PHEV,plastics,0.091445265,0.111766435
2050,vehicles,fraction,car - PHEV,rubber,0.0211994973,0.0259104967
2050,vehicles,fraction,car - PHEV,steel,0.4299834933,0.5255353807
2050,vehicles,fraction,car - PHEV,titanium,0.0,0.0
2050,vehicles,fraction,car - PHEV,wood,0.0067062303,0.0081965037
2050,vehicles,fraction,midi_bus - BEV,aluminium,0.32868,0.40172
2050,vehicles,fraction,midi_bus - BEV,cobalt,0.0,0.0
2050,vehicles,fraction,midi_bus - BEV,copper,0.00225,0.00275
2050,vehicles,fraction,midi_bus - BEV,glass,0.04104,0.05016
2050,vehicles,fraction,midi_bus - BEV,lead,0.0,0.0
2050,vehicles,fraction,midi_bus - BEV,lithium,0.0,0.0
2050,vehicles,fraction,midi_bus - BEV,manganese,0.0,0.0
2050,vehicles,fraction,midi_bus - BEV,neodymium,0.0,0.0
2050,vehicles,fraction,midi_bus - BEV,nickel,0.0,0.0
2050,vehicles,fraction,midi_bus - BEV,plastics,0.13419,0.16401
2050,vehicles,fraction,midi_bus - BEV,rubber,0.02358,0.02882
2050,vehicles,fraction,midi_bus - BEV,steel,0.28683,0.35057
2050,vehicles,fraction,midi_bus - BEV,titanium,0.0,0.0
2050,vehicles,fraction,midi_bus - BEV,wood,0.0,0.0
2050,vehicles,fraction,midi_bus - FCV,aluminium,0.32868,0.40172
2050,vehicles,fraction,midi_bus - FCV,cobalt,0.0,0.0
2050,vehicles,fraction,midi_bus - FCV,copper,0.00225,0.00275
2050,vehicles,fraction,midi_bus - FCV,glass,0.04104,0.05016
2050,vehicles,fraction,midi_bus - FCV,lead,0.0,0.0
2050,vehicles,fraction,midi_bus - FCV,lithium,0.0,0.0
2050,vehicles,fraction,midi_bus - FCV,manganese,0.0,0.0
2050,vehicles,fraction,midi_bus - FCV,neodymium,0.0,0.0
2050,vehicles,fraction,midi_bus - FCV,nickel,0.0,0.0
2050,vehicles,fraction,midi_bus - FCV,plastics,0.13419,0.16401
2050,vehicles,fraction,midi_bus - FCV,rubber,0.02358,0.02882
2050,vehicles,fraction,midi_bus - FCV,steel,0.28683,0.35057
2050,vehicles,fraction,midi_bus - FCV,titanium,0.0,0.0
2050,vehicles,fraction,midi_bus - FCV,wood,0.0,0.0
2050,vehicles,fraction,midi_bus - HEV,aluminium,0.32868,0.40172
2050,vehicles,fraction,midi_bus - HEV,cobalt,0.0,0.0
2050,vehicles,fraction,midi_bus - HEV,copper,0.00225,0.00275
2050,vehicles,fraction,midi_bus - HEV,glass,0.04104,0.05016
2050,vehicles,fraction,midi_bus - HEV,lead,0.0,0.0
2050,vehicles,fraction,midi_bus - HEV,lithium,0.0,0.0
2050,vehicles,fraction,midi_bus - HEV,manganese,0.0,0.0
2050,vehicles,fraction,midi_bus - HEV,neodymium,0.0,0.0
2050,vehicles,fraction,midi_bus - HEV,nickel,0.0,0.0
2050,vehicles,fraction,midi_bus - HEV,plastics,0.13419,0.16401
2050,vehicles,fraction,midi_bus - HEV,rubber,0.02358,0.02882
2050,vehicles,fraction,midi_bus - HEV,steel,0.28683,0.35057
2050,vehicles,fraction,midi_bus - HEV,titanium,0.0,0.0
2050,vehicles,fraction,midi_bus - HEV,wood,0.0,0.0
2050,vehicles,fraction,midi_bus - ICE,aluminium,0.32868,0.40172
2050,vehicles,fraction,midi_bus - ICE,cobalt,0.0,0.0
2050,vehicles,fraction,midi_bus - ICE,copper,0.00225,0.00275
2050,vehicles,fraction,midi_bus - ICE,glass,0.04104,0.05016
2050,vehicles,fraction,midi_bus - ICE,lead,0.0,0.0
2050,vehicles,fraction,midi_bus - ICE,lithium,0.0,0.0
2050,vehicles,fraction,midi_bus - ICE,manganese,0.0,0.0
2050,vehicles,fraction,midi_bus - ICE,neodymium,0.0,0.0
2050,vehicles,fraction,midi_bus - ICE,nickel,0.0,0.0
2050,vehicles,fraction,midi_bus - ICE,plastics,0.13419,0.16401
2050,vehicles,fraction,midi_bus - ICE,rubber,0.02358,0.02882
2050,vehicles,fraction,midi_bus - ICE,steel,0.28683,0.35057
2050,vehicles,fraction,midi_bus - ICE,titanium,0.0,0.0
2050,vehicles,fraction,midi_bus - ICE,wood,0.0,0.0
2050,vehicles,fraction,midi_bus - PHEV,aluminium,0.32868,0.40172
2050,vehicles,fraction,midi_bus - PHEV,cobalt,0.0,0.0
2050,vehicles,fraction,midi_bus - PHEV,copper,0.00225,0.00275
2050,vehicles,fraction,midi_bus - PHEV,glass,0.04104,0.05016
2050,vehicles,fraction,midi_bus - PHEV,lead,0.0,0.0
2050,vehicles,fraction,midi_bus - PHEV,lithium,0.0,0.0
2050,vehicles,fraction,midi_bus - PHEV,manganese,0.0,0.0
2050,vehicles,fraction,midi_bus - PHEV,neodymium,0.0,0.0
2050,vehicles,fraction,midi_bus - PHEV,nickel,0.0,0.0
2050,vehicles,fraction,midi_bus - PHEV,plastics,0.13419,0.16401
2050,vehicles,fraction,midi_bus - PHEV,rubber,0.02358,0.02882
2050,vehicles,fraction,midi_bus - PHEV,steel,0.28683,0.35057
2050,vehicles,fraction,midi_bus - PHEV,titanium,0.0,0.0
2050,vehicles,fraction,midi_bus - PHEV,wood,0.0,0.0
2050,vehicles,fraction,midi_bus - Trolley,aluminium,0.0,0.0
2050,vehicles,fraction,midi_bus - Trolley,cobalt,0.0,0.0
2050,vehicles,fraction,midi_bus - Trolley,copper,0.0,0.0
2050,vehicles,fraction,midi_bus - Trolley,glass,0.0,0.0
2050,vehicles,fraction,midi_bus - Trolley,lead,0.0,0.0
2050,vehicles,fraction,midi_bus - Trolley,lithium,0.0,0.0
2050,vehicles,fraction,midi_bus - Trolley,manganese,0.0,0.0
2050,vehicles,fraction,midi_bus - Trolley,neodymium,0.0,0.0
2050,vehicles,fraction,midi_bus - Trolley,nickel,0.0,0.0
2050,vehicles,fraction,midi_bus - Trolley,plastics,0.0,0.0
2050,vehicles,fraction,midi_bus - Trolley,rubber,0.0,0.0
2050,vehicles,fraction,midi_bus - Trolley,steel,0.0,0.0
2050,vehicles,fraction,midi_bus - Trolley,titanium,0.0,0.0
2050,vehicles,fraction,midi_bus - Trolley,wood,0.0,0.0
2050,vehicles,fraction,reg_bus - BEV,aluminium,0.17082,0.20878
2050,vehicles,fraction,reg_bus - BEV,cobalt,0.0,0.0
2050,vehicles,fraction,reg_bus - BEV,copper,0.00225,0.00275
2050,vehicles,fraction,reg_bus - BEV,glass,0.02016,0.02464
2050,vehicles,fraction,reg_bus - BEV,lead,0.0,0.0
2050,vehicles,fraction,reg_bus - BEV,lithium,0.0,0.0
2050,vehicles,fraction,reg_bus - BEV,manganese,0.0,0.0
2050,vehicles,fraction,reg_bus - BEV,neodymium,0.0,0.0
2050,vehicles,fraction,reg_bus - BEV,nickel,0.0,0.0
2050,vehicles,fraction,reg_bus - BEV,plastics,0.07884,0.09636
2050,vehicles,fraction,reg_bus - BEV,rubber,0.0261,0.0319
2050,vehicles,fraction,reg_bus - BEV,steel,0.49806,0.60874
2050,vehicles,fraction,reg_bus - BEV,titanium,0.0,0.0
2050,vehicles,fraction,reg_bus - BEV,wood,0.0,0.0
2050,vehicles,fraction,reg_bus - FCV,aluminium,0.17082,0.20878
2050,vehicles,fraction,reg_bus - FCV,cobalt,0.0,0.0
2050,vehicles,fraction,reg_bus - FCV,copper,0.00225,0.00275
2050,vehicles,fraction,reg_bus - FCV,glass,0.02016,0.02464
2050,vehicles,fraction,reg_bus - FCV,lead,0.0,0.0
2050,vehicles,fraction,reg_bus - FCV,lithium,0.0,0.0
2050,vehicles,fraction,reg_bus - FCV,manganese,0.0,0.0
2050,vehicles,fraction,reg_bus - FCV,neodymium,0.0,0.0
2050,vehicles,fraction,reg_bus - FCV,nickel,0.0,0.0
2050,vehicles,fraction,reg_bus - FCV,plastics,0.07884,0.09636
2050,vehicles,fraction,reg_bus - FCV,rubber,0.0261,0.0319
2050,vehicles,fraction,reg_bus - FCV,steel,0.49806,0.60874
2050,vehicles,fraction,reg_bus - FCV,titanium,0.0,0.0
2050,vehicles,fraction,reg_bus - FCV,wood,0.0,0.0
2050,vehicles,fraction,reg_bus - HEV,aluminium,0.17082,0.20878
2050,vehicles,fraction,reg_bus - HEV,cobalt,0.0,0.0
2050,vehicles,fraction,reg_bus - HEV,copper,0.00225,0.00275
2050,vehicles,fraction,reg_bus - HEV,glass,0.02016,0.02464
2050,vehicles,fraction,reg_bus - HEV,lead,0.0,0.0
2050,vehicles,fraction,reg_bus - HEV,lithium,0.0,0.0
2050,vehicles,fraction,reg_bus - HEV,manganese,0.0,0.0
2050,vehicles,fraction,reg_bus - HEV,neodymium,0.0,0.0
2050,vehicles,fraction,reg_bus - HEV,nickel,0.0,0.0
2050,vehicles,fraction,reg_bus - HEV,plastics,0.07884,0.09636
2050,vehicles,fraction,reg_bus - HEV,rubber,0.0261,0.0319
2050,vehicles,fraction,reg_bus - HEV,steel,0.49806,0.60874
2050,vehicles,fraction,reg_bus - HEV,titanium,0.0,0.0
2050,vehicles,fraction,reg_bus - HEV,wood,0.0,0.0
2050,vehicles,fraction,reg_bus - ICE,aluminium,0.17082,0.20878
2050,vehicles,fraction,reg_bus - ICE,cobalt,0.0,0.0
2050,vehicles,fraction,reg_bus - ICE,copper,0.00225,0.00275
2050,vehicles,fraction,reg_bus - ICE,glass,0.02016,0.02464
2050,vehicles,fraction,reg_bus - ICE,lead,0.0,0.0
2050,vehicles,fraction,reg_bus - ICE,lithium,0.0,0.0
2050,vehicles,fraction,reg_bus - ICE,manganese,0.0,0.0
2050,vehicles,fraction,reg_bus - ICE,neodymium,0.0,0.0
2050,vehicles,fraction,reg_bus - ICE,nickel,0.0,0.0
2050,vehicles,fraction,reg_bus - ICE,plastics,0.07884,0.09636
2050,vehicles,fraction,reg_bus - ICE,rubber,0.0261,0.0319
2050,vehicles,fraction,reg_bus - ICE,steel,0.49806,0.60874
2050,vehicles,fraction,reg_bus - ICE,titanium,0.0,0.0
2050,vehicles,fraction,reg_bus - ICE,wood,0.0,0.0
2050,vehicles,fraction,reg_bus - PHEV,aluminium,0.17082,0.20878
2050,vehicles,fraction,reg_bus - PHEV,cobalt,0.0,0.0
2050,vehicles,fraction,reg_bus - PHEV,copper,0.00225,0.00275
2050,vehicles,fraction,reg_bus - PHEV,glass,0.02016,0.02464
2050,vehicles,fraction,reg_bus - PHEV,lead,0.0,0.0
2050,vehicles,fraction,reg_bus - PHEV,lithium,0.0,0.0
2050,vehicles,fraction,reg_bus - PHEV,manganese,0.0,0.0
2050,vehicles,fraction,reg_bus - PHEV,neodymium,0.0,0.0
2050,vehicles,fraction,reg_bus - PHEV,nickel,0.0,0.0
2050,vehicles,fraction,reg_bus - PHEV,plastics,0.07884,0.09636
2050,vehicles,fraction,reg_bus - PHEV,rubber,0.0261,0.0319
2050,vehicles,fraction,reg_bus - PHEV,steel,0.49806,0.60874
2050,vehicles,fraction,reg_bus - PHEV,titanium,0.0,0.0
2050,vehicles,fraction,reg_bus - PHEV,wood,0.0,0.0
2050,vehicles,fraction,reg_bus - Trolley,aluminium,0.17082,0.20878
2050,vehicles,fraction,reg_bus - Trolley,cobalt,0.0,0.0
2050,vehicles,fraction,reg_bus - Trolley,copper,0.00225,0.00275
2050,vehicles,fraction,reg_bus - Trolley,glass,0.02016,0.02464
2050,vehicles,fraction,reg_bus - Trolley,lead,0.0,0.0
2050,vehicles,fraction,reg_bus - Trolley,lithium,0.0,0.0
2050,vehicles,fraction,reg_bus - Trolley,manganese,0.0,0.0
2050,vehicles,fraction,reg_bus - Trolley,neodymium,0.0,0.0
2050,vehicles,fraction,reg_bus - Trolley,nickel,0.0,0.0
2050,vehicles,fraction,reg_bus - Trolley,plastics,0.07884,0.09636
2050,vehicles,fraction,reg_bus - Trolley,rubber,0.0261,0.0319
2050,vehicles,fraction,reg_bus - Trolley,steel,0.49806,0.60874
2050,vehicles,fraction,reg_bus - Trolley,titanium,0.0,0.0
2050,vehicles,fraction,reg_bus - Trolley,wood,0.0,0.0
