time,class_ 1,class_ 2,class_ 3,class_ 4,class_ 5,class_ 6,class_ 7,class_ 8,class_ 9,class_ 10,class_ 11,class_ 12,class_ 13,class_ 14,class_ 15,class_ 16,class_ 17,class_ 18,class_ 19,class_ 20,class_ 21,class_ 22,class_ 23,class_ 24,class_ 25,class_ 26
1971,45343238.15626131,482159216.5175004,70952700.09649791,11598921.898770457,65476934.45011816,109230178.13632937,43691282.9549544,29622292.48881283,16902177.548406348,24282228.792826977,774688242.7009057,109921612.3312774,42880259.72988333,45317231.26744192,27342021.967058755,141335951.3178287,87069675.68276954,240529260.9217397,33973705.731941804,329706023.1353293,79661082.66020247,19313595.80754951,136193750.4958827,46346281.41494658,25483089.32741596,10328789.51639527
1972,2667780.177676105,32088672.502319377,3987406.6127467393,497731.8243319761,6548959.962007706,2961639.249534014,1746991.4234662203,917351.7651351916,440320.5759540982,518117.12641223386,26911626.57175699,2935331.906224809,1919367.5597391934,877785.2314796206,652720.2763203137,2972318.90792605,7291750.891467928,5404035.435443499,873622.4861564877,8119454.760082896,2165313.752974107,646948.5906137471,10963282.520827284,1007757.0361735555,269929.7116748542,330433.2873408399
1973,2067494.3654352825,32598804.53340596,4088936.8131825766,495170.77487339836,7929983.108758009,2932545.0326727238,1011619.2139449128,959327.2928501723,441491.44824817305,427091.6067535098,31819745.968777042,3204258.0735173053,1093877.3807630357,1539094.271400211,1191911.955265223,4709335.442284109,2521729.614513542,4857128.030233332,1335487.4533572046,9342767.231218716,2224237.462338943,762483.3167947934,9717328.114318762,1585309.9196917114,512869.7539430015,473952.6759568262
1974,1231677.8788039512,7663460.452225232,3367980.669406903,360073.4787304006,7532512.608999211,2390219.7431614357,833485.7253687403,1050861.2745549448,669735.8340075584,343991.7892209022,20060063.60058851,5221749.251093207,1660740.276160934,1833513.0315681607,1260045.7538476265,5213755.286020548,808781.0992322097,6564416.853785987,1460890.9266944784,8909845.16368173,2328596.6332094837,727422.5778757322,3433640.644521305,2618934.962954104,978517.212701353,475451.5684119482
1975,2835434.945847216,9798964.464861665,3588233.531654788,456191.63909892895,3292894.8169612545,3686218.58234364,1750824.9444081099,1173578.742256383,735450.0472963527,852700.9420079247,12037628.82707746,4399167.3567744205,1918490.6288222512,1831701.412631788,1228668.9103434705,5278006.863286151,2048863.605739411,7699465.916222513,1357046.0130964164,8444626.343172321,2587710.5323330755,902026.4512059273,11267931.589404652,1210334.178425377,808219.5644608579,505925.8092317849
1976,3368798.9455617154,40083269.643858,3556572.6003034045,608874.7627547602,7643723.848366184,2887554.5023079347,1940439.764376215,1255908.1723244307,790489.1093182253,1029043.0384133031,28799849.889678266,5371976.005538744,2225122.9864218077,2003940.1171994512,1250293.238044423,6017717.413011493,6533136.870658513,7109625.34982213,1274302.3855400223,9319829.980110584,2898447.85115846,874204.6237371094,8384628.737933433,1680157.271084897,1006279.9110046003,539909.3923597272
1977,3073227.4102932992,35365893.21445154,2980782.125982203,748132.8140292866,5411290.976935915,6042650.778884736,2452323.169436095,1493993.7026502385,747852.3683306689,977846.810465886,24521709.35088075,5787493.062461228,2276845.540761324,2010024.6688634416,1299754.5119447762,6055603.356404751,15470619.265006429,7679690.677730046,1411987.3705166748,10201424.015687287,3585145.092530917,906272.7271116127,9937297.021915806,1151313.5357406875,906250.08583754,534732.7826062428
1978,3137625.7755568614,35950709.590851866,5301438.9492290085,732794.33283999,5065080.715962215,3993624.970702048,2731502.6944532157,1059251.5126286354,702223.6246332404,478182.0789873819,20739615.003734052,6020393.778372886,2139750.1496575694,1683058.4111349566,992384.369198872,4956520.517975859,7396179.277911969,8956501.555935346,1573040.52211823,11050676.299565721,3367552.0291076982,1098883.862111303,10358029.027440986,1157159.2983089895,1250267.9692124447,586869.2747590718
1979,1469689.633302709,24405077.886218496,5927215.065033896,404219.4512344752,7808609.969304152,6006480.341711938,1748979.5858846845,1012284.5183412164,666588.0551731369,401296.4090737561,30264456.96294529,4383817.774772899,1424890.9988058754,1450348.9367863748,1129377.8299155328,5959901.3377522435,3454298.678113995,7632644.296928913,1676096.3723202422,12422457.151532076,3520243.247893977,836875.7115531076,13547827.231835948,1223583.6433047086,1237865.3775974687,695338.1296117965
1980,1889366.3900935452,12145436.998026261,4367134.946593827,361804.0301264745,24630423.967097905,5035723.129063206,1811343.1494302675,1048015.2705378724,719636.8703925046,604145.5836809496,19599939.633461673,2979163.5728682196,2030387.5781248203,1766319.695828917,1312629.680176345,7485006.07892218,2144736.871379621,7405844.8958307225,1210706.1880798738,14221152.290985227,3766350.058872624,857632.9871018139,9219292.639040662,1899334.3725307921,1278647.828724919,783503.11594637
1981,2906800.974608484,13502154.792950846,7523140.587826332,807006.5519942864,3002221.331301654,4765449.333235531,2669111.2919382225,1605783.3572864903,870563.1081445671,2753778.8719750056,16037818.231305333,2241867.068432576,1770730.1289086249,1698645.5636884512,1351156.038653803,6754156.756911993,1718755.490862211,9274303.003626665,1670366.002754686,15078011.922854822,3961302.1347005586,1375861.6128286242,9035163.296982331,2079877.0723808224,1327930.0636326028,783003.6724841596
1982,1259963.554184593,8432931.981035182,2443007.324944425,519888.02696867654,956612.3363896162,3251065.857265154,2935592.193307533,1354908.9406947435,938464.0137426225,1261851.6302264743,14193360.3930934,1795761.7815359265,1539421.1303389014,1450550.2907566286,1341307.8709131256,5914580.073251551,11550055.89887705,9386331.24647268,1865676.861923067,15926107.5128018,4443405.610001141,1365368.6528929772,11951975.754459685,1758920.7896307285,1382262.4636686826,731279.7966960784
1983,1725554.0204859683,47210448.24057145,83153.2955545219,542390.2389143951,559359.9651141823,2267723.4299738095,3159476.9890331933,1187102.3667579256,813790.5831687016,951507.8682799452,19881693.376708213,1673512.073315421,2654679.346660246,1429030.1244279682,1158275.5888631444,6016957.526363451,8006592.334137125,10718185.949850911,2200751.5402672635,17247933.74778222,4200311.882391188,1339407.0695137703,11492270.176788468,1539120.4752077912,1604631.1416183962,666770.9423405768
1984,4063071.1300332276,45003615.071175985,1049171.840355408,684465.3302969157,1233366.2819216077,2694186.402410322,3532701.62750976,1679838.1960001243,734688.1652818756,1346647.964782292,22050944.972161055,3173754.992440573,3184392.973249116,1448116.6933121686,1176802.5410157936,5665932.626928271,5048083.410290099,10051011.700780272,2145443.664691698,17569565.465555925,4135727.301526069,1406703.1809470945,9875241.065381963,1907432.9189327336,1600888.1278741206,702353.3621315397
1985,4846027.712642362,43588066.64860383,2960111.1555360174,504076.3721600314,2539745.328793892,2877323.6654878007,2900595.334558517,2088319.283632672,745813.4934881529,1038834.6431955993,24738416.812425938,2525745.7161064697,2166281.9450816526,1282850.3261298998,1208227.6971592135,4865775.263328512,3793462.351610726,10168784.866247397,2252713.0707837637,20911639.659923527,3928796.073755868,1314777.3645265666,12835488.558715792,2987200.21180543,1696058.1030427993,510404.6783380975
1986,4987761.9546834,37197129.385918826,2227284.1545733428,497817.95700643037,4336633.104009598,8430401.372882878,2154222.388612296,1708272.4501886014,965056.0341848999,384663.6115408973,25933520.435494144,3617276.504060992,1304937.990892359,954481.6851429238,1118279.6489947024,3711675.995396695,14581323.098062478,11442165.888003225,2382791.9037717017,20532455.163331803,3952670.3117008875,1624552.2012544987,10882291.729271425,2239078.529335004,1641271.1674593422,721080.6647245414
1987,3878225.858101658,32888455.133877456,2293183.5453922832,688184.555097156,7805908.175827705,5870629.934750203,3423741.4861866757,1386368.434657315,1052068.8843107626,1204664.1436189662,31333127.264918085,4089355.3059335314,4283376.530996581,1162214.0709358607,1076235.4623747843,4430672.843301371,5183577.355195807,10832367.896066336,2801172.6203630115,22115616.193629753,4612436.034204731,1001983.5260405988,15195097.322133861,2739568.339203312,1595281.9265964702,557811.9203248852
1988,4171029.8466079035,35778216.78140814,4111662.5191575997,629697.1641720856,1850871.9322029827,3984931.945667341,3958608.274826573,1932989.4340927976,1149420.0716459088,2009507.1547276312,35739948.53624575,1716681.9269575132,1927009.1557023143,2278770.1172772013,1619697.4497406904,9701580.2461051,1522435.299321385,12600435.803682022,2959527.705752087,24648269.63661891,5717447.32704863,1369798.9177547272,16809318.711059567,2207117.43206265,1695976.0278656369,619429.449198436
1989,3868213.9743859074,31885871.532853927,7217815.896978902,745767.6084573341,6012683.61989218,2370301.184003225,3171491.283134221,1671845.407289901,933353.298925787,1851878.598492166,34050749.32017447,1931042.0540671863,1335928.596100407,3041374.05938042,2148456.614055917,12865450.924288122,4274953.029526224,11789670.36688768,3671647.496249879,22938803.66489631,6214349.161318226,1502172.1206592824,15468658.436737811,2423729.273315291,1630491.553958166,706831.625520658
1990,2871486.9977255263,26061144.56126194,7217539.276425359,502620.70591655397,819173.6679529366,1236959.6355869924,2563552.3997555464,1260428.0980034978,1072769.1821137278,1573697.0410890381,31782088.7912465,2184356.677612143,5695132.758615598,3181492.5203722846,2183252.786709954,13788748.427452944,3748300.4063778846,12289751.656610977,3703685.447850985,20537732.725826558,7631942.965315109,2282316.6797890547,15006264.462751752,2377301.0485628094,1894221.2502402435,741573.9694785976
1991,2075728.1514507309,19525300.36260917,6748563.973649367,318706.0150039273,1927622.1771915157,11662506.716660812,2019085.368613041,1744733.0184190338,1015393.4341690765,1366214.3747426833,28730942.25662178,764852.1685917067,3001354.0610522116,832617.5984928174,1510710.2764846864,5667425.302054967,12861606.052771892,11768018.866393939,4465865.937798726,24305309.20044742,5554237.973665575,1855396.0411302666,13522822.305148697,1961175.4669876702,1644648.161546982,600583.7679656221
1992,1872073.909603849,31584654.06406416,6786987.690426617,525552.6314936909,3661647.9041433297,12056297.922441274,2979693.8823262667,1979182.2938193681,1052446.3605898984,703197.0362943553,26767959.33685624,262620.0025733808,3184774.335695558,781369.5791408668,993033.7832468267,5762796.798867145,6370643.545526872,11690348.771085056,3787406.7062784643,26408547.58277704,6824136.061512471,2104546.8158266814,12360370.298491564,1931867.8681995585,2177369.3792260108,685446.661611288
1993,3368845.5676411735,31832570.996650275,3156386.084010678,584093.566758101,4622299.713168669,6996420.819295069,3203300.2817390305,1815733.8602705235,1125790.081875571,600087.230188752,17595468.83182727,460080.82525885775,4852419.512739144,746934.2439194901,880417.8007365809,58713.120237121664,5467531.9129164405,13409767.610540481,3886958.7120524626,28286926.12486729,7447906.730050219,2267493.0767267453,10424025.516676877,2456947.9295976227,2188557.0865123523,528521.4168249805
1994,3802427.4210354406,33924000.380196095,2730145.120734895,747588.8334539875,5974678.3186555,7544849.862091529,2936371.789810591,1729070.4614690572,1145319.5204328534,1037420.6991353814,29669388.985405114,2054291.1943935312,2012019.7202542527,209672.77581053658,506533.2064058863,82014.78308523205,3516583.73059618,14240788.930669168,5336873.247574682,32526835.152521256,7433430.421888199,2239699.5064234915,11552866.115739418,2665463.665030097,2029453.4398213525,433209.2300470095
1995,2854837.6423049266,30087655.6766203,3117597.4649727927,939968.310405006,19953382.006187957,5832270.117186498,2623551.583243306,1673689.4092862231,1365562.3401834148,1694788.4822395477,21844797.14281456,4282113.278463036,2787607.589271884,99609.20245764473,376421.8124193953,56691.62924358004,5457791.286036656,15495794.314106338,5747405.158173445,35029181.96608381,7895782.921182587,2465081.5377987754,13561504.328526996,3164545.1030910006,2321120.4337411188,880770.5217480849
1996,3851948.325846855,36137807.215171605,333878.08635669673,898178.8050753766,9384803.06395839,4864629.450054409,3269770.248210263,2047259.1281849511,1446965.7474125912,1991890.9666289361,29551740.64489508,7095104.323464652,3654340.534404168,90266.64414687465,372497.95413854346,54089.859142717854,6683488.609148454,17573872.853987765,6502469.9370385865,35026523.415165424,8397034.49075072,2322137.3691496816,13610202.451589974,2903018.759156482,2548477.4217996392,648858.652047937
1997,7285626.754066068,39265175.825700514,7452118.082802506,1213509.0599222803,7874825.009218183,12738584.48112175,3491759.758827763,2167213.5567687918,1480720.1480679011,1848756.48401375,37437400.63499892,3167576.034287727,6728712.796371748,100957.0474220845,962641.192753542,67845.20485467016,9652967.944992773,14547643.858518276,5039964.557151941,32117703.33163944,6588439.050685247,1941073.4255290264,10813083.582389357,3034544.9911321104,1998366.7937909642,1033841.8540701177
1998,5155153.025437596,42965695.68071257,7908598.034861256,1062118.4763334098,4410272.177490363,10463007.07262959,4748930.254476437,3344204.949401061,1470843.0418963714,1120455.135836568,37968016.21193413,5212363.804986488,2653895.9435679703,134800.6850177112,836600.8355067536,82220.12699130877,23449200.895917907,17081225.847791597,1373414.755706771,32930908.92596272,4252584.772160612,643710.4093067896,6578300.36733928,3438260.1919220444,2080387.7046928455,903151.1294597574
1999,3999107.517767368,42783226.70661502,6279996.019342233,1433320.513239032,1350840.1421416258,4457020.661861489,2750662.6237155627,2388747.7409987887,1523329.4657649004,1844302.869306616,39969748.02580792,4008490.519736964,1683273.5786260085,168306.92331156944,795697.6010394645,95956.38783842103,5367164.743791026,21487988.891145304,4819251.759055335,37883790.261766754,4895714.705442597,778572.2208957351,9073132.855926001,4008651.6229679603,2393899.650639986,719475.8906689418
2000,3529793.0869893353,39596560.536849916,9052688.879449677,1169370.2287960888,7304460.119016067,912285.837676389,2031941.4719543026,2091022.609951993,1570121.5372201784,1971618.872914899,43329947.229413494,6459604.179093595,5273538.889878538,181915.74659347488,929657.9693402867,2449085.4635604317,455804.41215015796,16226680.50308542,8761101.148563325,41945023.25312822,8687034.995545508,547133.3430333363,13836977.533833388,3064624.2569692703,3011044.079574286,938705.0255323049
2001,4256833.448477828,28619458.304018088,4425885.799763058,1020018.499495162,4561547.371650916,5418011.817732669,3273961.424510978,3543323.4083367037,1336791.734169358,1489744.9161300913,34248070.855944626,5595586.667558699,2210803.643875894,763591.7831464997,1000963.5423037593,3484672.910761404,1939125.784037449,18991108.5143331,6694008.043809775,38716816.809448384,8838020.026404189,1253008.6621082677,13006499.408715615,2891989.857945995,2637598.725607162,921359.8648562443
2002,6749047.02539454,29889598.475311242,3996860.6468830225,1066153.7654832336,4583795.576533328,3982146.249686108,3014957.315123016,3289914.003985106,1570103.1655034302,1411916.7914167545,27679872.153764714,7404207.332869876,1201134.1507058637,877077.9975649934,1432275.6549067944,4343997.611077951,5140342.9679504,16527108.280489689,8638496.625886904,44477235.972196676,8362468.04537927,2445534.056041602,11002990.864551013,3322241.5752790384,2890301.761368794,1283010.088084845
2003,4928557.587798823,30089474.472459998,5960222.995006985,954074.5510554203,2000792.561347324,247584.47501348265,3114846.9213647502,3225512.386898506,1809694.9322546166,1709107.306051596,30663538.510279253,6188758.699334564,5194626.189760174,1366030.282640221,1836391.3916828209,5481764.913937008,9544578.774492078,20001961.16295842,3207996.7483818685,41025469.56344872,9460803.437357008,3143189.2828524127,11947536.54895271,3800518.735740735,3008487.019424344,1105365.9395355657
2004,4208691.045638642,33910172.773182906,4882200.292400905,1399738.736834231,8494139.334269905,6235941.421245436,2704015.6764487084,3727376.1717392486,1856932.0304706013,3498726.250723173,37783249.17935111,8038648.900855504,7607046.570717096,1579316.9875842822,1896883.3489459907,7276529.829387658,13665856.374040067,17961848.465236902,2564452.3540861406,45368651.100667424,10103038.373500159,2152425.617697841,13617664.19949388,3679218.2347835205,2898910.1691532275,1151455.5146783688
2005,6289442.156911934,34100239.795581356,6622526.4897102,1629921.8087839845,10854607.145788187,10346439.278393803,3561341.5716570215,3587070.2832856053,2088711.021819369,3306221.005241746,37493944.46399627,8596929.57601624,7717226.664392725,827731.8001842131,1484460.1550551313,8706963.83906966,6832417.252864418,21817980.18552224,6842114.091911944,58656191.41623097,10590532.09574796,1984334.2243630192,13463698.292900525,3284285.5991045577,3405607.0698011452,1124977.0599696403
2006,7031752.808867395,30905687.67501361,6394398.18257839,1931564.40513856,11627502.638530925,12277127.346356338,3258372.21090032,4099155.4691028977,2213920.1200367915,3887381.742801896,41334764.11346439,9458579.992358493,6081928.138675792,1604100.247138483,1819564.6740183013,13568933.346297435,9959073.466536116,21670028.50658361,7872327.279518343,61784163.19397029,9966106.378840318,2313275.2053520437,12420592.979556208,2656200.9132619756,3539571.3110279804,1237716.596491935
2007,10052289.17857495,31317559.131048817,6434324.065180942,1895458.8913937963,14425002.3006999,18085331.067901343,6720751.119869802,4946798.173599922,1741857.718131555,3349504.1964859487,42095693.81339394,10563577.000221465,6834450.243002426,1866104.9579716763,2873078.5149734607,17131551.009284414,19915781.512831792,24083069.163982783,7006673.148962455,75196713.28344934,12331789.44009769,2912435.5906353025,11821940.209098376,3795655.202176578,3309330.7999821748,1383466.4176939463
2008,2959629.3950695903,27896834.385900535,4738707.59223215,1332967.2358854841,12772205.009557078,13540583.230845006,4573628.223445677,3458580.1643328276,2210388.7619553427,1904403.2509150219,31492379.37922092,9427648.429709937,3130504.936045599,2753522.318705154,1666898.4688496368,13182548.239270886,9137545.594356809,21590413.07807693,5951166.395281935,61986673.763614565,11040762.465165207,1535739.7204751163,8865848.763443394,3661987.843973434,2841630.2911728974,1342098.3635503387
2009,5074442.159210383,23838983.229172777,3677045.7495407746,889031.8849452244,10287711.692180414,10551295.355908994,9848123.006610597,5539723.959516075,2932217.7877360545,1562508.203730421,21879306.835020807,2447976.3778105914,1635243.165082761,615221.4517950272,2070027.2570522076,7129307.283620457,33340501.681905672,25886218.151009075,2140615.579357848,78764288.42497373,8211513.747281437,2257066.961862325,6106316.109220758,2972024.8837235007,3188846.0503586405,2200439.8724714345
2010,4240837.039440688,27464826.27809033,2504578.175097313,1136252.7314758657,14098967.733523877,7766815.433059768,4318558.635301518,4213994.808030701,3039160.6267934637,1642232.6816695048,26514786.314656783,3995579.393920891,6173142.260917412,500632.2817280555,2340480.97726712,5152439.927019762,10231448.737581963,26314845.644734737,5901406.534374057,76261472.85933764,10758528.173861649,6054722.614715435,9671252.869278295,3825685.248356213,2941179.387028111,1097730.79388699
2011,3731062.75704028,29118722.677980155,6279468.934165664,1549268.7438828787,12156158.795646124,13752417.108046178,3604382.3108922355,3810268.791353275,2590781.3819023776,2991595.139763896,38903619.42951502,6391006.886064828,11448349.511189282,2064602.43891782,2208486.3911868273,8638295.030543014,1229416.6503799504,30350214.6380807,6703156.653875868,94477571.05718915,11283959.307001218,3512336.219323013,12788839.2706279,2750846.1733678924,3039500.5201495914,1316509.7062379483
2012,4794715.3976894645,33355979.05513508,8349754.087676061,1666762.5023756733,12572036.640444798,17135772.36889931,7229540.274062989,4592960.268417032,2327943.454025972,3142112.0502355313,28554420.015911393,7373310.345372319,7080445.391877749,1610490.1394791051,3474435.430857816,14254108.036735985,9426250.964506753,29764511.26477583,5505180.329732314,95965813.69144602,15901875.876536768,4593097.596872639,13638275.201659916,4244759.650908959,3925153.8167945063,1813048.6026696402
2013,5530328.837008353,29163297.129512478,9474935.919747509,1701181.780356888,12795348.154777862,16656586.093854332,6266739.851305804,6930289.9556981325,2379542.2578165303,2293976.621604684,28288419.16699805,6162073.094664648,10633873.754845122,2870731.8452686197,4062372.681842496,12961752.63748751,14280923.542637613,35259437.85682211,5145000.929784138,105790557.59892212,15546552.01979742,4888535.425916456,15731293.18936165,4708361.615960697,3829320.5405319226,2006458.5075507155
2014,5959959.970460416,33014132.482078344,7149379.91226858,1565411.9597717149,10011517.284993663,13685171.13028502,7371526.255049267,5897291.857993597,2675395.560583657,2247849.446858427,37269500.03053521,6227544.739547404,7499271.037082984,908424.5634834623,2585095.1086347755,7437656.227144594,26462516.220826626,40149565.59839396,6166141.357776624,115499114.43720843,14699381.01452196,4781611.617276928,9642066.664538303,4046305.1268571448,4023328.1411086014,2216474.730969372
2015,8554340.033266388,37433099.047901385,9505803.008067893,2111855.65056373,3170489.6962810177,12878762.85949233,9488487.175207512,7318932.011655781,2998594.3516147705,2396892.0164632015,40057561.77887671,8688896.776913371,9491488.346806107,874095.3225543036,3773531.5939183957,3371496.703664222,58246091.153378546,44147412.31269945,4738454.425836571,134598315.31087738,18155390.64164674,5613110.340225489,10305751.811422812,5147484.566005613,4374343.185359738,2126494.279072704
2016,5716798.042514522,36755289.89962065,8290988.791006567,1615729.8765370643,1031516.0349776878,8078440.717243382,9011760.8379888,4810799.630707514,2772324.4703786382,1722248.5595263997,43095614.59397294,9983654.30890884,7080590.339900856,1029418.2293020213,2543543.2232026076,3079723.2799020624,28040455.988712773,46062259.43431402,4820824.188344844,136506902.33597255,18651512.1496434,5192396.508046939,9725617.605829611,5157227.937975129,4745540.0479611205,1551699.1491596797
2017,5673524.407345524,33915808.30133059,5755915.786013151,1529620.9380036292,3297809.056599804,2116622.0543579217,7886413.423609989,3654596.6700864346,2779875.1693978156,2159133.14576164,45287237.47918607,13824962.668219246,10924119.618345661,1013700.4390853377,2514906.0162917473,5715724.147440449,8184048.002693699,40622002.10943507,5247047.345915751,124162598.50715418,17751478.34308874,5033235.1231779745,13153491.62842271,3602165.7204954065,5044650.991589779,1694557.549066459
2018,6468170.482617549,36387868.69608993,6659346.108491358,1637095.1677937724,3555092.770177825,3650292.0028234418,5272658.486644857,3481406.251567186,2795190.844375003,3244993.215283507,43096693.600659795,12575781.404693943,6024401.673861727,1174467.264576772,2461172.9701092956,4430315.835635856,3287204.0973030706,47580735.42116871,7868464.649994977,131075577.27314688,19329484.336272914,5396129.406770573,12324355.841455044,4758867.8754594065,5859931.4446987575,1484857.2721442138
2019,6096030.448932668,35740956.40974672,5747930.536595228,1661992.2801270306,8871346.882203883,681484.2936670801,6316674.904150034,4003264.6555904183,2737436.8082519285,2116988.6696449993,42239662.59163599,11787552.085948683,5680776.565541141,2849253.0872960812,3784029.1977275163,10956093.957899757,4469292.845368376,45016922.24258485,8380383.026734204,138575906.6807518,21912821.084454093,7120904.074672027,10255430.336116338,4716113.394472052,5305129.103540999,1670230.7749640248
2020,3458595.9306952693,23888783.81437419,3116668.0510095386,396801.7937235461,3594092.088208285,952551.6436020149,6448938.176882476,3389105.315022902,2313163.7248952347,1420616.0674851725,20915756.721723955,3357260.7233789074,4274819.219876584,1199016.3728959986,2314628.9765533726,5862392.798065895,10741801.590845207,15425244.457632413,2600018.785105896,71220650.1294759,9259237.68174604,1323001.391711306,7100915.853448626,3781024.043435906,3059286.176563948,1362435.316693682
2021,3109409.183971856,39408852.833831385,1396395.8276550518,1271885.8650580877,5008907.67891621,3121700.560927281,9574802.342573399,3610775.894750797,3035772.43639188,667779.7399905833,27896092.66215421,11501646.460305996,18488317.758252647,1331963.6964371835,3993049.347449792,13818873.375261702,19761074.638246447,23129784.02722167,5430460.423687961,175781623.42693597,6373490.872184038,4710904.440733462,7802041.853348322,5362841.131005206,5352216.622793732,1853757.2898024747
2022,7787520.122263572,32754327.8546677,6616815.646787728,2544109.9734393894,7092466.205403159,14247683.99465053,7457628.7515858915,5385945.583169929,2972933.2670583595,1191255.7611697193,59969434.478423715,13793007.638018144,11407465.446115619,374051.23437999235,4212775.361447998,3350811.2776377755,34521102.84079476,50227868.22159282,6338154.558200852,110181550.38581245,21725524.726668432,6462195.689127591,13794562.518249558,5690631.370464848,5707280.802271627,2110412.562214153
2023,4899782.611757504,34154642.09742157,8863435.041076088,2103005.815532193,13369287.359324183,7193174.894448649,8689447.699664261,5477097.533248598,2345378.2002766174,1599290.4603089106,44150279.444830544,9393781.68519807,9490763.389468713,350939.909686206,4498321.053597526,8964521.092686096,14735723.642888566,47794598.99453848,5195052.6923466055,176151340.00524747,17540635.900016207,6230247.475549828,15354183.213576483,4551001.148890281,3781657.3094715,2012586.595016901
2024,4833984.082439383,34969115.1446839,7603428.093443866,2184060.682037603,9110023.283673476,10759512.026489086,8391401.038706332,5775303.772825476,2953878.010039254,2053158.9998003654,48540597.43310761,13268916.679928988,9660775.963888263,104321.89807697198,4027432.704844541,8064619.970271996,21868601.02382396,54184693.238073304,6265217.123012875,183582179.615602,19768353.1569636,6574990.806311133,12758628.761230696,4822989.3095959,5508216.640810576,2260127.8340084217
2025,6070200.395814358,38027278.2131892,7606869.721520179,3447710.757899818,8731796.936689911,10281663.533867883,7790009.038862605,5890917.996495052,4109795.4787633624,2774601.376762834,44656830.95760191,10999187.658970004,7296905.070267592,46183.77611718206,3406291.3158092652,6097482.743092549,25408318.02982475,50015202.59450958,5165511.271119351,123933240.04527359,15988515.207240926,7830916.9513462735,12319427.486179572,5193855.312964412,6306601.87681424,2268332.5701691983
2026,5755218.444295744,37660235.596382946,8525738.56862962,2484161.591685149,6758640.637192745,10403312.66176217,8847495.89306989,6876014.389328181,4521236.295277691,2661690.251654407,41717270.3729865,11214738.70582565,8133371.07114353,36686.00146346063,3953658.7283403673,6692333.256253914,27768049.22420921,57263945.04079779,5049578.963828451,124937764.14654852,18263813.796733893,7794546.527711482,14598090.089807007,5085145.974526009,7761536.837504958,2559464.279422268
2027,5432244.118620662,38483259.19791765,9807974.027638128,2882628.402607415,8202631.736399468,13043548.672145061,9993927.81109501,7643631.606349522,5068309.589830967,2822881.2389615052,46080269.46263871,11728473.2237459,10063975.960402925,776882.3547260048,5616009.880911351,8415064.814447729,30600067.6503126,73655398.12548019,5637218.331453727,176770128.51702997,24292185.28904138,10056195.415735094,15113923.690826198,5462509.174441272,8426587.498052152,2614880.2875779495
2028,5483255.108206083,38725656.23207007,11208013.045850469,3132260.5261153853,8189607.763424624,13792772.824245023,10389957.850518811,8342924.851613898,5418314.670020097,3175667.6083360426,48817887.13612987,15246209.042216714,10685544.633231778,1846772.6367122892,5565281.480871007,8678623.585019393,32248801.11167884,79701941.50888184,8584665.800223086,161455613.5596767,27174682.69684586,11411646.45527371,15273062.92287001,5505959.894159317,9732675.089623535,2710738.7640527505
2029,5567678.706122414,38998725.152903326,11426758.86159318,3216368.2681185156,8812006.302031284,14228406.442999827,10403045.58797887,9076969.337429063,5519232.851492535,2873104.429707283,49634376.056510046,17215140.4006226,11228778.829061186,2059270.696957919,6052815.926537821,8859763.18459626,32914521.374955676,83135761.97231369,8192973.743091388,161556725.04105458,28949516.828181002,12229280.14645229,27619533.28962061,5506401.407028813,10025521.048507318,2755453.306092046
2030,5494901.286092879,39656834.45194881,10728298.49276165,3471992.274817344,8538031.798606807,14263774.176996203,10825559.427241832,9679521.108491627,5421327.979170547,6756410.649821858,52929492.01420862,16131125.38770799,11583456.12460237,2203652.255997771,6044477.090221348,9126456.744584136,34378262.48083403,82010515.10689908,9827856.885008916,159514910.11884376,29970637.831405904,12002665.148719985,12299815.321763318,5386197.766816211,10305463.2739595,2811184.564109343
2031,5538563.371180986,32379230.003426094,11206728.680917261,3964528.433131307,9979341.605411453,15147243.839775661,12060099.201083956,11158458.27662572,5639993.234769712,2928953.9823121037,62613510.04233306,17404095.547270566,11692017.194407132,2329991.491104112,5831202.205560067,10038953.60624374,29823062.41250304,83641959.33316018,9633533.400193568,152012444.1759629,31319630.474702235,11677065.295044623,12542222.564862743,5281032.112641095,11589750.669591684,3118157.582431947
2032,5920569.674705907,32889191.00650456,11616006.770836761,4101817.7043143273,11221755.00992728,16259288.758284321,13103951.56053552,11368966.263293806,5694333.030580125,3183267.014388194,80695035.43475705,22332098.79089809,12108878.06242611,2600851.2756057465,5556182.642437348,10329836.060266288,29651616.552746832,85329580.31558777,9792248.473300345,152259951.43348613,32012572.497986086,10749400.118938148,12804861.422500204,5275325.821240931,12073007.376011457,3273537.0771730114
2033,6583716.862160602,33116844.58345136,11307339.402031904,4149776.6131129065,12513645.413828244,16702803.492809562,14562323.990112426,11707621.028209385,5898777.958658436,3485950.9084923216,74639115.94994116,27722024.41259065,12355229.190144313,2842628.380824469,5485708.780200092,10585023.725355856,30048608.500701796,90113788.2742185,8332665.909244463,153307510.1744576,31810451.282002337,11510365.190959528,13351679.64796681,5414069.395826226,12460004.635711335,3416360.8635649416
2034,7703043.281869337,33556893.84393466,11461286.76989483,4233614.255539421,13504556.03940328,17879119.654232696,16273910.21145371,11937410.341313994,6125483.985215256,3832074.030601939,79187013.14431027,30736844.38900248,12486064.528783903,2919172.5231283945,5517730.752277903,10681583.760284794,31228988.993182957,94509483.06786563,8262916.166460943,155933078.3099182,32472215.74696192,11532258.554087242,14492424.61088896,5572257.757644694,13631533.463248063,3597426.132406509
2035,7888896.3943487685,35066075.80906145,11649578.624053545,4068178.933627469,14160615.081313608,18434728.83003255,17858556.99554043,12188764.473987207,6251161.814209092,4105021.3099670624,81281621.02678736,34651047.889676034,12585900.252113646,3008399.3777667736,5887489.383660223,10529113.398980973,31636781.70861077,95927162.29387268,7309644.235269463,157936643.05915266,32565562.288421128,12499398.274752216,14450117.452398976,5781326.543178026,14401212.434989618,3801669.529225686
2036,8425130.66207294,42166297.48900564,11811274.079662064,4475191.786648093,15908454.01354138,19212376.708436124,19574044.086989667,13386828.596446045,6568555.744451306,4697163.794003491,75010923.39652129,22120022.192976493,12008238.879814403,2985954.6642280524,6435327.991690621,11075404.62907332,33440391.890915982,95977501.504224,6643433.738575745,150591768.23362756,32259594.047730245,13554353.692315033,14133030.05307364,6031339.878369945,16042507.315225733,4152630.3288626377
2037,9323757.357680405,51208547.64030305,12096923.070137154,4701875.364893789,16944295.894514963,19927153.200431466,20046831.666181136,13963854.268847786,6830861.4658617955,5124034.152477193,65002176.08204196,19024930.85108421,11609086.170019543,3070954.2675099955,7007088.908885141,10866134.518411182,34213800.27871057,97092953.45601287,4942027.079208253,154151587.5307871,33008332.558283597,14552486.547622563,14005049.168480799,6096574.880149937,16947785.69776795,4334422.374174604
2038,10037226.255097441,57348813.51049722,12694553.454032192,4852062.029961061,16262026.981200421,21382472.898461126,20034598.984528717,14486530.883862216,6974991.040109834,5546094.658514054,61735228.39247104,16121353.663462685,11651916.356288629,3348010.8987422762,7302222.993891008,10705738.361873861,35234702.9909903,99161948.76609015,4964593.899508396,156774310.00916168,33749570.18067474,15329952.86071029,13309188.788691727,6132839.6931213,17928863.68871977,4552770.762048092
2039,10243757.796070304,62249894.17950836,13647945.443068255,5175304.308100357,16972789.190561466,22302078.36689379,19926145.081511214,15076201.6430378,7114235.595244136,5882571.2352806665,61869452.196193956,14840663.434662733,11739197.799134979,3615265.9050291628,7669861.802335211,10655616.92016521,37298992.42939392,104809491.09836261,4986390.978256524,158577666.2918646,34456551.82264538,16300030.696258886,12163198.874413837,6164907.000967929,18493060.765155967,4679700.008531444
2040,10057489.119948417,66647763.601005934,13948097.285278482,5316088.284707736,17232170.98974759,22870126.20859493,19711114.13194882,15420904.504513167,7397147.816343252,5927930.540666928,61651376.48210822,15333789.105955884,11758194.857179405,3934442.5570046445,7763074.025565579,10661047.887712331,38759495.16735802,109889081.40361275,4788179.284245108,160538121.54794812,34988193.20955773,17365587.687839396,11888091.081833549,6173151.04821279,18996734.354076587,4733641.990165397
2041,9359776.56600649,62111158.806060754,14108710.665249579,5802944.1899863165,18135677.427425798,23303368.35924468,21071319.71820954,16905929.9631923,8086947.088487755,6184075.99597206,61667426.361734465,11694567.808212109,11820442.75083467,4122306.15199078,7884380.2899693865,10842193.488402288,39071551.62576403,117392740.60124043,4639618.505910905,158161295.60646185,35304202.474509895,18792056.677690726,11738401.864265835,6106473.5105532305,21118456.51884682,5076728.998587143
2042,9176759.851283515,61175213.05423614,15363274.947616609,6120029.895378431,18830708.263565544,24505921.49187595,21624819.502344027,17437700.280981496,8402360.671533689,6454825.686604455,61500255.9045306,10907376.155251676,12344758.442770256,4326253.370306786,7877440.011931033,10899252.231266975,39891596.459358595,122676511.85906446,4930805.2682533935,158297313.35335967,36674805.92580951,19243816.43416089,11536705.852590317,6235279.395771825,21938434.121707745,5164361.272907854
2043,9250548.932425316,62248211.29693692,16513500.782657502,6376556.995362493,19691940.306753997,25189669.371715594,23011741.024032384,17986933.962007318,8511508.395882357,6857191.272554549,60779118.960213475,10121458.935180927,12472533.609863577,4437094.809066183,7911873.450930611,10917350.269701513,41130159.433064386,125041114.45381844,5258936.028983344,157948642.97606158,37914405.64265216,19383278.51597967,11463842.27831505,6215107.585941931,22792772.068560775,5382542.959900483
2044,9713332.469813533,64223507.30243144,16558116.099988855,6730172.734871634,20632551.25048707,26490438.339406334,24324488.928917665,18637701.15481921,8911416.530899784,7388517.400319422,61609565.12203312,10216964.402758839,12228825.795934351,4628126.481116223,8043012.9021270815,10946437.322885197,42017414.39371709,128435399.20339248,5498118.601865707,155301201.63783342,38873947.786047414,20056493.235361557,11567141.353612192,6184955.104663271,23719217.216742825,5659740.958576103
2045,10396996.28148026,65744549.75775487,17386189.247884523,7029267.138633209,21167215.214643784,26794430.62016023,25599676.344060004,19114834.49817354,11210333.328340413,7717571.078067078,60748926.3126348,9688014.04075252,12261524.628380023,4886335.958697263,8274147.124376164,11288333.327569492,42519770.422312126,129671061.13373177,5816815.584450595,154739475.5973585,39565963.730208896,19029100.573990557,11437149.966067463,6066367.220554554,24741175.216173355,5878333.632568732
2046,11190604.74582119,66173822.09713005,17043560.3958073,7802890.717126121,23051188.45648008,27824693.300026786,28684538.284879047,21044287.212347515,11752165.230144214,8184118.488452105,59388750.92382261,9315439.637488466,11746917.401925681,5015803.201827067,8625006.828530997,11909309.074974615,41454878.78805084,129978893.67914942,5741134.09432991,151987963.0849234,39890021.94343106,17764133.60627679,11266211.990202367,6083514.58170385,27063278.126896225,6390683.750665407
2047,11614434.421137543,64644274.9481784,17344492.96940519,8214944.050293241,24503513.73186161,28222258.821780525,30149839.621251,21469860.976897374,12904126.879414134,8550112.817092033,58236830.409102134,9529937.330117408,11582563.114941772,5076645.043399755,8992332.779676298,12184164.8847799,41128352.103428386,131802744.50515841,5749286.229916872,151643918.0477598,41251726.23954626,18122692.38837492,11297694.705826033,5899275.553823014,28086366.92756402,6717716.017126172
2048,11289240.58933492,65265278.0011892,16228846.14606589,8534652.275212836,25527023.47630592,28762115.272082362,30637310.60475861,21891662.06114409,14422958.324099166,8959779.524283161,56050406.52414689,9425732.66504359,11349080.379938262,4983774.507567672,9308934.192677956,12470090.904444389,40573653.2193711,132643230.65611605,5659026.123750903,150787869.5821456,42934771.28775087,17137016.35863378,11308622.210092181,5933734.8097553225,28512256.31244792,6886873.397658127
2049,10899973.348842736,65731630.64247808,15941349.272778595,8618543.706500657,26256353.693837985,28503953.786246426,31129226.425117064,22442245.29780972,17428467.503030695,9375809.840855129,53043303.04117705,9056129.16476037,11445037.61787909,4825424.009304659,9464814.268875005,12854916.820880953,39747202.67394502,130062707.91161501,5660100.208113943,153923007.56736308,44442844.94278516,16805819.93336348,11332581.94189894,6012016.952216141,29068701.149832793,7058322.211242152
2050,10238669.71240955,68078114.6280936,15229251.904679071,9078301.316855695,26399873.43180201,28942599.110829044,31218652.67500959,22871799.049780186,17510201.949140932,9554354.317993056,51046014.36760167,9244302.537254632,11793019.905992625,4807475.566012903,9374420.05513772,12759022.924396185,38868132.829662554,125722785.47923346,4922758.233745436,154886910.1405048,44866075.016593754,16583182.073566245,11662762.802428741,6130927.393622491,29788738.55272849,7281107.112669105
2051,9667181.631588474,68488666.02979343,15475777.06071507,9531405.099212868,27715418.082994223,29397692.676377896,32671145.374359135,25323300.511424415,18633460.648247615,9874496.254477216,49652435.391500525,9612905.831076566,11873177.943999879,5121511.80218254,8781707.277569018,13118824.424357725,38561955.095135845,124359828.39997141,5294836.117598122,148723782.72327387,43206949.48896503,18601212.281446304,12136624.818402516,6097817.759547041,33977030.897053346,8023661.872373733
2052,9195958.624778057,70385702.5325477,15754031.522259511,9515296.395307569,28077060.41831393,30260358.965813387,33500437.28437206,26475426.982030086,18046091.701701798,10240216.275509095,48783472.88625751,9920169.909458267,12171124.292491926,5416910.478931582,8971522.721075926,14024157.435072523,38785578.45277281,122145677.39679545,5149622.082309916,146330281.73448613,41568537.51560797,19436298.159196742,13160473.970826304,6333037.352120545,36028867.70946429,8341326.141331644
2053,8656698.411171064,70383747.23029816,16305605.02460299,9670479.240907485,27920170.52453131,30488781.217429206,34327690.95321667,27803182.71681827,17428751.500194788,10403201.297717907,46978515.625749834,8955233.441999778,12691321.429283736,5752194.890009135,9457053.619878136,15150603.336282913,40788895.256329745,122407990.78440301,5178850.788457861,144654937.40733308,40485845.27008969,19559265.778126415,13248532.280884607,6520362.588278562,38393727.844397955,8771708.448825309
2054,8202371.03153357,69822270.86338629,16674388.80628649,10747834.386102527,27823498.00906686,30429774.00921439,35846168.41830855,28737164.343035202,15183253.202531962,10751287.992677085,44184083.44402878,8415615.795372503,12595832.55932725,6003068.828447601,10095052.201865206,16226011.979119448,41356256.82806062,123698658.72644223,5350732.102183542,143047286.77858606,40397709.1498546,19751392.801184513,13326161.502789928,6719389.3466808945,41843773.996049464,9250870.093155257
2055,7582231.207496225,66886981.30375897,17003537.66504436,11812929.69592971,27954058.433311913,31010172.505992725,36808922.60646007,29542393.357458457,13538081.64555877,10796317.316665556,44587114.24757066,8567784.670973012,12080939.39380157,6045383.69085512,10598519.028074041,16967898.869838443,42923852.22369487,124675650.01318733,5345198.670872748,147155972.55642182,40492360.797034934,19566200.36484225,13042823.77622966,6803659.454985421,43681212.90083004,9718589.963105561
2056,6774182.552813822,63855765.20026375,17120930.845832244,12158549.291502165,27956209.985064562,31055694.146900635,39093235.506072946,32490826.050503686,14635821.519219851,10974082.043615522,45825614.762841,8566349.26729237,11106577.830842169,5995103.378822857,11032121.776018454,17500743.535781957,45893910.734563984,128833056.46131822,5092105.224945243,141363950.4434923,40918970.278590865,19525652.801690713,12637676.331368044,6731995.738729322,46164204.69788426,10747007.044822766
2057,6115175.775938187,60856138.2238816,17417939.76234144,11767493.577447977,28562692.386918988,31063040.572901778,39468123.33856611,33430737.01428991,14423295.327250794,11017904.226693695,47671054.83915861,8653833.2382929,10655599.095327647,5841917.129647522,11217134.02378601,17430098.338180825,47147104.778526865,132428606.16887504,5086857.626396776,138855143.3199581,41848925.14859814,19411435.33756438,12968622.377560375,6802213.173795375,46541255.937196605,11216249.03068051
2058,5977875.318838528,58100724.707117476,17863073.66764363,11434678.964986747,29392282.10727846,30711031.940077882,39935354.0421832,34040019.83830239,15797301.047510829,10885273.280172963,50697144.49590846,8726075.219407173,10636448.516967801,5740653.825912698,11371286.765580125,17210393.68066465,46255439.33551683,135547811.78460658,5238787.675426653,138759247.87522748,42628570.479661316,19595207.88910204,12965858.592331484,6874753.050605888,46803913.20878836,11597391.504133249
2059,6150260.697219155,48714925.54139006,18008162.091965616,10446901.186221482,30352741.01273683,31437993.69736202,39124471.1658698,34933724.01667799,21176180.905302953,10612465.710920056,55344982.371990345,9009328.1466355,10826898.66904852,5699346.699267549,11587042.579724267,17215596.71368066,46712867.007953614,137713469.55459252,5087487.332710832,142134002.7590581,42639488.886859484,20567294.663866445,12824518.520085659,6967913.553149185,48137699.4044063,12060363.35590577
2060,6312903.000968389,48516908.865092866,18300617.699868187,9372741.76768331,30068405.6223939,30218822.803487156,37866974.433548585,35856249.674463935,26219679.068028968,10472009.174575763,57938314.1461571,9888409.706596455,10774313.444804102,5791810.971931505,11819325.104801094,17733680.92829551,44078188.0379542,140717199.35190648,5402914.591047038,140896375.8831372,42971356.29743079,21225620.21072919,13797827.501865799,7021917.836434804,50568433.462866254,12477062.655403057
2061,6561454.564893777,51410936.82828576,18117834.156821158,9541591.136874598,30160835.30345183,30202213.424844354,37999882.949748285,39822840.47392895,31583691.496763486,10759081.284775198,58144084.172674276,10838218.982184984,10370899.829011016,5949103.685715121,12312796.098241419,18346456.868634578,48731561.68175104,143672718.37339115,6149652.690938312,139289095.58662167,43680471.799345076,21137147.452914517,13321194.277696019,6898613.100440633,57230757.616429865,13548606.187738378
2062,6896912.601570776,51271845.80887954,18438497.672353737,9717603.362352235,30133439.869826846,30531073.173249282,37382930.5938435,41285070.778374545,34832257.3438621,10737282.574010508,57341695.108416,11722174.734192483,10483259.908825172,6106336.0493564205,12588798.85523979,18859811.740338247,42048177.908597335,145810335.20641655,5118331.686068558,139272204.92365894,44522270.98864708,21843962.6973748,12877326.98962708,6950056.600216968,60263718.17205173,14172370.99823072
2063,7114960.349944384,52624178.56064404,19155502.945314847,9787001.372783585,29742554.307789832,31405676.901752,37391900.62250263,43295978.293969214,36544318.904150106,10890765.603946254,54839311.260833584,12745023.114615759,10417219.85096215,6149405.708358633,12825711.999481663,19006064.468031187,42344160.942354284,144841287.26963848,5529569.382820029,135013392.8256243,44463300.79447755,21143729.76732642,12482797.661327248,7062835.51216119,62609039.98564259,14804322.923401535
2064,7195584.370813727,54198573.07001433,19575947.369237177,9844388.993719988,29502497.35055453,32140015.96060028,38176042.54384236,45022536.58636261,33623079.41668941,10921236.789576741,56082676.3432104,14418167.471013652,10352598.296854535,6043826.58073013,12873695.605384577,18966978.232310276,45478982.27711914,146654427.2276751,5363381.123917435,133200645.99926639,44882938.823785566,20224443.236938838,11947478.331892513,7191358.629903348,63078807.7956115,15426451.600798015
2065,7201215.91518683,56870846.25726327,19369235.746605087,9972091.838086057,28990987.76505824,30855003.952975083,39171056.04594005,46308085.91039611,31319600.86549914,10704748.481283361,58241761.83295798,16428201.37289831,10510653.924020052,5835857.872241765,12819651.747367505,19003638.872302894,46946185.94323353,144819589.67775986,5164499.652983485,132020882.09840755,47267766.19057052,20442533.216205817,11610514.875247268,7344349.23200946,63831582.20212248,15886836.019222438
2066,7281043.645899263,59196295.90721354,19516284.72563512,10338485.696670908,28270286.589774832,29962142.099252705,40400824.00328363,50618335.42894645,29820646.67272311,10247119.865255818,58196823.13421609,16549874.308627402,10351002.925654335,5509434.730757316,12951605.358647589,18930101.111311436,47566606.811245695,142004811.06536803,5025845.611170342,135636020.5088421,46604680.97455266,20691773.145319663,11353138.814411152,7585185.779244587,67049287.8380103,17142199.73567346
2067,7500168.4446558915,63111252.12011358,20079299.096914854,10513724.496122958,28726559.63552662,29734310.214788858,41816274.70775638,51567403.29916326,28670045.197297253,9937216.42611643,56669852.87889727,16538531.11449059,10533979.277829727,5097145.963342987,13154218.54032999,19287751.820548642,49777206.943734296,139349627.46117744,4825694.570344704,140429495.78194022,45800436.81915757,21460738.237234734,11459233.848368192,7851953.260903981,68085823.24407774,17859101.934618488
2068,7467842.540842549,64800753.12193607,20739593.305277646,10598391.416056827,29284881.894330084,30176976.1543539,42998856.70124737,52238132.61705732,29281786.93812767,9706346.47211758,55716883.05784243,16253093.252712958,10610989.385022717,4744030.619797104,13258431.179930612,19662879.698867146,52334734.73066394,139219093.78542945,4727347.172461659,146733209.13625196,44697836.73735479,22598033.86590013,11229338.849220583,7932521.526639421,70703285.48519237,18396260.11386555
2069,7938286.6542532435,67688577.88270529,20162800.471653234,10570434.766212257,29764969.382671967,30262484.1574764,43835731.47316057,53411044.52301098,28289122.09391574,9653625.400953578,55898330.58201498,15635911.857324209,10577016.625540555,4484562.17515684,13521056.601297047,19745016.123565003,52835361.062917605,142134941.8396497,4572533.844149257,148587932.8096376,43785252.687069945,23596912.043252744,10907281.878325608,8035806.80277898,71462289.72123125,18938504.448606133
2070,8404315.265276687,71544652.48026611,21380540.3807811,10358510.777230788,30440594.049493253,29671659.829510458,42897109.49888743,55080505.32350285,27454861.722174153,9758015.761538714,62892212.74660388,14523007.242113438,10642224.05990525,4324727.916190496,13607739.873804007,19567531.05879373,52222261.509723976,143565442.56108874,4558101.2678295905,144900497.5917521,42384819.066679694,24426946.001324784,10746815.284645494,8122712.6720048,72381961.25686355,20006740.11615703
2071,8966468.87426676,71005853.70560138,20132873.144888613,10146360.676739914,30222309.57434106,30920264.168695282,41554545.649008825,62208188.02922078,28357772.62317866,10228368.396954829,63191189.91560525,13858706.35519113,10476758.985881234,4247595.85482068,13990309.876742825,19417284.58293714,50269980.35002978,142631068.56266394,4696906.978474021,144579725.23147196,41102392.6707484,24883951.546748716,10597389.49432904,8104872.946591177,77915337.9077662,22237961.070571765
2072,9580363.619145712,71119676.50785133,22362096.263229646,9822350.810348814,30217853.517593,34794440.697071284,40147700.19920604,65283138.96855221,29208400.677002028,9943739.465832885,61412024.30349363,15314899.583974147,10392520.504127577,4160361.840632154,14266129.299259434,19107955.086354334,50800358.35414389,145851381.9772071,4398482.4093366815,143203395.35672554,40612937.5826,24835337.052037977,10370669.733530072,8255580.19666763,79006249.3029827,23701072.89152459
2073,10116631.890585396,72512672.02632402,22642141.7278567,9730603.44532095,29817518.51569623,35082393.10665584,39128455.66800686,67715074.24055196,32241460.620867018,10037040.896330375,62413372.525342196,14096567.47939622,10023083.678707676,4006521.426242875,14569309.471300632,18931197.581718896,51504538.35046426,146305745.08916986,4163380.6456538513,141610123.34371516,41826994.55403802,23876108.405141883,10228437.268193634,8362045.60215673,79937797.39706637,25453180.49312122
2074,10084507.792578928,72852661.85660043,21958579.777782593,10094382.362201858,29540109.81294381,29023864.125548936,38472566.99229926,70905373.22762756,36651851.4850616,9929448.355372567,60363495.56181289,13657855.380036606,9975266.627680443,3901288.782873989,14753898.617369825,18431862.348818943,52311846.24435018,143119358.85534424,4113760.9740316644,143130625.0923391,43384469.63566328,23340189.59797194,9802307.124893835,8468726.725683551,82799633.00909047,26561606.215955816
2075,10127678.665045157,70998876.86336982,21424420.605193406,10410815.113436325,28693681.395987634,28600877.255341552,39446130.19892067,73210258.8548302,38709150.64859211,9950103.404650724,57245308.59598336,11771323.839460028,9808508.902462294,3846107.479559365,14866076.470862014,18024434.5243878,53163803.8123838,139793253.73667124,4150582.827839804,142189967.55422258,45317824.13772485,22953165.787493315,9576192.105292253,8586028.76117819,83418860.95828797,26724832.84268929
2076,10423542.11461819,68343663.80798061,22411110.70531087,10546787.974075047,29903268.53325918,29431583.91705551,41412042.023951724,80167825.00540064,42395218.32531385,9300747.099968677,53651952.861396566,10237966.50193204,9362826.076908136,3931656.173679826,14874184.198282693,17669507.594022177,52637883.188614376,136414250.03545606,4186563.781939956,144081378.3447277,45633044.46014583,22856481.062085565,9695610.79095899,8477319.417440819,83838761.97434069,27852938.762067176
2077,10889207.680452459,67651920.57553272,22592256.023871295,10560825.906861847,29501124.22944342,30537242.303333253,42794976.886208996,82450660.46150245,44082733.573777884,8991812.915881613,53060626.881547935,8992212.785739508,9339505.005756928,4081172.0995335295,14972855.252368543,17528968.212909963,53246937.611776456,134368513.89502528,4204930.281259048,143757680.59268203,45110402.554861955,23019162.252529893,9727297.399991052,8522344.40816979,83710083.08038579,28275423.535230733
2078,11501881.922586566,66673943.000632204,24482531.666202996,11106817.30891591,28748775.19004586,31609640.46844968,43262873.96232675,84968788.777445,47470270.08831534,8868174.790597849,50625041.45333165,8531772.5838312,9632553.441047335,4313848.661265274,15184226.917464564,17609591.99504735,54269460.653146684,134676153.308325,4249132.677436501,143292749.89944258,43574512.56524237,23204717.471568774,9814081.426513234,8741166.981340079,83880246.5100482,28807939.98965599
2079,14945833.18905106,67262832.31202708,25143884.360911727,11901449.249718107,28728228.915267758,32307654.33967295,43113642.33312206,86232077.32514712,49457924.903357446,9312006.761594957,49747554.92127816,8347241.842509831,10061891.65145147,4493670.563616053,15350538.163475595,17827464.528674282,55763795.126682766,135238166.2499833,4255365.6231736,144519714.00194556,41911800.61205492,23192960.2870811,9925836.364684755,8741314.787840934,81760212.73440212,30026033.469208524
2080,15968961.793819834,67284054.3552549,26933925.054007437,12314196.893841716,28475210.619720094,32508821.363100212,41698658.03781356,86838785.13792177,51413219.209935494,9859227.819671227,49158461.35274156,8259258.369358527,10400753.511114636,4647273.268073186,15415154.931425747,17810795.70444204,54803123.95390128,135289334.33246037,4251614.7081503235,142709308.9031182,40935186.79556748,21774268.907372396,9967710.432467515,8948291.967300294,78717412.66214792,31258137.420129064
2081,15544555.259913003,64845778.042701736,26239051.819522142,12442471.083196988,26728757.11667791,31297680.98543049,42134644.00152302,91342688.47509456,51386970.53768034,10032288.12602898,47949409.88052072,8376605.027937759,10291573.443224654,4797135.042190433,15648308.780672578,17763868.60084957,54206754.730349496,132830761.39304517,4435046.454912943,140605872.8439342,38631063.64448471,20650883.599271,10344651.687833874,8889692.238570027,75463220.85246159,33496342.697715987
2082,14848932.379981492,63852488.8680782,25577558.013521295,12416729.457085889,26637086.25277782,30868059.800658315,43797998.38538991,92769497.86605504,50848931.313456826,10316380.460829051,48442451.095104195,8349778.4293563,10250925.362962594,5019379.064537059,15776763.448438097,17417826.511862367,52968146.73843978,131498100.39994785,4448742.156349125,140877699.10336623,39279957.68203304,19691056.11949324,10696228.20703794,9182424.803048596,72146977.77227016,34742622.23135732
2083,13118077.982974205,61743212.69488364,24334018.406449758,12107766.380397432,27049841.109499108,31002271.169962704,45239358.539873526,97930334.85998641,51855087.504049756,10454378.578978827,48979553.391028546,8049374.258730061,10345116.063274106,5228590.680533551,15812193.228188703,17213765.65757621,51716876.27001034,128770198.17573614,4645439.465845333,139757199.68318757,39958072.87454831,19255664.643119156,10762153.188470254,9507689.552365288,66720416.78322938,35333017.99924216
2084,10503651.86219942,59843841.414540224,23620905.002892256,11213411.249798996,27701243.87756445,30651420.229923505,46926281.36698424,104151144.02449872,51721829.35153917,10406033.988705087,49207067.16187247,7967690.469727708,10318419.435555873,5307972.679447429,16092257.61951746,17419513.333019134,51214727.27494108,126632860.78923205,4815056.436317732,138873624.25776863,40171879.2663125,19806576.25281783,10653948.268567454,9958734.665259093,64692222.44707883,36127437.036757775
2085,9075065.148184998,59333270.35413324,22332101.875834588,10630724.674501596,29018374.330204546,30654046.770866185,47211228.07161938,107954876.33319536,52557728.91064972,10427202.682857964,50031610.45478363,7936938.826757718,9953001.93573352,5364672.556708426,16143393.841601152,18158561.181898616,53638324.556094445,124094272.10049237,4900489.717317752,137906648.91123682,40795035.20114671,20324309.151424546,11049346.712257497,10231094.715415347,78150389.37388435,36471393.371239744
2086,8154354.622236385,57022967.64515405,21666544.08089492,9956182.671221346,30009434.377415836,30900752.290651437,45862430.92552187,116238336.36325736,55049931.44321696,10297008.705472874,50067591.29560669,7951001.664977135,9635097.833479986,5549420.993967865,16318415.28096555,19586635.97980218,55026520.61712725,120535487.41918667,4821976.532410888,136734493.39103946,41486505.29323182,20971020.308583528,10825845.630603384,10195251.788843356,85240489.86898857,37989062.90694906
2087,7879661.162887946,55967800.67795217,21608794.061745156,9314756.115016336,31059128.125513993,30865220.475788537,44186687.79974536,120451822.08747059,57158306.30018361,10395160.414308257,51317061.257761575,7913166.761351884,9539097.471039232,5656129.568846164,16382554.124849776,20616301.27462522,53921374.54057438,120366603.2364524,4788483.516286944,132691292.86741227,42632782.91697635,21445202.146407414,10353095.608837802,10550253.259787355,81518987.90474375,38273713.5320833
2088,7703268.866105255,54217495.55714559,21859941.112553775,9019711.712785283,32087088.671977162,30843064.91015266,43475326.7863837,121008467.95654228,58518889.58994457,10307084.863417892,52311227.164964594,8060413.618581544,9455854.19549078,5767851.5515766945,16391322.5627294,21522922.678387344,52750637.20058918,120276293.34881465,4729861.999408548,129575733.05163583,44009369.78274513,21710052.705005467,10168657.042086491,10480709.286368601,80644514.28301553,40090512.56744239
2089,7289987.262030139,52573234.41915557,22182576.9690019,8420772.288956152,31690308.078377485,30651655.19861678,44275561.99119322,121761792.44619122,60995844.08311515,10023007.253705569,52722806.98832831,8785859.095135791,9355964.734204654,5813224.624173827,16594865.70829771,22710500.60487126,51099477.30239853,119330072.50269401,4474045.685888773,127862306.7539893,45819372.35725462,21820714.888099033,10100860.523842003,10547405.116924556,76593354.10619764,41684681.601366706
2090,7297401.913314174,50337162.58284937,22809533.150009714,7915626.786928365,29367307.744275972,30663181.607492227,45626064.20634622,123613048.12428156,62555355.42202787,9843408.757840421,51664111.12756837,9181020.875087813,9470938.581039052,5765769.634489007,16773645.699422445,23004115.351741157,49901681.00327466,118454642.73709711,4381599.962738188,124381244.8717274,47204097.96159763,21682173.895936113,10104147.493184073,10988268.150815472,80192926.18716806,44333043.90173193
2091,6804308.348852938,47364061.03857483,22473603.53516548,7793613.571317924,27775970.38706737,29870387.013588436,45237044.3469426,130801558.43960778,66251946.790481314,9593951.261109049,49963155.50021204,10074078.345587172,9611828.951846577,5721038.461850314,16803620.979845796,23139326.85091191,49505083.06472839,116082607.699081,4391189.1292642,123933253.21754986,48225372.95776649,20955092.362534966,10181620.886261001,10457876.050629271,74615758.99069223,47830176.37282855
2092,6645690.395276487,45564655.84694791,21854981.48175984,8100078.978731084,26777922.383024596,30241027.27765103,45941527.835062064,130174377.19433491,68933204.93881038,9874052.348443069,53175701.831639595,10227742.71440753,9530302.140970312,5682269.366004674,16554207.345860898,23027731.82084225,51590323.10533342,116413011.03903805,4386893.954087258,121458166.1957863,47729901.87440668,21020253.066612195,11032214.432381013,10497372.602239491,74112076.4868575,49225920.84318166
2093,6392250.466277946,43371787.9819021,21812521.273655403,8494323.376774073,27139098.997313086,30105955.648729295,46600001.49915363,132753152.59200203,71557011.85505386,9894650.072648233,54818399.41226127,10524803.119963491,9450067.989840942,5691778.6905353125,16523847.31537511,22997891.510047033,53382297.07519538,117133682.67074285,4376562.138574912,119248715.94347724,47416068.864547305,21012118.49535537,11090960.671926802,10477255.044730328,77215772.77252285,49768919.69168833
2094,6305987.921160811,41761661.666628286,21599616.437569518,8935102.24909593,27233758.45734546,29219835.190100994,48097634.09900284,135071745.27060252,73686648.36337608,10106740.76761828,55458149.08419104,11158019.881821973,9406190.685375135,5757043.21103696,16504217.31105175,22938138.97596897,53969678.30303892,116800169.82263233,4353853.774529902,117183110.04050438,45849059.62735232,21016768.803962246,11053170.071748532,12732583.798797365,80478293.03178377,50377668.9881629
2095,6375087.219441326,44963461.75761783,21266815.642376263,9183278.4074015,28297321.53730918,27542831.952566475,49065877.14916199,141095928.49932727,76032186.1374872,9968713.7655321,53909571.10086212,12519556.422168145,9421001.958887938,5818460.466861524,16691454.510174371,23885238.99855035,53279330.20107524,117739358.45847908,4380460.799550208,115903246.3148549,44625594.19333693,20317614.383824624,10922363.224247703,10013222.205790574,79281529.00807993,51591398.307727024
2096,6680050.306977683,43926415.13556899,19852722.508433603,9195055.64960384,30090899.620108675,26833514.821911097,48941029.48282919,152343236.34450656,77671593.98653826,9884082.692620171,52562827.571838304,12975852.741169283,9380616.235203564,5734520.809913427,16288794.926675983,23857598.273874056,51618602.85103941,118327309.86254168,4419848.024419248,114899341.67183071,41877422.89546533,20084054.800253205,10821157.556062993,9847301.024589226,75200800.52013238,55383239.34889203
2097,6680419.034460944,43848682.22703711,20616836.9479866,9083548.941655101,30938224.220054355,26283208.419486225,49347771.587241136,154008762.8986668,75830616.05801572,9778459.543774059,54415322.234562576,12997102.72649259,9487457.463781381,5545385.835399185,16866272.82360474,23682483.08093912,51012635.03216685,118273134.74324982,4115227.683103086,116637195.90871824,41028865.422828086,20614813.491932444,10627821.053848451,10886824.658402508,72113939.99109252,57434088.35057993
2098,6902755.42187198,48058620.342231475,27472078.228293374,9131312.333245313,29415814.810211886,25494652.809994876,48782136.59876174,153975941.55031213,75840034.26588024,9627150.580380399,54916430.31291677,12816062.787403528,9454480.722090797,5308690.379692958,17317647.494799044,23907288.032123554,51278902.851208955,117262037.06600143,3975792.456335242,112399114.91996235,40367661.012247026,20516139.813227355,10116361.710239435,11415026.206937939,71840829.63699028,58966505.03191067
2099,7101151.803569132,49296925.27646096,20392193.536428783,9306433.428111209,28670048.048859548,25340669.033981267,48407680.20697263,154033242.70221582,75027019.42753579,9511997.875054207,55453199.71641333,12897479.029482594,9422583.366784962,4944265.617859101,17521614.597473405,23906937.180881202,51825702.78193647,116770619.39611419,3900340.738648406,109414667.5217452,41075830.34840632,20651927.800264858,9731239.510823853,12170262.955547368,69779209.28056048,60666448.7307319
2100,6863847.460735869,50933076.824423686,19739456.710934885,9263043.815684441,27410141.19979374,25834052.878955927,49443449.06262963,155223557.0622561,71750756.3202297,9583203.99524239,54594498.37103655,12979292.682572655,9477886.004276082,5108768.7306157965,17651426.665331174,23124964.273478627,51536855.75938409,116994597.55488847,3838388.0977850654,103306064.26122223,41169110.63777056,20895668.29554656,9493988.91433722,10721502.044870712,77283898.3412277,61190211.183737144
