Region,class_ 1,class_ 2,class_ 3,class_ 4,class_ 5,class_ 6,class_ 7,class_ 8,class_ 9,class_ 10,class_ 11,class_ 12,class_ 13,class_ 14,class_ 15,class_ 16,class_ 17,class_ 18,class_ 19,class_ 20,class_ 21,class_ 22,class_ 23,class_ 24,class_ 25,class_ 26
1961,1491818.335,14570659.85,1750130.643,824679.3423,1727750.188,2765818.263,1070761.283,2091697.153,1213432.416,622890.9431,20875958.73,2720360.69,1056091.098,1129518.518,643564.7697,3494202.817,2215165.079,5754219.929,819618.0895,6435156.285,1973368.34,1377895.002,4067447.031,1253535.119,1755381.238,736819.9118
1962,1657228.543,15905433.54,1842489.946,868028.7709,1832518.36,2909788.821,1122764.602,2181700.278,1264486.679,659838.5236,22094313.92,2874784.857,1107436.411,1183649.116,672622.4145,3654381.238,2332356.262,6019205.372,856431.0582,6952063.341,2077978.79,1443423.81,4463059.518,1344103.222,1835941.353,767947.1709
1963,1815390.987,17150907.26,1927909.674,907688.5643,1927878.839,3043803.684,1169725.903,2263979.471,1311547.823,693327.0691,23236476.76,3021542.5,1156335.934,1234565.259,699993.3944,3805849.876,2437225.663,6258681.692,890868.0041,7441635.493,2174018.53,1503314.126,4835782.059,1430569.129,1908484.097,796701.618
1964,1969704.966,18357637.85,2011610.408,946330.7227,2019994.384,3175119.423,1215427.363,2344611.941,1357798.937,725799.7778,24354008.75,3165946.715,1204632.337,1284596.43,726938.4983,3955066.843,2538914.177,6492139.192,924777.6673,7955261.276,2268005.352,1561830.553,5200084.169,1515119.901,1979138.32,824968.5798
1965,2119750.771,19528094.89,2094591.407,984454.049,2109787.776,3304998.606,1260654.66,2424928.43,1403935.991,757698.0961,25451919.02,3308402.822,1252612.333,1334116.684,753674.4555,4103075.529,2639296.584,6723767.887,958523.3998,8445870.214,2361264.562,1619847.871,5557323.107,1597689.577,2049233.228,853154.7341
1966,2264680.562,20658511.33,2177195.657,1022222.597,2197415.907,3433792.199,1305719.967,2505496.234,1450254.255,789158.5025,26528873.37,3448667.575,1300328.63,1383206.123,780258.6383,4250102.59,2739107.136,6955314.582,992235.1634,8919917.643,2454298.946,1677705.544,5906959.226,1677938.542,2119330.059,881429.3788
1967,2403839.193,21746361.11,2259620.679,1059730.207,2282944.139,3561730.847,1350792.655,2586635.004,1496921.73,820269.3491,27583579.27,3586554.435,1347789.897,1431918.146,806715.826,4396231.224,2838741.453,7187726.804,1025983.484,9391643.557,2547415.433,1735588.063,6248334.305,1755583.652,2189737.146,909890.52
1968,3570216.225,35513356.91,2709526.558,1297531.931,3038505.94,4571128.669,1491085.094,2776113.144,1615373.617,1113849.343,36436632.67,4756822.4,1516300.334,1810332.255,917701.6164,5056622.881,3175261.395,7665874.231,1153175.929,10158676.38,3096050.246,1930076.8,8292293.227,2262489.879,2337498.966,1000229.122
1969,3711684.27,36698079.69,2797316.592,1337616.02,3129776.911,4710712.435,1537845.355,2860509.074,1664069.43,1148277.452,37558982.88,4904755.707,1565020.994,1863225.718,945179.258,5208599.892,3278669.238,7905156.652,1188481.02,10628512.08,3196532.803,1990311.935,8640614.365,2340689.453,2410163.621,1030134.52
1970,2813729.925,25117663.34,2519247.612,1178167.265,2551095.417,3971584.479,1490715.258,2842270.321,1645014.034,937043.306,30882599.32,4028990.591,1494562.36,1593310.826,892725.4918,4872413.066,3148170.641,7926003.338,1131142.56,10810050.47,2846073.833,1915382.54,7279909.308,1984347.682,2408451.726,1001968.696
1971,3352548.446,30755638.24,3338901.721,1546545.557,3299081.172,5226249.566,1986568.006,3834579.916,2223643.322,1207613.03,39671718.61,5207181.851,1986925.717,2069815.362,1169313.111,6347498.342,4160125.946,10660658.4,1516378.105,14680667.32,3767423.151,2566975.692,8959731.213,2507992.135,3245025.749,1349633.071
1972,5484469.073,50279614.91,4804368.58,1460238.003,8633158.201,4375256.785,2319800.253,3064263.468,1706213.516,961873.3517,43344516.49,4750821.89,2769449.679,2006537.078,1243788.278,6443757.091,8402918.544,6937461.569,1115574.839,13693470.29,2917445.574,2214920.74,16765416.86,2142924.113,1887795.018,1339821.736
1973,5591915.283,51698418.2,5190611.866,1634182.219,10656103.33,4644584.345,1450556.982,3260365.129,1598400.833,1085785.626,49144078.62,5005546.759,2215558.64,1955842.494,1334548.905,7077912.108,3961024.335,6204012.399,1738398.004,14446647.46,3307547.787,2656316.265,17363640.25,3092705.89,1500515.404,1318487.64
1974,4788763.026,20158145.75,4322646.555,1206659.041,10913824.76,4288411.898,1283675.626,3382781.402,2276755.803,583065.8757,27228842.11,6207461.604,2193123.87,2428312.698,1584072.234,8486787.801,1854772.034,8160985.222,1894704.007,13990216.01,3080137.438,2612506.149,8883751.268,3500190.994,3318408.828,1356121.287
1975,3897044.23,16175858.11,4132764.641,1361057.631,4633996.694,4918891.981,2208307.977,3815681.81,2205435.956,1240758.486,22863401.21,5860852.503,3172214.088,2235260.147,1346366.4,7459481.572,3886519.234,8886867.345,1524974.31,13001794.99,3337158.667,2837210.699,16335616.48,2027111.404,2637340.283,1407784.25
1976,5079573.017,58155472.65,4304436.726,1840080.328,9501472.228,4544130.578,2648977.121,3865861.09,2441445.575,1184011.46,41817193.76,6224928.769,2958754.831,1986249.803,1213547.608,6646555.374,9451352.971,8244667.146,1418197.303,13138388.58,3771066.533,2847972.641,13546936.32,2380924.714,2597666.933,1346894.749
1977,4122650.739,56608199.47,3794792.541,2173512.906,6075549.273,8213578.952,3120987.394,4402951.677,2403910.997,1060960.044,39151341.81,6899440.37,3494498.46,1884322.735,1175580.097,6194984.602,18770209.38,9017706.983,2097844.953,14345615.68,4671605.123,2973450.926,15270454.66,2148181.213,2572066.06,1040765.936
1978,4825881.118,56896233.26,6277775.326,2009315.8,6651994.191,5917621.275,3255379.308,4404447.89,2302933.017,665527.7964,34333205.18,6876747.835,2741557.51,1840765.508,1219376.854,6277397.758,9795405.786,10251833.63,2144612.672,14747666.44,4314906.549,3781030.282,15933644.07,2160171.456,3674659.827,1479469.5
1979,4058175.608,33930763.35,7475574.765,1241626.436,9270902.075,7682508.659,2245713.299,3714168.932,1952172.441,327604.4507,40066209.57,4631247.545,1492488.776,2197519.37,1365476.721,7646322.628,5767062.149,9088199.125,3363109.077,15769890.72,4466817.453,2975299.122,17563955.57,1774016.202,3699625.353,1454452.597
1980,3830826.055,15679412.88,5979249.96,1059897.664,24558353.55,6575359.127,2371696.176,3525157.567,2232892.014,625177.1147,25119627.84,2526288.705,2096202.948,2848054.966,1635872.469,9769469.147,3743000.319,8609240.562,1303422.606,16619669.43,4592465.031,3086741.024,12032904.15,2234403.725,3646132.653,1753575.756
1981,4868958.522,24073340.73,9340253.652,1839138.16,3099758.374,6146651.092,3210659.872,4462573.335,2607360.56,2959346.844,23727305.35,2096583.82,1753320.926,2397104.467,1477937.64,8425349.587,3869574.999,10247317.47,3122051.115,17237005.36,4604053.088,3485260.5,12195124.99,2710476.553,3405469.17,1705138.808
1982,1100688.616,16883619.84,3106334.551,1259085.648,2059604.007,4168701.922,3473521.936,4368715.392,2833200.68,1442158.985,23841052.18,1918027.712,1707836.676,1994172.465,1280550.988,6805542.16,14214751.08,10054455.26,2191372.097,18637735.07,5105516.64,4088564.109,13489709.59,2527746.115,4070745.849,1576166.034
1983,1593707.293,62703710.23,52121.52852,1311834.464,635033.2023,2997504.175,3647811.831,5119174.793,2575670.657,1051718.056,30011310.08,2238442.033,3146782.71,1743449.186,1147813.882,6452323.346,12198118.47,11215667.43,3026756.747,20410332.84,5196485.945,3799256.287,16016279.6,1884187.795,4115771.918,1596192.459
1984,5303910.785,61398080.48,1738523.459,1834922.057,2129900.186,3587822.46,4143857.625,5405683.332,2271919.868,1691940.5,35517397.58,3964895.96,3781506.256,2114307.201,1357210.528,7034427.142,7324739.983,10789731.02,2649311.31,20602538.1,5227236.869,3938802.526,14125927.52,2928233.092,4288670.477,1789732.712
1985,6706457.644,66537519.21,3927254.069,1508238.327,5107436.702,4162878.016,4116287.47,7706562.802,2191056.8,1084650.49,41641955.46,3906365.858,2874349.073,1975800.805,1397116.839,6226409.055,5690761.976,11565967.63,2938241.871,23936074.36,5533049.558,3480967.367,18116957.83,4140592.129,4715768.903,1496116.097
1986,7175155.642,70956198.73,10563247.44,1407803.067,8075818.516,11140941.91,2892354.736,5191228.474,2901798.067,629359.442,51854567.63,7096142.336,2283851.099,2510206.74,1852946.49,8209248.012,15816146.64,13261651.46,3328925.813,24757691.69,6217642.667,5238605.294,20258055.45,3474876.337,4391697.887,2076334.205
1987,7382708.255,60592327.33,4347970.344,2717924.106,8524788.9,8725070.098,4563853.751,5026280.315,3339614.893,2008335.494,73177277.3,7376772.491,5600823.231,2192234.156,1685601.398,7842701.027,8187154.432,13058285.15,5429930.904,26195545.42,6570382.744,3328624.873,23160761.83,4386342.508,4229045.176,2011173.422
1988,6340619.037,58762695.57,5581669.016,1682008.346,2388477.157,6051938.688,4727951.107,7011248.489,3678607.517,2402622.396,63961541.16,4122655.426,2246611.076,2646751.848,1640684.942,9863204.347,3585696.331,14297934.08,4431266.364,28115262.06,7589213.826,4447113.355,22473134.35,3720033.108,4440686.573,2202011.016
1989,5396312.788,49279267.49,9663508.903,2372289.338,7768285.746,3092778.655,4050723.605,5627109.86,2904366.019,2017350.156,56303866.59,4746791.681,1580893.168,3564219.844,1954547.006,12671698.27,7192263.917,14093196.75,5289006.911,24903496.76,8119321.645,4865182.487,22075790.32,4477887.79,4484132.549,2456799.639
1990,3982177.499,38272714.17,9334688.894,1698814.71,1408141.77,3497877.413,3801693.785,2038539.003,3243287.949,1807324.689,57214822.78,3614110.453,6873794.658,7566969.914,4087827.565,22019993.55,5456377.272,13224589.95,5800046.219,29633319.48,10727272.02,7465308.355,27586651.28,4556796.46,4831774.071,2692841.233
1991,2958736.31,31241249.18,9172340.024,1239063.475,3296370.441,13654905.46,2911979.07,6608218.914,2892297.568,1467238.865,49581425.6,983340.5782,3182860.261,3226803.985,1186662.291,4615269.946,15921580.46,13152697.67,6398567.249,26990867.49,7046449.695,6412807.981,21879447.64,3023278.976,4476927.992,2007631.715
1992,3590433.747,52342089.11,7704273.548,2083127.929,4165028.951,13979438.82,3638809.653,7276817.469,3099090.822,923694.5169,52120516.07,299582.6068,3782316.964,610442.9054,393083.5616,3300792.147,10746385.2,13141784.46,6332155.641,31681933.42,9010659.141,5627679.156,19447401.98,3381913.292,6175037.593,2770783.989
1993,5770964.164,59553847.92,4873248.448,1854515.993,5815946.532,9857499.793,4261195.945,5754783.735,3323489.803,977645.7051,39335650.11,1620367.984,6718688.804,855340.3745,918217.0212,6515.275327,9874230.228,14938374.28,6776014.724,33678014.73,10840488.78,5761927.51,18600794.36,3986037.641,6027508.706,1956297.551
1994,6526805.598,63630821.42,5467910.135,2392190.798,7754213.945,9915113.153,3868564.808,5626817.586,3157505.56,1574725.442,50408888.54,4436479.793,2180101.599,273594.3362,601768.5873,38806.64363,7100530.445,16236926.43,7170146.013,32180640.13,10302094.58,7819112.092,22131784.14,4429072.586,5565824.531,999061.9395
1995,4707594.483,54820147.84,3770089.41,2865610.143,22901944.64,9423778.268,3489166.814,6341192.549,4346893.815,2584691.313,42961131.59,6909807.994,3984420.366,170098.277,405339.308,241704.6313,6188525.175,18414198.72,8221009.766,39173425.18,12362773.77,8913001.89,21454325.69,4858294.171,6225898.35,2831700.763
1996,4815467.559,51923782.05,835730.7085,2272394.127,11703716.73,9140755.914,4260074.63,7277329.543,4916120.975,2213300.751,50504671.78,12338801.61,4532150.172,240626.6227,423051.1692,694396.3994,9446994.147,20076593.3,8664947.739,56996746.42,11904434.42,9047832.452,20800814.95,4494372.468,6776711.813,2158414.055
1997,8742131.327,54498735.11,9352528.998,3223237.926,9893407.458,14614022.07,5385379.713,7333668.651,4800413.817,2214692.709,57903207.17,6094028.567,6634763.341,187543.2556,1096826.713,205847.8472,11888589.39,16028753.56,5884396.644,30449464.28,8708567.128,7381768.339,15282055.63,4461319.588,5514116.415,3268602.545
1998,7059450.711,62331733.8,9891331.704,2945063.354,6477540.137,12584997.61,6265012.091,9335435.721,4266256.746,1304400.691,61292270.34,7274208.283,2570956.717,573081.345,1122271.217,1007758.412,26340790.98,18752337.49,1141814.334,32385104.46,4371976.055,3235588.292,11070845.58,4833975.689,5798535.816,2522643.414
1999,8261392.239,76499193.34,8780263.473,3513924.993,3014698.635,5158472.238,4226648.399,7327769.96,4379621.853,2341771.767,65986030.61,6182252.848,2459399.471,604538.1694,936635.4187,1009148.284,7759087.183,23388793.34,4948976.32,38644623.17,6991704.496,4625782.303,15736230.24,5715417.684,6526562.251,2821741.669
2000,5014225.91,63381699.32,11579341.54,3157308.27,8760242.355,2135694.564,3094939.915,5274095.013,4670729.065,2334933.883,65070239.87,7605402.799,6336495.083,381363.2309,1542118.486,5616214.168,4568587.805,17347038.78,11249478.37,62217225.25,9985997.988,4659477.165,21513996.56,4725166.036,6721376.425,2560093.959
2001,7748055.421,59610090.8,6298984.32,2881952.243,6347359.608,7186494.394,4237556.8,11656346.2,3533175.919,2058329.147,62630508.58,8449968.53,2445840.604,853859.5339,1373198.009,7111973.038,6633527.861,19809760.36,8451641.009,38477384.31,10938981.98,3097715.058,24276613.39,4324282.659,6869598.822,2308874.242
2002,11393808.81,56638863.49,6418456.979,3098341.358,7716838.832,5827429.362,4609503.992,12885412.71,4960960.875,1983606.166,49102098.74,10022504.5,2178374.699,1011929.646,1930243.526,7209954.318,11177570.51,18007019.7,10864995.09,45270177.41,11233428.39,8042462.694,16588864.88,6035233.556,7083222.094,3321120.392
2003,9361227.674,64306590.13,9369509.277,2777565.525,4254288.441,2148226.385,4558123.844,10433713.62,5030871.082,2586920.64,56867158.22,10278925.02,5956029.759,1330327.152,2240534.248,10218989.6,15061366.46,21043516.96,4929381.635,49941011.24,12586996.51,8268605.885,18882281.58,4913544.479,7888387.309,3177479.451
2004,8277366.957,58054696.82,7975051.19,3704346.142,12576329.06,10926406.98,4305122.184,10463863.27,5187998.598,4218455.878,65435898.35,13083115.67,8698885.153,1907283.665,2627617.422,12881157.25,20613829.15,20758131.27,4206033.434,52379496.41,14564906.53,6622470.121,21986483.93,6790146.705,8539517.944,3212861.952
2005,8669129.258,60269375.79,9283609.016,3700952.846,12886447.78,14454000.4,4614545.263,10661542.64,6393388.569,3822967.929,58595503.13,12727346.81,8873652.639,1564478.324,1876716.462,10535862.64,13461153.96,24603020.1,8479662.61,58341017.93,12579549.13,6069829.348,19938415.34,4244257.95,8963342.357,3088596.721
2006,8686356.93,51331737.21,8953228.712,4725651.576,13864829.41,16336659.86,4943301.969,10646703.86,6382224.726,4328248.984,69919991.15,13982030.54,8562101.313,2640379.453,2465453.717,17708407.82,16174605.7,23778796.69,9373087.577,67133546.66,10531165.96,5522779.927,18226279.48,4469850.423,8279603.644,3297727.115
2007,14193121.6,51610075.04,9627316.646,4970782.611,19009874.63,22682594.51,8804394.654,15917798.94,5497325.808,4163056.904,64899717.01,14552819.22,9368819.245,3862957.849,3878174.041,18979264.1,26346162.45,30873003.95,9275190.901,76667909.39,16197081.95,9493635.516,16183297.84,6361633.872,9683396.324,4340703.488
2008,5971812.866,34206931.14,8014941.315,3200590.68,17914199.61,17466879.4,6759484.377,11573878.23,6226591.967,2065863.224,41089283.94,13285169.07,3299984.395,4054250.939,2576420.633,17918288.83,17655175.83,27256264.52,7200512.639,65500577.88,12515535.99,6502692.322,12328319.29,5496163.679,8400491.688,4097092.791
2009,7826602.359,36051230.87,4366756.899,2748358.456,13186687.62,12687749.53,12395927.34,16989787.71,6960784.731,1633147.379,33554618.96,3610457.676,2345449.489,570220.7514,2074626.781,8654883.499,39719705.03,30226506.92,4269454.476,74807015.33,11596530.88,8697832.736,10508290.08,3958382.76,7302485.566,6169613.344
2010,8737436.172,64480025.64,4894737.769,2608054.612,22731490.33,12471333.64,7037322.974,14049883.89,8055161.578,2462096.046,47331476.08,6878136.909,7105816.01,1315187.742,2851720.325,7329774.493,15979862.35,30886852.53,8433665.15,80008952.14,13867478.63,12182638.89,17408059.71,6346558.751,7693705.172,3960987.264
2011,7563557.941,56151581.84,8736064.85,3706927.841,18202628.54,19141100.02,4786012.428,12635849.27,6551680.897,4087373.396,56326130.32,8293178.889,12708760.6,2696106.624,2689746.061,10299400.3,6682387.746,34373035.42,8423753.782,98868820.85,14369596.58,15907718.44,18500087.92,5120617.468,9614492.877,4667390.407
2012,8347314.968,58182765.03,10692177.57,4011638.303,19525236.24,21580571.43,10663374.81,14197656.87,6649495.712,3876801.646,38937601.98,9254792.88,10219055.15,2255418.929,4254801.469,15964493.51,16879327.57,33524170.88,7620442.121,104362574.4,19137500.86,19803541.26,20328056.01,6384487.742,9649014.39,5723962.43
2013,9507236.974,66510317.95,11451281.52,3850137.519,19807942.56,21537749.36,7952823.892,24289402.15,5947947.954,3983546.556,49206648.5,7642228.099,13390668.37,3495733.281,4282116.328,17038933.34,19345807.7,37242276.4,8137290.592,117792993.4,20623062.59,14142241.08,22874698.8,7151797.097,8829716.849,5853091.531
2014,9065252.996,61618954.49,9766155.689,4428018.2,16003438.61,16425384.82,10173931.86,17275012.11,7212683.375,2618256.667,70536460.25,11324131.7,9401498.623,918664.0605,3590075.159,13365322.38,32352508.54,42209863.54,8276707.36,118974671.2,18025056.99,12440532.02,15445750.3,6403847.102,10416932.64,6266610.256
2015,11452628.45,78444824.57,12108983.34,5480805.61,7176564.937,16078225.97,10776027.02,21225258.11,8121246.054,3410124.343,70716569.2,14341764.52,14601783.04,1037475.443,4211259.513,6781981.316,63997042.95,49667960.28,8342918.722,141714717.9,24282257.56,10905838.12,17662231.1,7508240.414,11405873.44,6764515.628
2016,9475454.603,67310100.69,12166490.55,4530078.877,4111091.229,10999835.43,10959197.23,15761667.29,7821706.809,1633954.315,74010031.13,17014686.51,10270625.06,1698366.873,3364095.392,5350492.196,34228266.95,48238682.99,8073979.679,132952939.3,23438595.02,13516090,16071080.32,7855240.619,11811877.56,5181160.427
2017,11225227.8,65038333.49,7541469.684,4129109.104,7264535.392,5207920.029,8260250.636,13588063.73,7101401.789,3220176.915,75818710.33,22600559.32,13266665.78,1480655.402,2633439.843,9242465.902,14986239.09,45417085.37,8671393.271,125142724.4,22685235.99,13292313.25,19922394.46,6490348.268,12202958.94,4990396.473
2018,11936272.32,77091960.52,8412760.515,4481449.166,7728478.519,6749779.847,5902254.534,12973466.11,7727290.13,3251454.939,71844360.23,18585689.64,7826151.113,1441853.682,4570932.673,8823449.597,8278201.352,51092057.94,10683910.59,140989609.6,23297920.56,18704338.76,19123032.63,7523532.843,13129294.55,4944611.747
2019,9803476.091,68456672.61,8283063.229,4721341.447,16606305.65,4655613.406,6607255.526,13084261.89,8446887.98,2172439.571,70530337.41,18025265.12,7923326.479,2622089.254,3350183.23,14945931.03,10429040.63,46751338.02,12547963.69,136058094.1,25692235.34,18256054.24,16114674.88,6777185.956,11409535.69,5237769.675
2020,3235148.997,24198218.25,2775929.27,1490676.055,6117165.937,10896.78646,6822130.759,12031258.96,7002202.595,883246.5038,17012798.43,4587712.438,5199934.142,801041.7674,3138202.667,5922192.545,9689346.057,12838552.3,3212242.736,54621217.79,5846912.032,4838468.048,8202665.386,3704872.583,9180780.153,3347345.455
2021,6673301.503,82289702.1,906204.3344,3542925.369,13063322.39,5674294.77,12292333.61,7465193.373,8688714.578,1444751.435,57192048.67,18651007.94,23775899.78,1723742.312,3954586.237,18733376.9,27228306.82,28414581.98,8637582.547,189137682.7,6571631.679,12846565.3,12664579.75,7281176.489,11843066.66,6021312.577
2022,14898355.52,61360843.59,16490960.25,5273864.997,9313904.116,24426180.33,12921213.18,18924953.59,8804730.439,3106349.245,84179890.11,14971184.91,12010287.17,79308.08044,3449359.25,6991401.904,54018117.67,58704614.66,8585743.989,104766409.1,33931973.75,15807002.66,21624102.3,8309797.979,13279670.68,6400772.344
2023,6654123.334,51826185.51,11411556.79,4667238.233,15925437.73,9629398.703,11581879.83,17513128.05,7515859.455,2022929.902,51296166.37,8660608.424,10244651.79,262774.6415,3926949.908,11471536.18,20810678.74,51528372.37,6949456.543,139172320.6,21484816.19,15631176.79,19499453.71,5467375.937,9724428.912,5878022.587
2024,6833282.203,49409346.05,10085565.21,5181842.274,11215985.21,13980852.62,10726736.13,18336042.47,7733666.657,2570894.903,56423228.88,14011262.55,9927558.808,755508.3676,4106840.723,10163796.06,28978535,54257092.03,8269321.141,131620237.8,24335321.45,16276149.94,17032247.53,5180749.738,12923496.02,6369755.075
2025,7649725.165,50937883.44,9297762.456,4453353.74,12372781.03,13394356.96,10513957.79,18527546.87,9595657.559,2504667.847,57487835.94,12796646.34,8758730.523,862677.9331,3702717.047,8334793.965,28163114.82,41887127.76,7012455.483,99395424.75,20786746.19,13600736.7,14655331.49,5812055.58,12022592.9,6293880.827
2026,8507426.574,59493007.18,10821752.32,5181089.231,13087346.46,14638937.31,12001375.21,20676346.49,9805764.931,2938375.558,62306422.62,12742820.97,10180086.69,697333.8313,4143315.711,9167336.296,31249672.4,49005612.14,7052639.665,108692989,24125915.49,16094288.64,16199473.64,6704219.29,14475103.42,7046933.027
2027,8591094.429,60929605.14,10963920.36,6098881.757,14424628.79,16757042.46,12838079.78,21385379.84,10993441.81,3140844.38,66468191.3,15041023.05,11698970.32,1397278.532,4752771.087,11521131.33,33957380.96,63631719.34,7953319.632,141543958,29303881.2,18702903.4,18326999.06,6837482.385,16139131.53,7377081.65
2028,8186230.114,59413183.48,11209450.67,6152899.348,14767242.95,17079151.77,13191387.81,21396190.19,11410418.52,3138169.365,65298743.48,15380037.14,12107070.97,2367094.99,4857150.468,11970260.56,33674366.08,64977815.85,7832140.592,142967278.1,29480562.5,18177236.94,18146202.03,6912110.271,17451855.73,7561189.549
2029,8272302.586,60594069.73,11304270.79,6418311.69,14932733,17772752.83,13942232,22234940.14,11725498.75,3361881.758,65755839.84,16529037.12,12809657.24,2535572.572,4861566.839,12253505.3,35255763.17,67196677.62,7951080.059,146237840.8,30259828.48,19273232.61,18200411.06,6905726.626,18770458.66,7959919.105
2030,8886915.09,62484070.2,12594349.57,6612657.909,15171986.62,18891802.9,14159510.21,22788340.16,11853890.82,3559093.676,69325690.76,17255151.49,12978058.02,2555638.039,4944239.431,12419526.45,36960554.37,68943859.74,8244169.05,151132324.9,32586829.75,19841287.59,18189319.69,7022263.643,18878888.42,8058721.624
2031,8662017.446,57209494.29,13405039.59,6787559.542,16204084.07,18950427.49,15439729.05,24466998.38,12257259.32,3956595.163,69403017.39,16049168.19,12584228.93,2491387.827,5603369.697,13110264.09,37850833.18,70572304.97,7640009.87,144938841.9,33640585.6,18794585.76,18069882.94,6943531.664,19692522.62,8321782.852
2032,8420832.851,57867695.93,12962793.57,6967870.553,16482632.14,18688856.45,15806899.7,25128382.69,12668003.47,4070702.541,69317764.8,15674971.86,12666300.65,2886846.475,5765186.704,13006875.59,37521387.31,72973143.12,7933698.863,142468472.8,33006357.17,18977180.71,17593179.9,6756963.689,20254802.1,8641933.061
2033,8605665.407,61377444.17,12830678.8,7140906.609,17231648.01,19273670.97,16288307.8,25858121,13005117.29,4156253.174,67689722.06,15352209,12692253.41,3125405.64,5607561.094,13050813.5,37877620.82,74748333.53,8457429.683,141537717.6,34022362.89,19158592.38,17282487.27,6845291.094,21124254.63,8852089.044
2034,8774569.201,61643600.98,12671761.6,7285946.851,18255765.45,19833548.94,16758875.55,26748212.13,13344372.51,4390466.897,65433864.71,14900897.22,12567421.86,3048610.814,5697224.339,13292710,38382858.04,76785423.62,8200531.023,140340006.4,34505693.37,19831021.72,17119476.94,6827188.666,21912093.2,9125107.032
2035,9295239.215,62018254.49,12901904.9,7224535.882,18928558.69,20146679.18,17252357.88,27438267.49,13655346.74,4616615.531,65811583.27,14723098.06,12669096.54,3036921.799,5538503.832,13787642.52,38597893.36,77071665.12,7718077.455,142591364.4,35085208.87,20630901.03,17291987.75,7058210.827,22013622.96,9375514.158
2036,9748776.992,64101742.98,13396885.43,7659109.645,21117797.92,21687771.8,19439993.56,29633862.97,14284715.12,5093119.851,69646581.8,14628205.86,12418031.85,2980859.301,5666599.318,13848876.89,40410230.93,79998901.92,7484207.228,141040455,35278096.27,21292774.64,17825510.14,7372885.133,23725589.04,9913297.251
2037,10732193.4,68606338.94,13276484.12,7749866.201,22324457.41,22098078.33,20128539.49,29997063.85,14602738.46,5366688.541,69153310.62,14441245.64,12463289.6,3033672.028,5742454.276,13422175.42,40333293.28,82011828.09,7284927.537,137331444.8,34680583.68,21632754.79,17831582.12,7462690.175,24550122.32,10170843.05
2038,10673227.69,68395234.44,13928679.87,8008087.681,23344287.82,22807323.74,21291084.19,30789676.58,15142654.81,5810329.813,71240847.8,14552559.64,12787922.49,3116793.012,5864540.158,14208278.63,41119699.05,84647106.17,7384415.215,133892152.2,35496342.34,22094347.68,17926260.22,7472807.117,25260510.76,10534081.84
2039,9664737.809,65424947.84,15532848.4,8407942.593,24197173.03,23754816.7,21210159.02,31752562.36,15712137.72,6121305.478,73249748.85,14506207.75,13313853.34,3290368.196,6113359.961,14633476.4,42026642.09,87261179.47,7503678.38,135599856.4,36728229.19,22234525.81,18058136.88,7616012.307,25984168.3,10863364.63
2040,10133425.17,65907052.35,15645929.16,9087913.923,25803740.44,24755447.91,21593503.69,32494929.78,16353659.02,6363625.554,78849524.18,15025687.92,14433866.3,3643599.669,6505744.786,15161931.97,41965651.36,89480340.21,7614744.044,140440570.7,38264226.67,22316984.82,19192632.76,8046684.541,26861184.68,11227021.21
2041,10992562.48,69868640.31,15006738.18,9639184.303,26982170.15,25155771.51,23480823.6,34309255.02,17067799.74,6678483.566,85734115.99,14642828.78,14189260.58,3651299.976,6720660.497,15743418.48,42182071.76,92579157.09,7383026.457,139359486.5,37956874.63,22210688.52,21187901.86,8570856.612,28683491.23,11656167.29
2042,10896428.81,71691071.38,14988830.81,9769024.889,27908286.2,25673495.36,23932838.61,35407930.9,17747935.04,6820063.257,82493456.72,14315868.03,14178079.33,3929037.72,6741524.139,15746552.57,42570300.25,95134056.16,7612217.57,141673722.6,39156278.38,22839643.78,19821734.42,8511988.484,29909274.55,11997522.42
2043,10510669.24,72514311.45,15082387.44,9897823.862,29203376.39,26355502.01,24445710.98,36689999.7,18401853.84,7060959.051,79323477.95,14124595.23,14254452.39,3944402.622,6774631.336,15618455.8,42864271.78,97547477.74,7764273.236,146041977.9,40481693.68,23730988.43,17673854.88,8228573.784,30933901.94,12567508.22
2044,10731195.52,75570716.2,15236243.97,10157283.47,31123426.66,27555547.13,24975146.33,37931128.08,19068452.49,7350309.369,79560366.93,13908011.74,14423304.27,3976843.801,7130745.106,15696616.83,42950921.93,99830292.28,7727848.975,145176438.8,41354054.09,24407949.27,17814149.06,8375985.281,32175320.05,13044250.63
2045,10370942.61,76059273.01,15239595.56,10272239.92,32046283.08,28159280.26,25305997.4,38456501.96,19402526.32,7461981.074,75789672.2,13599906.41,14540277.27,4039112.125,7482676.247,15579605.83,42988516.82,101553236.9,7544575.97,141903412.6,41537336.76,24740726.72,17670861.75,8324374.826,32675392.09,13165637.38
2046,10242185.68,74727679.75,15384022.61,10630384.16,33269103.36,28342247.21,27584093.71,40812169.08,20205925.93,7791546.284,74894472.36,13608353.2,14241047.38,4099909.66,7468327.059,15338580.03,43335018.18,105047192.5,7229842.479,140501065.1,41448943.74,24633432.45,17582821.04,8334427.169,34618920.46,13770218.46
2047,10432222.04,75565232.57,16058836.79,10868036.72,34295349.05,29167412.8,28437621.85,42269980.75,21047758.39,8209248.869,74810612.41,13709734.77,14530046.15,4138984.732,7488160.53,15471778.61,44433517.03,108473592.1,7201861.103,142844735.9,42980887.82,24989814.16,17585416.07,8751989.935,35940092.67,14344783.02
2048,10670578.75,76338392.48,16774897.51,11283237.47,35806614.99,30198105.33,29364477.78,43997328.41,22128556.95,8558291.085,75031337.21,13689781.59,14940756.08,4210718.373,7630594.334,15882412.51,45193926.71,112515521.3,7309065.378,142974807.6,45359461.28,25574294.51,17683618.84,8890252.81,37475671.02,15005733.42
2049,10857495.05,79108679.46,16719228.03,11688119.52,37109981.53,30902740.16,30339904.67,46011129.8,23229353.41,8844101.471,76048136.52,13663965.06,15378472.49,4351333.19,7824268.319,16525652.29,45690342.1,115798936.5,7457351.356,145917993.5,46980816.23,26551420.9,17609652.44,8700614.062,39056026,15706146.28
2050,10844248.67,80709667.86,16213927.7,11815859.92,37252958.03,31128579.54,30925470.15,46745637.82,23627537.68,8908381.673,75164756.64,13731062.14,15510942.24,4411202.897,8030172.729,16403088.09,46211236.45,117583710.6,7361760.502,144470569.8,47277676.54,27372484.45,17184164.21,8785932.382,39693004.96,15947985.39
2051,10647929.11,82481524.35,16840204.25,12036149.46,38246564.73,31577420.84,32634809.58,49949322.41,24283541.61,8954763.049,73117720.3,13463359.83,15202259.41,4624454.432,7600757.919,16560131.65,46483763.23,121786332.6,7268372.131,136132509.1,45684502.5,29463151.05,17137580.89,8722830.392,42794119.21,16669824.98
2052,10569866.47,83366854.45,17323161.77,12157563.26,38653064.16,32145364.42,33333758.87,53092328.12,25207562.37,8990854.307,73140740.16,13270142.85,15119799.92,4684514.514,7806427.435,16943045.69,46857723.66,124290670.6,7384626.475,136968291.7,45966536.48,31710134.59,17184177.3,8738279.45,44602848.19,17552014.06
2053,10408044.42,79273280.77,17735404.06,12236508.77,38926720.57,32266532.11,33896303.45,56438603.41,26127616.86,9092541.977,71729857.06,12886544.53,15000678.16,4587241.219,8039212.082,16972253.51,47013875.76,126691557.3,7440307.271,138809333.8,46161166.84,32063436.3,17297363.5,8793959.915,46330128.16,18404120.68
2054,10145481.12,78615676.86,17806668.98,12333196.29,39523008.46,32394712.14,34518303.7,58358392.26,27120978.06,9259878.108,71320904.8,12886601.03,14927468.02,4576067.766,8242310.857,17177512.03,47604801.75,128855622.1,7364384.552,137842146,46553397.03,31386985.88,17806142.19,8837112.491,47699815.91,19075225.86
2055,10188254.93,79225249.03,18197529.09,12452727.59,39928721.92,32516500.1,34884870.21,59272406.88,27594655.39,9297393.209,73789343.7,13236674.4,15177011.38,4597873.342,8355540.167,17821756.15,48737430.85,130526155.9,7417688.82,134363368.4,48498707.85,31553587.53,18862835.19,8945746.304,48590123.09,19399089.71
2056,10388211.67,78996536.14,18661059.28,12885585.55,40215863.44,32960797.77,36954512.94,62835294.06,28735318.89,9537017.913,74711334.46,13360658.98,15094252.38,4744042.557,8622299.824,18315670.7,49285730.22,134421031.1,7104147.047,131802300.9,49203018.56,31476850.02,18911797.51,9001312.37,51926330.91,20275215.36
2057,10504863.41,76846716.81,18793300.08,13171477.11,40486335.62,33647465.74,37458666.68,65232971.88,29936639.21,9756200.645,75553993.25,13596191.12,15613359.85,4906501.318,8900877.178,19199671.85,49883182.77,137347841.7,7109744.478,136120519.7,48718411.72,31714125.81,18168010.43,9093688.913,53511670.67,21132558.33
2058,10521009.82,76157868.54,18751658.87,13349507.9,41024508.64,34045544.78,37967778.84,67615391.53,31119028.58,9780355.611,76480189.55,13600833.49,15888155.99,5056103.94,9240077.426,18926729.01,50433461.14,139935851.3,7200127.833,137535486,49367381.12,32543765.48,17932970.33,9331690.535,55025425.44,22004304.41
2059,10460043.34,76895465.16,18571121.04,13471155.5,40789321.07,34180985.88,38459711.67,69933613.61,32253866.81,9590361.507,76511917.91,13508115.66,15769448.91,5060386.409,9410327.818,17971731.82,51116785.86,141364154.9,7199572.827,134520258.6,49572970.84,32907497.74,17921526.33,9535793.904,56257377.92,22811826.31
2060,10394156.04,76270611.97,18475133.82,13486389.61,40381353.81,34268549.7,38581246.76,70907362,32739060.2,9598745.74,75972897.93,13378447.69,15477424.16,5015463.527,9352510.695,18346077.06,51581473.77,141644111.9,7118701.397,132238971.9,49461063.3,33109685.72,18011174.64,9455976.829,56813583.88,23171665.81
