,wt%,BEV,FCV,HEV,ICE,PHEV,Trolley
LCV,1971,0.0,0.0,61.22177282560751,0.0,14.015648696961998,0.0
LCV,1972,0.0,0.0,322.37740930228404,0.0,33.089764706467605,0.0
LCV,1973,0.0,0.0,440.6694656632749,0.0,48.31381548000387,0.0
LCV,1974,0.0,0.0,379.7934667804547,0.0,42.43507368101271,0.0
LCV,1975,0.0,0.0,341.7239679403663,0.0,42.83334272348579,0.0
LCV,1976,0.0,0.0,432.6311064030048,0.0,44.133146904763954,0.0
LCV,1977,0.0,0.0,334.2742217098012,0.0,28.32965506641639,0.0
LCV,1978,0.0,0.0,379.8010223260689,0.0,26.54055897018618,0.0
LCV,1979,0.0,0.0,485.1301721671092,0.0,46.455421638294425,0.0
LCV,1980,0.0,0.0,284.39505393222964,0.0,1.2366383666026917,0.0
LCV,1981,0.0,0.0,141.4944828561133,0.0,20.71479937992929,0.0
LCV,1982,0.0,0.0,137.353435683653,0.0,22.318698699431625,0.0
LCV,1983,0.0,0.0,119.25847928451908,0.0,14.155852930094957,0.0
LCV,1984,0.0,0.0,456.9323463126598,0.0,35.27730855726756,0.0
LCV,1985,0.0,0.0,856.7802553279782,0.0,82.86983826599229,0.0
LCV,1986,0.0,0.0,1308.9479708871415,0.0,196.7799014048312,0.0
LCV,1987,0.0,0.0,1608.4126989279223,0.0,264.8850686217237,0.0
LCV,1988,0.0,0.0,1757.6103803491642,0.0,296.1666686596812,0.0
LCV,1989,0.0,0.0,1760.3240835726292,0.0,286.8382248853827,0.0
LCV,1990,0.0,0.0,1642.1434887433193,0.0,295.0413734552536,0.0
LCV,1991,0.0,0.0,1381.570561036182,0.0,259.11452925545575,0.0
LCV,1992,0.0,0.0,953.7842396103827,0.0,194.29228242441462,0.0
LCV,1993,0.0,0.0,707.6402320934665,0.0,150.40547157588261,0.0
LCV,1994,0.0,0.0,924.4539222203941,0.0,157.28217652186945,0.0
LCV,1995,0.0,0.0,1007.0160536954376,0.0,204.72251172073925,0.0
LCV,1996,0.0,0.0,562.4242238308871,0.0,87.49531916038124,0.0
LCV,1997,0.0,0.0,782.7499250034264,0.0,164.3270103984492,0.0
LCV,1998,0.0,0.0,857.4609928859343,0.0,224.4555435930336,0.0
LCV,1999,0.0,0.0,236.2778567081172,0.0,0.01772837933664255,0.0
LCV,2000,0.0,0.0,595.7262104073145,0.0,38.03984390497981,0.0
LCV,2001,0.0,0.0,287.7676730676415,0.0,17.689231510090163,0.0
LCV,2002,0.0,0.0,615.487341013631,0.0,54.5775277970031,0.0
LCV,2003,0.0,0.0,1089.9843095476629,0.0,181.13793059953915,0.0
LCV,2004,0.0,0.0,1783.2906223525008,0.0,346.3226950696373,0.0
LCV,2005,0.0,0.0,1689.055072054129,0.0,345.6093288924439,0.0
LCV,2006,0.0,0.0,1917.062409862851,0.0,384.59435773401117,0.0
LCV,2007,0.0,0.0,1972.998822922088,0.0,394.77130952350643,0.0
LCV,2008,0.0,0.0,1843.1355375767746,0.0,435.9632249866972,0.0
LCV,2009,0.0,0.0,1534.46094849251,0.0,364.30530354482926,0.0
LCV,2010,0.0,0.0,4869.577120409054,0.0,1135.2244743296274,0.0
LCV,2011,0.0,0.0,12972.40226939611,0.0,4322.691292436656,0.0
LCV,2012,0.0,0.0,43312.06422532738,0.0,24915.14444284803,0.0
LCV,2013,0.0,0.0,176081.4562145904,0.0,216302.89096053457,0.0
LCV,2014,0.0,0.0,885943.1717360937,0.0,2871382.7280802866,0.0
LCV,2015,0.0,0.0,4675900.490061297,0.0,46128298.71181434,0.0
LCV,2016,0.0,0.0,1232885.560284619,0.0,11017246.10502171,0.0
LCV,2017,0.0,0.0,1569919.0602795347,0.0,13460095.377690742,0.0
LCV,2018,0.0,0.0,1781033.2899724746,0.0,15346518.509003492,0.0
LCV,2019,0.0,0.0,1829204.1455017594,0.0,16299176.436594015,0.0
LCV,2020,0.0,0.0,406049.3198082536,0.0,3866905.346994294,0.0
LCV,2021,0.0,0.0,7964263.791296702,0.0,66851430.275793575,0.0
LCV,2022,0.0,0.0,8696770.395654505,0.0,59694701.25213195,0.0
LCV,2023,0.0,0.0,9259792.176454319,0.0,70880647.35789026,0.0
LCV,2024,0.0,0.0,8944080.00070606,0.0,76005629.93585575,0.0
LCV,2025,0.0,0.0,7945401.544555192,0.0,92681750.08505735,0.0
LCV,2026,0.0,0.0,7998835.130814486,0.0,100213178.12755083,0.0
LCV,2027,0.0,0.0,8937641.458938029,0.0,126239174.40675628,0.0
LCV,2028,0.0,0.0,8034043.165537845,0.0,117449681.12774001,0.0
LCV,2029,0.0,0.0,8548327.193556998,0.0,125714002.66998456,0.0
LCV,2030,0.0,0.0,9055211.362572368,0.0,128321286.848295,0.0
LCV,2031,0.0,0.0,9987414.869611524,0.0,130480817.44321911,0.0
LCV,2032,0.0,0.0,9912876.957016204,0.0,135583363.2887448,0.0
LCV,2033,0.0,0.0,10608415.971953522,0.0,139926128.09295502,0.0
LCV,2034,0.0,0.0,9605240.481929105,0.0,142216327.56319812,0.0
LCV,2035,0.0,0.0,9860783.482951777,0.0,148840055.74440402,0.0
LCV,2036,0.0,0.0,9408309.791982243,0.0,153129431.33138692,0.0
LCV,2037,0.0,0.0,9515900.475306729,0.0,167345515.56365347,0.0
LCV,2038,0.0,0.0,9545008.143403431,0.0,182516430.4420363,0.0
LCV,2039,0.0,0.0,9363062.822327966,0.0,196184312.62170774,0.0
LCV,2040,0.0,0.0,8658114.126798162,0.0,209955594.44884172,0.0
LCV,2041,0.0,0.0,8071792.7763397945,0.0,212867493.98215866,0.0
LCV,2042,0.0,0.0,7432220.727770279,0.0,216867735.3515416,0.0
LCV,2043,0.0,0.0,7057144.641118598,0.0,217982122.0433136,0.0
LCV,2044,0.0,0.0,6645737.2337110145,0.0,218647578.3136132,0.0
LCV,2045,0.0,0.0,6415365.947359742,0.0,217742804.42820758,0.0
LCV,2046,0.0,0.0,5958249.733564526,0.0,211681264.27895722,0.0
LCV,2047,0.0,0.0,5997950.428249436,0.0,209788777.7027074,0.0
LCV,2048,0.0,0.0,6045625.4774028165,0.0,208427784.56862807,0.0
LCV,2049,0.0,0.0,6086817.942556184,0.0,207947464.24959734,0.0
LCV,2050,0.0,0.0,6089740.291236194,0.0,208662255.1254145,0.0
LCV,2051,0.0,0.0,5868182.701269905,0.0,200663430.81955966,0.0
LCV,2052,0.0,0.0,5864640.569518286,0.0,203014815.26275185,0.0
LCV,2053,0.0,0.0,5763439.939214328,0.0,206876677.31581894,0.0
LCV,2054,0.0,0.0,5513704.268187853,0.0,212287574.4751305,0.0
LCV,2055,0.0,0.0,5306812.370782093,0.0,218092255.01030278,0.0
LCV,2056,0.0,0.0,4846536.783926923,0.0,221330209.97415227,0.0
LCV,2057,0.0,0.0,4403740.229963873,0.0,227071099.73233736,0.0
LCV,2058,0.0,0.0,4122719.432115561,0.0,231495670.65214545,0.0
LCV,2059,0.0,0.0,3721316.1530073765,0.0,235224406.51308402,0.0
LCV,2060,0.0,0.0,3215843.4762137583,0.0,238325999.38798988,0.0
MFT,1971,0.0,0.0,41.23264047575158,0.0,9.73400662844867,0.0
MFT,1972,0.0,0.0,148.0181080194292,0.0,17.829597579559543,0.0
MFT,1973,0.0,0.0,196.3136333872043,0.0,24.04128321850394,0.0
MFT,1974,0.0,0.0,174.98482915343845,0.0,22.080422953574917,0.0
MFT,1975,0.0,0.0,159.41063799868968,0.0,22.32321643529778,0.0
MFT,1976,0.0,0.0,200.46605167410493,0.0,23.449985816178057,0.0
MFT,1977,0.0,0.0,165.25820545120882,0.0,16.28676457563982,0.0
MFT,1978,0.0,0.0,193.48123578332363,0.0,16.695868316643804,0.0
MFT,1979,0.0,0.0,257.2805486781538,0.0,27.396140109614468,0.0
MFT,1980,0.0,0.0,179.43667411396643,0.0,4.278207999127308,0.0
MFT,1981,0.0,0.0,149.13115587430863,0.0,21.960838962741803,0.0
MFT,1982,0.0,0.0,179.5876035724233,0.0,20.247614182174843,0.0
MFT,1983,0.0,0.0,187.2653959411602,0.0,17.822618547245348,0.0
MFT,1984,0.0,0.0,317.04887350953265,0.0,27.60175314874283,0.0
MFT,1985,0.0,0.0,463.20868911798135,0.0,52.01546974025019,0.0
MFT,1986,0.0,0.0,641.2082482077521,0.0,91.29926448638152,0.0
MFT,1987,0.0,0.0,746.2870673785765,0.0,117.5714556998135,0.0
MFT,1988,0.0,0.0,793.526058990283,0.0,129.05096607678263,0.0
MFT,1989,0.0,0.0,789.4819388919421,0.0,125.44668808847845,0.0
MFT,1990,0.0,0.0,733.6349422255986,0.0,130.95905752437946,0.0
MFT,1991,0.0,0.0,660.4219503073216,0.0,122.01082322994075,0.0
MFT,1992,0.0,0.0,574.8811845513237,0.0,106.19435183982839,0.0
MFT,1993,0.0,0.0,548.2815680943638,0.0,99.59933391827136,0.0
MFT,1994,0.0,0.0,787.2981507007992,0.0,124.87722171621644,0.0
MFT,1995,0.0,0.0,897.6143076976485,0.0,164.78528076460609,0.0
MFT,1996,0.0,0.0,748.5260406021574,0.0,128.70393273865704,0.0
MFT,1997,0.0,0.0,865.9176220423444,0.0,163.2447663277566,0.0
MFT,1998,0.0,0.0,743.7603875028391,0.0,169.36216738703257,0.0
MFT,1999,0.0,0.0,457.09216530145414,0.0,51.93942301901502,0.0
MFT,2000,0.0,0.0,587.5577991820451,0.0,85.24292691603915,0.0
MFT,2001,0.0,0.0,253.22257611162414,0.0,22.837870857189753,0.0
MFT,2002,0.0,0.0,507.6950841629892,0.0,92.19441596007388,0.0
MFT,2003,0.0,0.0,675.1422667682077,0.0,136.45193220752847,0.0
MFT,2004,0.0,0.0,915.1629211154249,0.0,180.72270536710033,0.0
MFT,2005,0.0,0.0,882.8673733192269,0.0,179.69812639864847,0.0
MFT,2006,0.0,0.0,973.4997279717477,0.0,192.43179811327684,0.0
MFT,2007,0.0,0.0,969.3947931839143,0.0,189.48036262938666,0.0
MFT,2008,0.0,0.0,909.1329433302482,0.0,203.91498000184038,0.0
MFT,2009,0.0,0.0,773.330186396125,0.0,171.38586302595712,0.0
MFT,2010,0.0,0.0,2168.355711086487,0.0,504.7201809040187,0.0
MFT,2011,0.0,0.0,5420.988228455006,0.0,1820.4017884501297,0.0
MFT,2012,0.0,0.0,17305.839798907447,0.0,10129.944854797712,0.0
MFT,2013,0.0,0.0,68918.52871680068,0.0,86682.93612383356,0.0
MFT,2014,0.0,0.0,343909.43813681684,0.0,1139495.9462601116,0.0
MFT,2015,0.0,0.0,1829833.184717764,0.0,18056442.838599093,0.0
MFT,2016,0.0,0.0,481772.33807285683,0.0,4299555.698268114,0.0
MFT,2017,0.0,0.0,615945.5271686142,0.0,5256500.251134595,0.0
MFT,2018,0.0,0.0,713329.0790344725,0.0,6088641.038016702,0.0
MFT,2019,0.0,0.0,791824.4170533046,0.0,6923840.238413661,0.0
MFT,2020,0.0,0.0,258794.64002596473,0.0,2259014.168238961,0.0
MFT,2021,0.0,0.0,3483069.7251522164,0.0,28549191.759520117,0.0
MFT,2022,0.0,0.0,3841306.5115086176,0.0,25936625.313235313,0.0
MFT,2023,0.0,0.0,4295744.455162517,0.0,32660595.539060537,0.0
MFT,2024,0.0,0.0,4304075.367587848,0.0,35948379.24486629,0.0
MFT,2025,0.0,0.0,4021024.3105622623,0.0,43335406.19866535,0.0
MFT,2026,0.0,0.0,4126463.2180285663,0.0,46958174.76499001,0.0
MFT,2027,0.0,0.0,4762596.066086835,0.0,60470667.113180056,0.0
MFT,2028,0.0,0.0,4626606.747632233,0.0,57792344.49909098,0.0
MFT,2029,0.0,0.0,5315803.502601876,0.0,64871778.49936726,0.0
MFT,2030,0.0,0.0,6028313.88830715,0.0,70378895.08846177,0.0
MFT,2031,0.0,0.0,6826957.930873113,0.0,75953409.4046614,0.0
MFT,2032,0.0,0.0,7022609.016571288,0.0,82175622.81796418,0.0
MFT,2033,0.0,0.0,7362510.631819469,0.0,87622820.89779143,0.0
MFT,2034,0.0,0.0,6730854.644032191,0.0,91101143.22561702,0.0
MFT,2035,0.0,0.0,6676556.940610126,0.0,96112354.71772362,0.0
MFT,2036,0.0,0.0,6346442.000464758,0.0,99860532.89975269,0.0
MFT,2037,0.0,0.0,6345446.521039035,0.0,107217954.67225242,0.0
MFT,2038,0.0,0.0,6436692.364340177,0.0,115124621.1513738,0.0
MFT,2039,0.0,0.0,6534611.10261363,0.0,122587209.5621096,0.0
MFT,2040,0.0,0.0,6426434.46641663,0.0,130439852.46960957,0.0
MFT,2041,0.0,0.0,6117108.522679816,0.0,129889008.66134718,0.0
MFT,2042,0.0,0.0,5926098.085918571,0.0,133596723.25718379,0.0
MFT,2043,0.0,0.0,5747518.975448271,0.0,136312538.8845156,0.0
MFT,2044,0.0,0.0,5458200.542820336,0.0,139177401.6848072,0.0
MFT,2045,0.0,0.0,5208288.207461578,0.0,141747510.77059066,0.0
MFT,2046,0.0,0.0,4861253.838627266,0.0,142452624.8007792,0.0
MFT,2047,0.0,0.0,4749855.4752387265,0.0,145031236.32721204,0.0
MFT,2048,0.0,0.0,4665404.593542518,0.0,147601147.57571575,0.0
MFT,2049,0.0,0.0,4585605.70918246,0.0,149966320.3380593,0.0
MFT,2050,0.0,0.0,4490142.694549683,0.0,152004574.19752562,0.0
MFT,2051,0.0,0.0,4298376.387157927,0.0,149345890.6419733,0.0
MFT,2052,0.0,0.0,4198570.4998562625,0.0,150363694.97572377,0.0
MFT,2053,0.0,0.0,4064290.0161265954,0.0,151445667.09522015,0.0
MFT,2054,0.0,0.0,3876080.557107098,0.0,152898397.51409313,0.0
MFT,2055,0.0,0.0,3731356.288446969,0.0,154473581.22690642,0.0
MFT,2056,0.0,0.0,3507828.4784332486,0.0,155175591.47125825,0.0
MFT,2057,0.0,0.0,3324322.499320958,0.0,157370110.98620638,0.0
MFT,2058,0.0,0.0,3234822.5863004075,0.0,159579076.76266462,0.0
MFT,2059,0.0,0.0,3110723.981349469,0.0,162085356.21527812,0.0
MFT,2060,0.0,0.0,2948120.3882998256,0.0,164816062.74624604,0.0
HFT,1971,0.0,0.0,17.60521587259143,0.0,2.12925889488255,0.0
HFT,1972,0.0,0.0,69.91215373269918,0.0,4.069302412319975,0.0
HFT,1973,0.0,0.0,90.730463956237,0.0,6.292261198039026,0.0
HFT,1974,0.0,0.0,84.08244271169688,0.0,5.800264449056113,0.0
HFT,1975,0.0,0.0,77.8850167517243,0.0,6.004450596517389,0.0
HFT,1976,0.0,0.0,98.44055065700128,0.0,7.132952484523711,0.0
HFT,1977,0.0,0.0,76.22399764615261,0.0,4.364391915107326,0.0
HFT,1978,0.0,0.0,85.60622608717752,0.0,3.69997263887422,0.0
HFT,1979,0.0,0.0,122.50435382768994,0.0,7.360544918656684,0.0
HFT,1980,0.0,0.0,74.39144155976442,0.0,0.520727128226788,0.0
HFT,1981,0.0,0.0,75.95910008602304,0.0,6.427998424566129,0.0
HFT,1982,0.0,0.0,91.30569731657424,0.0,6.157112348888355,0.0
HFT,1983,0.0,0.0,90.75832737342103,0.0,5.09221039274489,0.0
HFT,1984,0.0,0.0,149.70858351161442,0.0,7.549871506752064,0.0
HFT,1985,0.0,0.0,219.55982520180095,0.0,13.339567382727324,0.0
HFT,1986,0.0,0.0,326.5741327246206,0.0,25.630273910129997,0.0
HFT,1987,0.0,0.0,363.5214546404353,0.0,27.706375843298964,0.0
HFT,1988,0.0,0.0,374.49653673879004,0.0,28.576182306366526,0.0
HFT,1989,0.0,0.0,362.6290832365151,0.0,34.45702006840865,0.0
HFT,1990,0.0,0.0,351.7649422124392,0.0,39.2242077768332,0.0
HFT,1991,0.0,0.0,324.66786376585407,0.0,28.920356813568134,0.0
HFT,1992,0.0,0.0,306.48013574695176,0.0,29.91682769259782,0.0
HFT,1993,0.0,0.0,306.9333522732433,0.0,32.84047273309247,0.0
HFT,1994,0.0,0.0,402.3637961528062,0.0,31.722661706214176,0.0
HFT,1995,0.0,0.0,470.6876041208835,0.0,46.519096117788074,0.0
HFT,1996,0.0,0.0,367.8900749162627,0.0,34.17527255859607,0.0
HFT,1997,0.0,0.0,457.301576831654,0.0,50.279117861626176,0.0
HFT,1998,0.0,0.0,438.39422524508075,0.0,59.72486611480403,0.0
HFT,1999,0.0,0.0,194.23727086620198,0.0,7.74304682338136,0.0
HFT,2000,0.0,0.0,255.75092703533687,0.0,15.602431119206857,0.0
HFT,2001,0.0,0.0,111.06005852823749,0.0,3.6778271539977556,0.0
HFT,2002,0.0,0.0,241.4700765829509,0.0,25.012174743906126,0.0
HFT,2003,0.0,0.0,351.79926438087506,0.0,43.432706786853636,0.0
HFT,2004,0.0,0.0,470.9577675392418,0.0,54.66442431378111,0.0
HFT,2005,0.0,0.0,452.12808672189266,0.0,53.36362885788832,0.0
HFT,2006,0.0,0.0,487.9642691888475,0.0,54.40755060806143,0.0
HFT,2007,0.0,0.0,459.1524526366641,0.0,49.84814240470845,0.0
HFT,2008,0.0,0.0,455.96198701503215,0.0,54.40699032758752,0.0
HFT,2009,0.0,0.0,361.067872757098,0.0,42.856797535824114,0.0
HFT,2010,0.0,0.0,1090.4194987898961,0.0,143.9700420658449,0.0
HFT,2011,0.0,0.0,2649.77087969201,0.0,498.50857713811484,0.0
HFT,2012,0.0,0.0,8852.835391171207,0.0,2816.915214007205,0.0
HFT,2013,0.0,0.0,42577.82773521472,0.0,28312.18541844056,0.0
HFT,2014,0.0,0.0,258089.13323244802,0.0,459970.8692137596,0.0
HFT,2015,0.0,0.0,2418030.914273786,0.0,14932890.184597991,0.0
HFT,2016,0.0,0.0,584767.3175612165,0.0,3390542.992891845,0.0
HFT,2017,0.0,0.0,743174.7224223729,0.0,4142141.8986193375,0.0
HFT,2018,0.0,0.0,861571.7008223187,0.0,4781490.752036571,0.0
HFT,2019,0.0,0.0,972626.5725756452,0.0,5477095.437562461,0.0
HFT,2020,0.0,0.0,312004.8892765254,0.0,1747029.1570871663,0.0
HFT,2021,0.0,0.0,8580652.309413785,0.0,19491698.74920036,0.0
HFT,2022,0.0,0.0,5298567.547503179,0.0,42138295.65485236,0.0
HFT,2023,0.0,0.0,6166842.550731665,0.0,50986293.210190095,0.0
HFT,2024,0.0,0.0,6236042.574708906,0.0,61834554.09187951,0.0
HFT,2025,0.0,0.0,5309616.333104803,0.0,82165396.98481163,0.0
HFT,2026,0.0,0.0,4663644.5668063685,0.0,94646143.77568711,0.0
HFT,2027,0.0,0.0,6684587.751301406,0.0,102326609.47282542,0.0
HFT,2028,0.0,0.0,6605828.200799744,0.0,94566369.36522955,0.0
HFT,2029,0.0,0.0,7788419.755849416,0.0,107637155.40709618,0.0
HFT,2030,0.0,0.0,8909365.036016196,0.0,116297500.96898,0.0
HFT,2031,0.0,0.0,10216798.81317438,0.0,122689595.4577004,0.0
HFT,2032,0.0,0.0,10864055.713597542,0.0,131170740.9417106,0.0
HFT,2033,0.0,0.0,12323334.481417555,0.0,125400741.63453193,0.0
HFT,2034,0.0,0.0,12058295.808887746,0.0,121883261.71532293,0.0
HFT,2035,0.0,0.0,12354034.359383082,0.0,129475663.1735716,0.0
HFT,2036,0.0,0.0,12400045.898783633,0.0,134228635.6426274,0.0
HFT,2037,0.0,0.0,13247817.35324124,0.0,142923962.02013612,0.0
HFT,2038,0.0,0.0,13704016.780191788,0.0,157308130.32282215,0.0
HFT,2039,0.0,0.0,14148559.981115997,0.0,171061044.80344364,0.0
HFT,2040,0.0,0.0,14190381.196124988,0.0,186285447.85706708,0.0
HFT,2041,0.0,0.0,13714709.245719116,0.0,186889427.3330776,0.0
HFT,2042,0.0,0.0,13437493.839566039,0.0,193820595.26732802,0.0
HFT,2043,0.0,0.0,13381840.243503794,0.0,196926971.18253812,0.0
HFT,2044,0.0,0.0,13014818.650057072,0.0,201384444.35179678,0.0
HFT,2045,0.0,0.0,12713251.258404316,0.0,205805775.07045856,0.0
HFT,2046,0.0,0.0,12104776.366247928,0.0,208774388.9929357,0.0
HFT,2047,0.0,0.0,11968776.777767282,0.0,214525104.47395113,0.0
HFT,2048,0.0,0.0,11891086.441117184,0.0,220109729.52150437,0.0
HFT,2049,0.0,0.0,11848722.976733876,0.0,223847744.9023703,0.0
HFT,2050,0.0,0.0,11736134.128819387,0.0,227222101.78116572,0.0
HFT,2051,0.0,0.0,11296727.782418974,0.0,223346555.22516236,0.0
HFT,2052,0.0,0.0,11085390.745135764,0.0,224898171.15195882,0.0
HFT,2053,0.0,0.0,10847368.972456982,0.0,226460622.11372086,0.0
HFT,2054,0.0,0.0,10447354.642650586,0.0,229156884.66150326,0.0
HFT,2055,0.0,0.0,10220719.314704029,0.0,231839979.0028427,0.0
HFT,2056,0.0,0.0,9780277.543034941,0.0,233843701.86961323,0.0
HFT,2057,0.0,0.0,9418474.576248156,0.0,238193443.80142727,0.0
HFT,2058,0.0,0.0,9306136.434295956,0.0,242037802.1173837,0.0
HFT,2059,0.0,0.0,9036477.008026585,0.0,246650842.85480943,0.0
HFT,2060,0.0,0.0,8663939.898048121,0.0,251648503.10214776,0.0
midi_bus,1971,0.0011685354131402447,0.0,1153.0981882651542,0.0,0.0,0.0
midi_bus,1972,0.0016422762225037045,0.0,1579.2732421692972,0.0,0.0,0.0
midi_bus,1973,0.0017384636783631812,0.0,1658.1678349212457,0.0,0.0,0.0
midi_bus,1974,0.0017443829873508966,0.0,1684.4711380974052,0.0,0.0,0.0
midi_bus,1975,0.0015552148259589476,0.0,1468.0932456292733,0.0,0.0,0.0
midi_bus,1976,0.0015336260427751874,0.0,1411.5522574345862,0.0,0.0,0.0
midi_bus,1977,0.0017420725309258464,0.0,1733.4995423620555,0.0,0.0,0.0
midi_bus,1978,0.0018198545383432824,0.0,1728.4371684670423,0.0,0.0,0.0
midi_bus,1979,0.0018932339718476317,0.0,1821.4008817741512,0.0,0.0,0.0
midi_bus,1980,0.0017764663549624366,0.0,1712.7813571497957,0.0,0.0,0.0
midi_bus,1981,0.0017379108506294305,0.0,1787.959905977372,0.0,0.0,0.0
midi_bus,1982,0.0014559554227903217,0.0,1528.1336724338958,0.0,0.0,0.0
midi_bus,1983,0.0016276102843060137,0.0,1735.0060297248226,0.0,0.0,0.0
midi_bus,1984,0.002061792997115251,0.0,2063.0695935340113,0.0,0.0,0.0
midi_bus,1985,0.0020892468404298875,0.0,2012.939156405126,0.0,0.0,0.0
midi_bus,1986,5.883781994156042e-07,0.0,50.729119268227045,0.0,0.0,0.0
midi_bus,1987,8.534576795599044e-07,0.0,72.97454156516135,0.0,0.0,0.0
midi_bus,1988,1.2654040717761334e-06,0.0,108.21802588395973,0.0,0.0,0.0
midi_bus,1989,3.857080886936308e-20,0.0,0.00015262300483625746,0.0,0.0,0.0
midi_bus,1990,5.281685574784633e-20,0.0,0.00018145677419566838,0.0,0.0,0.0
midi_bus,1991,4.738657596880366e-12,0.0,31356.355897750098,0.0,0.0,0.0
midi_bus,1992,4.561559669331933e-12,0.0,20431.027793472436,0.0,0.0,0.0
midi_bus,1993,1.3259687420739745e-09,0.0,17382.607679120738,0.0,0.0,0.0
midi_bus,1994,1.2241036004410155e-11,0.0,4636.410239087234,0.0,0.0,0.0
midi_bus,1995,1.261923916843271e-11,0.0,3.518433683464071,0.0,0.0,0.0
midi_bus,1996,1.1242872387820343e-11,0.0,3.4967797883466845,0.0,0.0,0.0
midi_bus,1997,1.3610155965088688e-19,0.0,4.705525286906588,0.0,0.0,0.0
midi_bus,1998,4.6267439670033175e-12,0.0,5.410661565106256,0.0,0.0,0.0
midi_bus,1999,6.883462414023229e-20,0.0,203.09397765881837,0.0,0.0,0.0
midi_bus,2000,6.046001120829936e-13,0.0,1036.8190422953776,0.0,0.0,0.0
midi_bus,2001,3.781188922035175e-19,0.0,3457.1202146875935,0.0,0.0,0.0
midi_bus,2002,1.480562433327315e-19,0.0,6694.418316975778,0.0,0.0,0.0
midi_bus,2003,3.665380020478706e-20,0.0,10712.160213072766,0.0,0.0,0.0
midi_bus,2004,3.4054660833961836e-11,0.0,17732.828875974817,0.0,0.0,0.0
midi_bus,2005,6.147771901153417e-11,0.0,23410.57418340171,0.0,0.0,0.0
midi_bus,2006,2.9869607736262282e-06,0.0,40676.90680985011,0.0,0.0,0.0
midi_bus,2007,0.00012184901111170596,0.0,77400.78560176828,0.0,0.0,0.0
midi_bus,2008,6.413034158124724e-05,0.0,134534.78390740094,0.0,0.0,0.0
midi_bus,2009,7.761285615469037e-05,0.0,107015.68797787382,0.0,0.0,0.0
midi_bus,2010,0.0004237426865101261,0.0,153933.17330757837,0.0,0.0,0.0
midi_bus,2011,0.002062146078090177,0.0,131243.43423389544,0.0,0.0,0.0
midi_bus,2012,0.00092074510668861,0.0,117587.4087692841,0.0,0.0,0.0
midi_bus,2013,0.0022179115866708724,0.0,116440.87253331579,0.0,0.0,0.0
midi_bus,2014,0.003271709669532459,0.0,124785.42340908409,0.0,0.0,0.0
midi_bus,2015,0.0036142793676025996,0.0,158075.03476138975,0.0,0.0,0.0
midi_bus,2016,0.005140531454976778,0.0,159671.50694203094,0.0,0.0,0.0
midi_bus,2017,0.011525824448317358,0.0,177028.34383661294,0.0,0.0,0.0
midi_bus,2018,0.013399160487248991,0.0,208451.95900869285,0.0,0.0,0.0
midi_bus,2019,0.016905716801734035,0.0,230697.34721896314,0.0,0.0,0.0
midi_bus,2020,0.020600788070940332,0.0,248906.31568266448,0.0,0.0,0.0
midi_bus,2021,515.4369307425685,0.0,137459.35101622273,0.0,0.0,0.0
midi_bus,2022,1899.0067941955688,0.0,1488.1632446235606,0.0,0.0,0.0
midi_bus,2023,15845.149717090344,0.0,275668.6003058045,0.0,0.0,0.0
midi_bus,2024,63407.20665026577,0.0,103639.40990280127,0.0,0.0,0.0
midi_bus,2025,160809.0514018179,0.0,94169.93504086406,0.0,0.0,0.0
midi_bus,2026,377867.22536856576,0.0,107644.97879424875,0.0,0.0,0.0
midi_bus,2027,721675.4680061177,0.0,89214.41563353335,0.0,0.0,0.0
midi_bus,2028,1133031.835778895,0.0,67400.61844128226,0.0,0.0,0.0
midi_bus,2029,1668216.8483455675,0.0,53808.843558139604,0.0,0.0,0.0
midi_bus,2030,2415620.3905462446,0.0,38705.95138988282,0.0,0.0,0.0
midi_bus,2031,2685444.086079199,0.0,21451.197936587563,0.0,0.0,0.0
midi_bus,2032,3040543.288447577,0.0,18457.46953023013,0.0,0.0,0.0
midi_bus,2033,3626081.337713475,0.0,36352.845577588065,0.0,0.0,0.0
midi_bus,2034,3958986.2980482816,0.0,18653.41391764687,0.0,0.0,0.0
midi_bus,2035,4542585.421895355,0.0,17515.35458917285,0.0,0.0,0.0
midi_bus,2036,5289517.087852234,0.0,22500.626289950877,0.0,0.0,0.0
midi_bus,2037,5982755.572786974,0.0,20883.611790648003,0.0,0.0,0.0
midi_bus,2038,6740258.475482572,0.0,16842.182182795917,0.0,0.0,0.0
midi_bus,2039,7672180.627998929,0.0,12328.037728006722,0.0,0.0,0.0
midi_bus,2040,8676423.427628566,0.0,7651.952732119198,0.0,0.0,0.0
midi_bus,2041,9929139.035215545,0.0,6896.968404339425,0.0,0.0,0.0
midi_bus,2042,11249081.132612877,0.0,5474.381734885074,0.0,0.0,0.0
midi_bus,2043,12789503.770399226,0.0,4339.894119439287,0.0,0.0,0.0
midi_bus,2044,14534299.740674252,0.0,3365.208782599848,0.0,0.0,0.0
midi_bus,2045,16398239.425031437,0.0,2391.8696962959557,0.0,0.0,0.0
midi_bus,2046,17377481.5507932,0.0,1272.9619888474167,0.0,0.0,0.0
midi_bus,2047,18445727.801877297,0.0,322.3395804649647,0.0,0.0,0.0
midi_bus,2048,19470363.813210577,0.0,107.25513302481713,0.0,0.0,0.0
midi_bus,2049,20336675.384600416,0.0,57.991103037109674,0.0,0.0,0.0
midi_bus,2050,21174064.631591387,0.0,24.71220979889925,0.0,0.0,0.0
midi_bus,2051,21886579.750188958,0.0,21.37929100957183,0.0,0.0,0.0
midi_bus,2052,22648998.879149698,0.0,18.827079759080018,0.0,0.0,0.0
midi_bus,2053,23221312.314347096,0.0,16.988271657937176,0.0,0.0,0.0
midi_bus,2054,23777322.6161301,0.0,16.08695091095302,0.0,0.0,0.0
midi_bus,2055,24352967.251746338,0.0,15.464939135899652,0.0,0.0,0.0
midi_bus,2056,24648598.997198965,0.0,15.015947824811173,0.0,0.0,0.0
midi_bus,2057,25130999.602909923,0.0,15.814449408060511,0.0,0.0,0.0
midi_bus,2058,25614210.487753257,0.0,19.502894115744184,0.0,0.0,0.0
midi_bus,2059,26013327.06541233,0.0,18.91176493345141,0.0,0.0,0.0
midi_bus,2060,26263781.531785,0.0,19.18094534621249,0.0,0.0,0.0
reg_bus,1971,0.014595428560266218,0.0,16312.29880428203,0.0,0.0,21339.814398627786
reg_bus,1972,0.020510554966221645,0.0,22325.16047848007,0.0,0.0,29205.864038512194
reg_bus,1973,0.021711724674867698,0.0,23437.204967221387,0.0,0.0,30660.645076891193
reg_bus,1974,0.02178559885540969,0.0,23812.66920724783,0.0,0.0,31151.828894224258
reg_bus,1975,0.019422576530825582,0.0,20745.935363141256,0.0,0.0,27139.915439918666
reg_bus,1976,0.019152738666103484,0.0,19936.643701006888,0.0,0.0,26081.196857579245
reg_bus,1977,0.021756645848191147,0.0,24513.51912674887,0.0,0.0,32068.68355612911
reg_bus,1978,0.02272759215911767,0.0,24423.127874774746,0.0,0.0,31950.433359484938
reg_bus,1979,0.023644017736724837,0.0,25740.034229013298,0.0,0.0,33673.21550796406
reg_bus,1980,0.022185379936022348,0.0,24206.402359377655,0.0,0.0,31666.912175361005
reg_bus,1981,0.02170427445648357,0.0,25290.660724000652,0.0,0.0,33085.343295401035
reg_bus,1982,0.018182725376460075,0.0,21621.48822009702,0.0,0.0,28285.31718202006
reg_bus,1983,0.02032658765386259,0.0,24554.78370394719,0.0,0.0,32122.666040942444
reg_bus,1984,0.025748450793896687,0.0,29172.423284489105,0.0,0.0,38163.48056933296
reg_bus,1985,0.02609098259347202,0.0,28443.382761409237,0.0,0.0,37209.74684735165
reg_bus,1986,8.025847381834223e-06,0.0,768.3016672180064,0.0,0.0,1005.0953074234094
reg_bus,1987,1.1421003309009396e-05,0.0,1084.7032912184698,0.0,0.0,1419.0131747311218
reg_bus,1988,0.0017483394894740533,0.0,2415.933368980162,0.0,0.0,3160.5336755146154
reg_bus,1989,5.019418518435046e-19,0.0,0.0022062230323356487,0.0,0.0,0.0028861897755358204
reg_bus,1990,6.87332402293845e-19,0.0,0.0026230253841556385,0.0,0.0,0.00343145227551355
reg_bus,1991,6.003388061551391e-11,0.0,444703.313140363,0.0,0.0,581762.6491192206
reg_bus,1992,5.3957785169227054e-11,0.0,269742.3814420448,0.0,0.0,352878.0599794545
reg_bus,1993,1.580194460863384e-08,0.0,215668.97452580207,0.0,0.0,282139.013225987
reg_bus,1994,1.5929795159535512e-10,0.0,47533.875029785784,0.0,0.0,62184.0050291551
reg_bus,1995,1.642196850104685e-10,0.0,50.856939151004894,0.0,0.0,66.53125077404042
reg_bus,1996,1.4630844256836826e-10,0.0,50.54197271437155,0.0,0.0,66.11921042456518
reg_bus,1997,1.7711581917482588e-18,0.0,68.01047986906426,0.0,0.0,88.97157739736846
reg_bus,1998,6.020982087393788e-11,0.0,78.19876414983342,0.0,0.0,102.2999312533142
reg_bus,1999,8.95780265808635e-19,0.0,2628.359795066802,0.0,0.0,3438.430773667758
reg_bus,2000,7.867945618983972e-12,0.0,14880.450416434614,0.0,0.0,19466.66462441277
reg_bus,2001,4.918579047066265e-18,0.0,40201.69372285381,0.0,0.0,52592.01618095303
reg_bus,2002,1.925420979614572e-18,0.0,89514.67039354668,0.0,0.0,117103.44907298846
reg_bus,2003,4.760333112846059e-19,0.0,145682.1093857597,0.0,0.0,190581.91693380426
reg_bus,2004,1.6399002283081758e-11,0.0,244546.68943552437,0.0,0.0,319916.9551362482
reg_bus,2005,7.232074034780029e-10,0.0,330587.725417164,0.0,0.0,432476.1818088132
reg_bus,2006,5.175969255504161e-09,0.0,574306.1791432664,0.0,0.0,751309.6356849633
reg_bus,2007,0.001535388685792059,0.0,1084020.5534930318,0.0,0.0,1418120.0145457892
reg_bus,2008,0.0008636504407778452,0.0,1833115.3280525547,0.0,0.0,2398088.788360558
reg_bus,2009,0.0010306823083064541,0.0,1406121.955945506,0.0,0.0,1839494.3547840782
reg_bus,2010,0.005524558464014384,0.0,1945791.6529555535,0.0,0.0,2545492.406305214
reg_bus,2011,0.026818419786634195,0.0,1599043.988412444,0.0,0.0,2091875.7276346874
reg_bus,2012,0.011971865550846644,0.0,1397799.244892152,0.0,0.0,1828606.5509673771
reg_bus,2013,0.028811775465071854,0.0,1375490.179160069,0.0,0.0,1799421.7421383676
reg_bus,2014,0.04246005293104407,0.0,1463779.2971821611,0.0,0.0,1914921.9187083961
reg_bus,2015,0.04680540903217413,0.0,1826036.3736852438,0.0,0.0,2388828.072005154
reg_bus,2016,0.06397876694442751,0.0,1786792.0229017246,0.0,0.0,2337488.4556808854
reg_bus,2017,0.13251881047817402,0.0,1941549.2265378477,0.0,0.0,2539942.4471339756
reg_bus,2018,0.15154756190448496,0.0,2256086.255370909,0.0,0.0,2951421.0436118166
reg_bus,2019,0.1911093455852809,0.0,2447163.5138966725,0.0,0.0,3201389.0758296037
reg_bus,2020,0.23235673024894368,0.0,2581717.1294535063,0.0,0.0,3377412.6527220607
reg_bus,2021,6597.863598877757,0.0,1436738.2357388246,0.0,0.0,1879546.6942047055
reg_bus,2022,24522.18397749522,0.0,20111.92268697307,0.0,0.0,26310.49752820713
reg_bus,2023,205399.34212556202,0.0,3085984.8754194337,0.0,0.0,4037097.7305926536
reg_bus,2024,819876.011752541,0.0,1267878.0530639125,0.0,0.0,1658643.1292849479
reg_bus,2025,2056927.8906481573,0.0,1258796.137133522,0.0,0.0,1646762.1306176488
reg_bus,2026,4801557.468217706,0.0,1463224.1442879778,0.0,0.0,1914195.6654759017
reg_bus,2027,9100444.844711836,0.0,1281776.8447202197,0.0,0.0,1676825.58400136
reg_bus,2028,14171064.269562377,0.0,1030690.980953823,0.0,0.0,1348354.0549060714
reg_bus,2029,20717412.598708443,0.0,861581.3022630479,0.0,0.0,1127124.0983040784
reg_bus,2030,29653062.47492668,0.0,667502.6266874205,0.0,0.0,873229.6003226907
reg_bus,2031,33013154.09702835,0.0,437356.73977386195,0.0,0.0,572151.8325200548
reg_bus,2032,37437420.97551524,0.0,354883.7942105673,0.0,0.0,464260.3959738302
reg_bus,2033,44751093.01809917,0.0,530124.3687001622,0.0,0.0,693510.8149291393
reg_bus,2034,49027854.949467905,0.0,262477.56405540457,0.0,0.0,343374.19687945343
reg_bus,2035,56511525.55934193,0.0,218502.1541316256,0.0,0.0,285845.3901055323
reg_bus,2036,66115893.30240306,0.0,255865.85139691323,0.0,0.0,334724.72799135605
reg_bus,2037,75205263.79305167,0.0,227179.4259681573,0.0,0.0,297197.03175418195
reg_bus,2038,85243475.47143544,0.0,179718.4375987269,0.0,0.0,235108.3773464442
reg_bus,2039,97610232.4704423,0.0,133127.22645032636,0.0,0.0,174157.56897031187
reg_bus,2040,111091429.06837773,0.0,108719.39953239271,0.0,0.0,142227.1523814362
reg_bus,2041,127791149.50450431,0.0,98980.65093990807,0.0,0.0,129486.88260414406
reg_bus,2042,145436695.39907053,0.0,79684.0327476958,0.0,0.0,104242.96966981163
reg_bus,2043,165883553.03992838,0.0,63999.18985285675,0.0,0.0,83723.99559456769
reg_bus,2044,188887612.21531025,0.0,50193.02243817434,0.0,0.0,65662.71228048195
reg_bus,2045,213317953.2207003,0.0,36199.10744710694,0.0,0.0,47355.816837648024
reg_bus,2046,226097115.39293444,0.0,20082.61807341839,0.0,0.0,26272.161115998853
reg_bus,2047,240147640.88452965,0.0,5448.736010001727,0.0,0.0,7128.058194922369
reg_bus,2048,253657141.5734126,0.0,1561.4249747777021,0.0,0.0,2042.6623838693208
reg_bus,2049,265111732.6643519,0.0,842.8349611110106,0.0,0.0,1102.600060002946
reg_bus,2050,276104544.0367567,0.0,361.0677149811453,0.0,0.0,472.35022581831697
reg_bus,2051,285238873.21903694,0.0,309.1633975086099,0.0,0.0,404.4487905412005
reg_bus,2052,294938143.9561313,0.0,272.26821635799183,0.0,0.0,356.1823673031893
reg_bus,2053,302158745.4315966,0.0,245.66890397737984,0.0,0.0,321.3850406821292
reg_bus,2054,309238198.5164996,0.0,232.6037512306138,0.0,0.0,304.293155710969
reg_bus,2055,316658142.5210573,0.0,223.58783999259487,0.0,0.0,292.4985046432359
reg_bus,2056,320518477.86632454,0.0,217.06555339798624,0.0,0.0,283.9660232872027
reg_bus,2057,326856638.61325204,0.0,228.15190102877227,0.0,0.0,298.4692275040639
reg_bus,2058,333204670.2514576,0.0,282.11140246976976,0.0,0.0,369.059262648628
reg_bus,2059,338444648.61179835,0.0,273.01438409285396,0.0,0.0,357.15850690125336
reg_bus,2060,341730865.08045447,0.0,3341.8311068932476,0.0,0.0,4371.79679171893
car,1971,6.700609315669386e-22,0.0,156405.56103227552,0.0,78894.70251476888,0.0
car,1972,9.616242846409168e-22,0.0,628214.3609342127,0.0,213602.89440937285,0.0
car,1973,8.241690932623991e-22,0.0,799145.6249055078,0.0,275964.3130149971,0.0
car,1974,7.537147370189946e-22,0.0,691733.1141480294,0.0,225506.21636524537,0.0
car,1975,1.3033673262745574e-21,0.0,590571.2860494019,0.0,219306.23343792383,0.0
car,1976,3.7054017583160443e-22,0.0,277139.09756648226,0.0,80614.33907452507,0.0
car,1977,1.3023228353349979e-26,0.0,69488.85483499826,0.0,13658.105063141027,0.0
car,1978,1.7351342913912872e-22,0.0,125790.01213748571,0.0,40697.558719326116,0.0
car,1979,6.849026061788594e-23,0.0,39141.828127473265,0.0,11924.215199869554,0.0
car,1980,2.89619578096445e-28,0.0,1184.8726289883498,0.0,1347.7674549696299,0.0
car,1981,5.252888598987001e-37,0.0,456.6602885979928,0.0,467.0366555256121,0.0
car,1982,4.358197158270668e-37,0.0,256.6045915640392,0.0,485.42689159442733,0.0
car,1983,5.114932130587975e-37,0.0,179.26715062613727,0.0,203.88877058828277,0.0
car,1984,4.617713261066774e-37,0.0,199.4884741589339,0.0,145.7877999213785,0.0
car,1985,9.583079584340632e-37,0.0,209.4221781514692,0.0,63.44536188099473,0.0
car,1986,7.623943245590725e-28,0.0,120470.16793202425,0.0,37569.28583510471,0.0
car,1987,2.9570448223171657e-13,0.0,1147084.1735556363,0.0,551005.627801905,0.0
car,1988,3.642757397937297e-13,0.0,2658740.3115422637,0.0,16391885.557232322,0.0
car,1989,4.3525888937514495e-15,0.0,1348446.5188774574,0.0,706620.4256691198,0.0
car,1990,3.13319122525725e-14,0.0,236372.58718975456,0.0,949751.6223809766,0.0
car,1991,62754579.36508605,0.0,242521.67038550437,0.0,1611540.7620809833,0.0
car,1992,9768237.59941508,0.0,156927.63421207902,0.0,1271785.0678323612,0.0
car,1993,10707376.993160214,0.0,4485.381629165532,0.0,486447.279188828,0.0
car,1994,6419269.325194703,0.0,2569.1597922828514,0.0,1204282.1892170156,0.0
car,1995,6764830.175225197,0.0,5391.2363886211615,0.0,1594438.728074812,0.0
car,1996,1195806.6538466385,0.0,8180.227596490085,0.0,2289969.1737342346,0.0
car,1997,1919245.6967279234,0.0,5795.7933891551975,0.0,3089605.978085257,0.0
car,1998,3098799.4102958655,0.0,7275.835079686399,0.0,4213385.993597109,0.0
car,1999,2243905.8538700067,0.0,32802.55156236618,0.0,4990351.8141372,0.0
car,2000,2453379.313360748,0.0,39401.78174008504,0.0,5694467.235861151,0.0
car,2001,2743889.9948788704,0.0,45195.52787218386,0.0,8682398.272698462,0.0
car,2002,2884958.079440342,0.0,64194.7731152098,0.0,12907989.232889352,0.0
car,2003,4691611.717436913,0.0,97578.31866742537,0.0,17966484.952503417,0.0
car,2004,3540436.2695742627,0.0,168817.4180442822,0.0,17695054.945706714,0.0
car,2005,5885662.392604677,0.0,330844.20315225393,0.0,21463164.550271593,0.0
car,2006,62843820.62629372,0.0,667377.0364960777,0.0,22585458.16389236,0.0
car,2007,113302139.28130351,0.0,1327280.6084644913,0.0,23587595.993299894,0.0
car,2008,141045604.29500258,0.0,2641308.809553965,0.0,3105475.0458073243,0.0
car,2009,122402854.43665203,0.0,4557622.608361787,0.0,1132162.2250372,0.0
car,2010,135084526.91432056,0.0,9936850.47388796,0.0,3212919.5291604092,0.0
car,2011,145998354.00160807,0.0,25139657.0080658,0.0,6373925.819137078,0.0
car,2012,149333372.92829546,0.0,57093674.86382746,0.0,24160964.51983075,0.0
car,2013,177364677.76325366,0.0,128138750.65137538,0.0,84477533.08105162,0.0
car,2014,213705915.79356188,0.0,244369404.38716304,0.0,210587309.93313134,0.0
car,2015,273904087.98007137,0.0,406523414.09245914,0.0,377065823.6213018,0.0
car,2016,297077653.78874344,0.0,174985679.02900195,0.0,126649591.32647844,0.0
car,2017,306090964.78129107,0.0,169316443.9888807,0.0,124692305.20456856,0.0
car,2018,328522236.406336,0.0,183081662.06666437,0.0,136166003.729445,0.0
car,2019,327377908.4553908,0.0,163032204.03842807,0.0,118414402.78263187,0.0
car,2020,18603.03670458865,0.0,9091529.08258163,0.0,5926247.457951148,0.0
car,2021,908100594.3673956,0.0,120562430.68161578,0.0,126452317.50472315,0.0
car,2022,977794134.3545762,0.0,37701872.44495217,0.0,74148959.32220736,0.0
car,2023,2348802399.323007,0.0,225662278.90304363,0.0,323877928.78502667,0.0
car,2024,2486844416.190702,0.0,134869209.5471306,0.0,243565883.9949597,0.0
car,2025,2284060452.6442018,0.0,107320050.66661058,0.0,274414515.0577818,0.0
car,2026,2537992167.920679,0.0,118417819.7269953,0.0,313459526.5487314,0.0
car,2027,2584785018.961204,0.0,134231868.67060792,0.0,316371112.33900404,0.0
car,2028,2479585395.7091255,0.0,128137475.0275104,0.0,319928223.07779026,0.0
car,2029,2363262866.744389,0.0,128952581.838701,0.0,338570966.55686617,0.0
car,2030,2330005975.932053,0.0,144389335.12699804,0.0,366053509.0672796,0.0
car,2031,2243302689.742513,0.0,173327566.2049284,0.0,391885952.0419977,0.0
car,2032,2103446394.890247,0.0,176042426.5210322,0.0,380717414.29335284,0.0
car,2033,2208696886.5222735,0.0,199790699.8377643,0.0,404742803.5531127,0.0
car,2034,1741844221.0292113,0.0,182162945.11487022,0.0,349226351.34131944,0.0
car,2035,1654800847.2497997,0.0,184801526.38210848,0.0,326494402.8040585,0.0
car,2036,1664074916.292263,0.0,193836274.21746856,0.0,319768215.9987753,0.0
car,2037,1588010160.8853724,0.0,186640378.62926647,0.0,297083806.30612683,0.0
car,2038,1559616995.2128768,0.0,174916455.11416075,0.0,274425830.16832054,0.0
car,2039,1671402989.9094827,0.0,165743022.7824195,0.0,257151892.98054534,0.0
car,2040,1827115602.6726384,0.0,156170907.16376185,0.0,239040864.45538515,0.0
car,2041,2310020906.83795,0.0,174164528.97398898,0.0,278683019.823378,0.0
car,2042,2495058714.890355,0.0,158771001.4901866,0.0,271942154.18450975,0.0
car,2043,2741055360.182563,0.0,147838206.27776352,0.0,258367234.07058328,0.0
car,2044,3073975080.0574455,0.0,136622420.9654775,0.0,251159158.3288612,0.0
car,2045,3561512592.859349,0.0,124738603.04988402,0.0,240240226.5860056,0.0
car,2046,3734525510.089292,0.0,111217588.18944094,0.0,234241064.62933502,0.0
car,2047,3962215796.0118628,0.0,104450603.16900833,0.0,233457045.57662305,0.0
car,2048,4170539302.153082,0.0,99019027.89355098,0.0,229378939.73727733,0.0
car,2049,4306414656.12811,0.0,92506116.47260262,0.0,222548480.21101657,0.0
car,2050,4407640668.931155,0.0,87901849.28447367,0.0,221035569.07363585,0.0
car,2051,4481164392.421259,0.0,84152337.28989258,0.0,219399414.60231388,0.0
car,2052,4550159577.93093,0.0,82910983.95173918,0.0,217939752.92011133,0.0
car,2053,4540020806.533033,0.0,81046537.75811952,0.0,218611516.9834164,0.0
car,2054,4514627470.755829,0.0,80250922.2351436,0.0,220276796.74876463,0.0
car,2055,4500556158.618072,0.0,81387361.44464438,0.0,222697471.54422563,0.0
car,2056,4420902354.565281,0.0,81891809.17718373,0.0,223588156.53489822,0.0
car,2057,4390098154.349416,0.0,83172186.32288805,0.0,225287009.65448448,0.0
car,2058,4366531982.982854,0.0,85418662.24878415,0.0,230020151.63525385,0.0
car,2059,4361284468.17108,0.0,87563700.46711755,0.0,237092956.63377416,0.0
car,2060,4350752377.290584,0.0,88817965.49744882,0.0,247481454.35566723,0.0
