Time,unit,Region,sector,technology,sub_technology,material,value,min,max
2020,kg/count,World,vehicles,cars,ICE,steel,870.3369092426666,860,891.010727728
2020,kg/count,World,vehicles,cars,ICE,aluminium,145.37830096666667,136.1349029,150
2020,kg/count,World,vehicles,cars,ICE,copper,21.983064568333333,20,25.949193705000003
2020,kg/count,World,vehicles,cars,ICE,plastics,175.44050216399998,175.44050216399998,175.44050216399998
2020,kg/count,World,vehicles,cars,ICE,glass,37.44909241,37.44909241,37.44909241
2020,kg/count,World,vehicles,cars,ICE,rubber,43.989013815999996,43.989013815999996,43.989013815999996
2020,kg/count,World,vehicles,cars,ICE,lead,11.257242134,11.257242134,11.257242134
2020,kg/count,World,vehicles,cars,ICE,cobalt,0.0332524,0.028,0.039
2020,kg/count,World,vehicles,cars,ICE,neodymium,0.065,0.028,0.21
2020,kg/count,World,vehicles,cars,ICE,lithium,0.005533333333333334,0.0014,0.01
2020,kg/count,World,vehicles,cars,ICE,manganese,10.6,6,10.6
2020,kg/count,World,vehicles,cars,ICE,platinum,0.0030181481481481474,0.0001,0.0081
2020,kg/count,World,vehicles,cars,ICE,magnesium,6,3,9
2020,kg/count,World,vehicles,cars,ICE,molybdenum,0.305,0.305,0.63
2020,kg/count,World,vehicles,cars,ICE,niobium,0.128,0.063,0.128
2020,kg/count,World,vehicles,cars,ICE,silver,0.012,0.012,0.03
2020,kg/count,World,vehicles,cars,ICE,tantalum,0.007933333333333332,0.0058,0.011
2020,kg/count,World,vehicles,cars,ICE,palladium,0.0042,0.0012,0.006
2020,kg/count,World,vehicles,cars,ICE,dysprosium,0.007,0.00083,0.027
2020,kg/count,World,vehicles,cars,ICE,praseodymium,0.00297,0.0008100000000000001,0.0056
2020,kg/count,World,vehicles,cars,ICE,samarium,0.00053,0.00043,0.00073
2020,kg/count,World,vehicles,cars,ICE,cerium,0.020999999999999998,0.00029,0.037
2020,kg/count,World,vehicles,cars,ICE,gallium,0.0003533333333333334,8e-05,0.0005600000000000001
2020,kg/count,World,vehicles,cars,ICE,indium,0.00019333333333333333,5e-05,0.00038
2020,kg/count,World,vehicles,cars,ICE,yttrium,0.0001566666666666667,2e-05,0.00023
2020,kg/count,World,vehicles,cars,ICE,lanthanum,0.0325,0,0.035
2020,kg/count,World,vehicles,cars,ICE,erbium,0.00011999999999999999,0,0.00017999999999999998
2020,kg/count,World,vehicles,cars,ICE,ytterbium,0.00010666666666666668,0,0.00016
2020,kg/count,World,vehicles,cars,ICE,rhodium,0.4,0,0.8
2020,kg/count,World,vehicles,cars,ICE,silicon,13.3,13.3,13.3
2020,kg/count,World,vehicles,cars,HEV,steel,891.63082416,860,923.2616483200001
2020,kg/count,World,vehicles,cars,HEV,aluminium,160.53121299999998,141.062426,180
2020,kg/count,World,vehicles,cars,HEV,copper,27.44422385,26.888447700000004,28
2020,kg/count,World,vehicles,cars,HEV,plastics,181.79072616,181.79072616,181.79072616
2020,kg/count,World,vehicles,cars,HEV,glass,38.8045954,38.8045954,38.8045954
2020,kg/count,World,vehicles,cars,HEV,wood,0,0,0
2020,kg/count,World,vehicles,cars,HEV,rubber,45.581235039999996,45.581235039999996,45.581235039999996
2020,kg/count,World,vehicles,cars,HEV,lead,11.664707960000001,11.664707960000001,11.664707960000001
2020,kg/count,World,vehicles,cars,HEV,cobalt,0.034456,0.034456,0.034456
2020,kg/count,World,vehicles,cars,HEV,neodymium,0.207,0.207,0.53188
2020,kg/count,World,vehicles,cars,HEV,lithium,0.005533333333333334,0.0014,0.01
2020,kg/count,World,vehicles,cars,HEV,manganese,10.8,10.8,10.8
2020,kg/count,World,vehicles,cars,HEV,platinum,0.0030181481481481474,0.0001,0.0081
2020,kg/count,World,vehicles,cars,HEV,magnesium,6.1,6.1,6.1
2020,kg/count,World,vehicles,cars,HEV,molybdenum,0.305,0.305,0.305
2020,kg/count,World,vehicles,cars,HEV,niobium,0.128,0.10914,0.128
2020,kg/count,World,vehicles,cars,HEV,silver,0.013,0.013,0.013
2020,kg/count,World,vehicles,cars,HEV,tantalum,0.01083,0.01083,0.01083
2020,kg/count,World,vehicles,cars,HEV,palladium,0.0053,0.00181,0.0053
2020,kg/count,World,vehicles,cars,HEV,dysprosium,0.095,0.095,0.12966
2020,kg/count,World,vehicles,cars,HEV,praseodymium,0.00401,0.00401,0.00401
2020,kg/count,World,vehicles,cars,HEV,samarium,0.0014,0.0014,0.0014
2020,kg/count,World,vehicles,cars,HEV,cerium,0.03,0.00031,0.03
2020,kg/count,World,vehicles,cars,HEV,gallium,0.00057,0.00057,0.00057
2020,kg/count,World,vehicles,cars,HEV,indium,8e-05,8e-05,8e-05
2020,kg/count,World,vehicles,cars,HEV,yttrium,0.00023,0.00023,0.00023
2020,kg/count,World,vehicles,cars,HEV,lanthanum,0.029,0.006679999999999999,0.029
2020,kg/count,World,vehicles,cars,HEV,erbium,0.00017999999999999998,0.00017999999999999998,0.00017999999999999998
2020,kg/count,World,vehicles,cars,HEV,ytterbium,0.00016,0.00016,0.00016
2020,kg/count,World,vehicles,cars,HEV,rhodium,0.63,0.63,0.63
2020,kg/count,World,vehicles,cars,HEV,silicon,14.1,14.1,14.1
2020,kg/count,World,vehicles,cars,PHEV,steel,838.2454389165,828.2896770349329,858.1569626796345
2020,kg/count,World,vehicles,cars,PHEV,aluminium,218.637021439,204.7357101165187,225.58767710024063
2020,kg/count,World,vehicles,cars,PHEV,copper,80.6097430685,73.33803966951774,95.15314986646452
2020,kg/count,World,vehicles,cars,PHEV,plastics,173.64439765,173.64439765,173.64439765
2020,kg/count,World,vehicles,cars,PHEV,glass,41.123685799,41.123685799,41.123685799
2020,kg/count,World,vehicles,cars,PHEV,wood,12.734386203000001,12.734386203000001,12.734386203000001
2020,kg/count,World,vehicles,cars,PHEV,rubber,40.255489873,40.255489873,40.255489873
2020,kg/count,World,vehicles,cars,PHEV,lead,2.48767167,2.48767167,2.48767167
2020,kg/count,World,vehicles,cars,PHEV,cobalt,0.030762,0.025902972417028547,0.03607914015228976
2020,kg/count,World,vehicles,cars,PHEV,neodymium,0.24,0.10338461538461535,0.7753846153846152
2020,kg/count,World,vehicles,cars,PHEV,lithium,0.005533333333333334,0.0014000000000000002,0.01
2020,kg/count,World,vehicles,cars,PHEV,manganese,11,6.2264150943396235,11
2020,kg/count,World,vehicles,cars,PHEV,platinum,0.0030181481481481474,0.0001,0.0081
2020,kg/count,World,vehicles,cars,PHEV,magnesium,6.4,3.2,9.600000000000001
2020,kg/count,World,vehicles,cars,PHEV,molybdenum,0.305,0.305,0.63
2020,kg/count,World,vehicles,cars,PHEV,niobium,0.128,0.063,0.128
2020,kg/count,World,vehicles,cars,PHEV,silver,0.015,0.015,0.03749999999999999
2020,kg/count,World,vehicles,cars,PHEV,tantalum,0.01083,0.007917731092436976,0.015016386554621848
2020,kg/count,World,vehicles,cars,PHEV,palladium,0.0054,0.0015428571428571427,0.007714285714285715
2020,kg/count,World,vehicles,cars,PHEV,dysprosium,0.115,0.013635714285714279,0.44357142857142856
2020,kg/count,World,vehicles,cars,PHEV,praseodymium,0.00401,0.0010936363636363635,0.00756094276094276
2020,kg/count,World,vehicles,cars,PHEV,samarium,0.0014,0.0011358490566037737,0.0019283018867924527
2020,kg/count,World,vehicles,cars,PHEV,cerium,0.03,0.0004142857142857108,0.05285714285714285
2020,kg/count,World,vehicles,cars,PHEV,gallium,0.00057,0.00012905660377358485,0.0009033962264150942
2020,kg/count,World,vehicles,cars,PHEV,indium,8e-05,2.068965517241379e-05,0.00015724137931034485
2020,kg/count,World,vehicles,cars,PHEV,yttrium,0.00023,2.9361702127659553e-05,0.0003376595744680851
2020,kg/count,World,vehicles,cars,PHEV,lanthanum,0.028,0,0.030153846153846156
2020,kg/count,World,vehicles,cars,PHEV,erbium,0.00017999999999999998,0,0.00026999999999999995
2020,kg/count,World,vehicles,cars,PHEV,ytterbium,0.00016,0,0.00024
2020,kg/count,World,vehicles,cars,PHEV,rhodium,0.63,0,1.26
2020,kg/count,World,vehicles,cars,PHEV,silicon,14.1,14.1,14.1
2020,kg/count,World,vehicles,cars,BEV,steel,815.42830456,805.743539627449,834.7978344251022
2020,kg/count,World,vehicles,cars,BEV,aluminium,267.17738896,250.18979903668557,275.67118392165713
2020,kg/count,World,vehicles,cars,BEV,copper,88.50798583999999,80.52379190797265,104.4763737040547
2020,kg/count,World,vehicles,cars,BEV,plastics,178.82629599999999,178.82629599999999,178.82629599999999
2020,kg/count,World,vehicles,cars,BEV,glass,42.35089936,42.35089936,42.35089936
2020,kg/count,World,vehicles,cars,BEV,wood,13.114405920000001,13.114405920000001,13.114405920000001
2020,kg/count,World,vehicles,cars,BEV,rubber,41.456794720000005,41.456794720000005,41.456794720000005
2020,kg/count,World,vehicles,cars,BEV,lead,2.5619088000000003,2.5619088000000003,2.5619088000000003
2020,kg/count,World,vehicles,cars,BEV,cobalt,0.03168,0.026675969253347125,0.03715581431716207
2020,kg/count,World,vehicles,cars,BEV,neodymium,0.23,0.09907692307692306,0.743076923076923
2020,kg/count,World,vehicles,cars,BEV,lithium,0.005533333333333334,0.0014000000000000002,0.01
2020,kg/count,World,vehicles,cars,BEV,manganese,9.2,5.2075471698113205,9.2
2020,kg/count,World,vehicles,cars,BEV,magnesium,3.2,1.6,4.800000000000001
2020,kg/count,World,vehicles,cars,BEV,molybdenum,0.305,0.305,0.63
2020,kg/count,World,vehicles,cars,BEV,niobium,0.128,0.063,0.128
2020,kg/count,World,vehicles,cars,BEV,silver,0.01775,0.01775,0.04437499999999999
2020,kg/count,World,vehicles,cars,BEV,tantalum,0.01083,0.007917731092436976,0.015016386554621848
2020,kg/count,World,vehicles,cars,BEV,palladium,0.0006,0.0001714285714285714,0.0008571428571428571
2020,kg/count,World,vehicles,cars,BEV,dysprosium,0.10825,0.012835357142857134,0.4175357142857143
2020,kg/count,World,vehicles,cars,BEV,praseodymium,0.09,0.024545454545454537,0.16969696969696968
2020,kg/count,World,vehicles,cars,BEV,samarium,0.0014,0.0011358490566037737,0.0019283018867924527
2020,kg/count,World,vehicles,cars,BEV,cerium,0,0,0
2020,kg/count,World,vehicles,cars,BEV,gallium,0.00057,0.00012905660377358485,0.0009033962264150942
2020,kg/count,World,vehicles,cars,BEV,indium,8e-05,2.068965517241379e-05,0.00015724137931034485
2020,kg/count,World,vehicles,cars,BEV,yttrium,0.00023,2.9361702127659553e-05,0.0003376595744680851
2020,kg/count,World,vehicles,cars,BEV,lanthanum,0.022,0,0.023692307692307693
2020,kg/count,World,vehicles,cars,BEV,erbium,0.00017999999999999998,0,0.00026999999999999995
2020,kg/count,World,vehicles,cars,BEV,ytterbium,0.00016,0,0.00024
2020,kg/count,World,vehicles,cars,BEV,terbium,0.015,0.015,0.015
2020,kg/count,World,vehicles,cars,BEV,silicon,14.1,14.1,14.1
2020,kg/count,World,vehicles,cars,FCV,steel,523.239183152,517.0247208087269,535.6681078385463
2020,kg/count,World,vehicles,cars,FCV,aluminium,289.80168215599997,271.37560143593623,299.01472251603184
2020,kg/count,World,vehicles,cars,FCV,copper,15.712139870000001,14.294767520842734,18.54688456831454
2020,kg/count,World,vehicles,cars,FCV,plastics,98.263221588,98.263221588,98.263221588
2020,kg/count,World,vehicles,cars,FCV,glass,34.915865474,34.915865474,34.915865474
2020,kg/count,World,vehicles,cars,FCV,rubber,49.879807488000004,49.879807488000004,49.879807488000004
2020,kg/count,World,vehicles,cars,FCV,lead,2.493990142,2.493990142,2.493990142
2020,kg/count,World,vehicles,cars,FCV,cobalt,0.030909199999999998,0.0260269213650744,0.036251783329925055
2020,kg/count,World,vehicles,cars,FCV,neodymium,0.065,0.027999999999999997,0.21
2020,kg/count,World,vehicles,cars,FCV,lithium,0.005533333333333334,0.0014000000000000002,0.01
2020,kg/count,World,vehicles,cars,FCV,manganese,10.6,6,10.6
2020,kg/count,World,vehicles,cars,FCV,magnesium,6,3,9
2020,kg/count,World,vehicles,cars,FCV,molybdenum,0.305,0.305,0.63
2020,kg/count,World,vehicles,cars,FCV,niobium,0.128,0.063,0.128
2020,kg/count,World,vehicles,cars,FCV,silver,0.012,0.012,0.03
2020,kg/count,World,vehicles,cars,FCV,tantalum,0.007933333333333332,0.0058,0.011
2020,kg/count,World,vehicles,cars,FCV,palladium,0.0042,0.0011999999999999997,0.006
2020,kg/count,World,vehicles,cars,FCV,dysprosium,0.007,0.00083,0.027
2020,kg/count,World,vehicles,cars,FCV,praseodymium,0.00297,0.00081,0.0056
2020,kg/count,World,vehicles,cars,FCV,samarium,0.00053,0.00043,0.00073
2020,kg/count,World,vehicles,cars,FCV,cerium,0.020999999999999998,0.0002899999999999986,0.037
2020,kg/count,World,vehicles,cars,FCV,gallium,0.0003533333333333334,7.999999999999999e-05,0.0005600000000000001
2020,kg/count,World,vehicles,cars,FCV,indium,0.00019333333333333333,4.9999999999999996e-05,0.00038
2020,kg/count,World,vehicles,cars,FCV,yttrium,0.0001566666666666667,1.9999999999999998e-05,0.00023
2020,kg/count,World,vehicles,cars,FCV,lanthanum,0.0325,0,0.035
2020,kg/count,World,vehicles,cars,FCV,erbium,0.00011999999999999999,0,0.00017999999999999998
2020,kg/count,World,vehicles,cars,FCV,ytterbium,0.00010666666666666668,0,0.00016
2020,kg/count,World,vehicles,cars,FCV,rhodium,0.4,0,0.8
2020,kg/count,World,vehicles,cars,FCV,silicon,13.3,13.3,13.3
2020,kg/count,World,vehicles,LCV,ICE,steel,1133.568,1120.1047199621728,1160.4945600756548
2020,kg/count,World,vehicles,LCV,ICE,aluminium,105.408,98.70598121911878,108.7590093904406
2020,kg/count,World,vehicles,LCV,ICE,copper,17.28,15.721192963142991,20.397614073714024
2020,kg/count,World,vehicles,LCV,ICE,plastics,186.624,186.624,186.624
2020,kg/count,World,vehicles,LCV,ICE,glass,10.368,10.368,10.368
2020,kg/count,World,vehicles,LCV,ICE,rubber,51.839999999999996,51.839999999999996,51.839999999999996
2020,kg/count,World,vehicles,LCV,HEV,steel,1133.568,1120.1047199621728,1160.4945600756548
2020,kg/count,World,vehicles,LCV,HEV,aluminium,105.408,98.70598121911878,108.7590093904406
2020,kg/count,World,vehicles,LCV,HEV,copper,17.28,15.721192963142991,20.397614073714024
2020,kg/count,World,vehicles,LCV,HEV,plastics,186.624,186.624,186.624
2020,kg/count,World,vehicles,LCV,HEV,glass,10.368,10.368,10.368
2020,kg/count,World,vehicles,LCV,HEV,rubber,51.839999999999996,51.839999999999996,51.839999999999996
2020,kg/count,World,vehicles,LCV,PHEV,steel,1133.568,1120.1047199621728,1160.4945600756548
2020,kg/count,World,vehicles,LCV,PHEV,aluminium,105.408,98.70598121911878,108.7590093904406
2020,kg/count,World,vehicles,LCV,PHEV,copper,17.28,15.721192963142991,20.397614073714024
2020,kg/count,World,vehicles,LCV,PHEV,plastics,186.624,186.624,186.624
2020,kg/count,World,vehicles,LCV,PHEV,glass,10.368,10.368,10.368
2020,kg/count,World,vehicles,LCV,PHEV,rubber,51.839999999999996,51.839999999999996,51.839999999999996
2020,kg/count,World,vehicles,LCV,BEV,steel,1133.568,1120.1047199621728,1160.4945600756548
2020,kg/count,World,vehicles,LCV,BEV,aluminium,105.408,98.70598121911878,108.7590093904406
2020,kg/count,World,vehicles,LCV,BEV,copper,17.28,15.721192963142991,20.397614073714024
2020,kg/count,World,vehicles,LCV,BEV,plastics,186.624,186.624,186.624
2020,kg/count,World,vehicles,LCV,BEV,glass,10.368,10.368,10.368
2020,kg/count,World,vehicles,LCV,BEV,rubber,51.839999999999996,51.839999999999996,51.839999999999996
2020,kg/count,World,vehicles,LCV,FCV,steel,1133.568,1120.1047199621728,1160.4945600756548
2020,kg/count,World,vehicles,LCV,FCV,aluminium,105.408,98.70598121911878,108.7590093904406
2020,kg/count,World,vehicles,LCV,FCV,copper,17.28,15.721192963142991,20.397614073714024
2020,kg/count,World,vehicles,LCV,FCV,plastics,186.624,186.624,186.624
2020,kg/count,World,vehicles,LCV,FCV,glass,10.368,10.368,10.368
2020,kg/count,World,vehicles,LCV,FCV,rubber,51.839999999999996,51.839999999999996,51.839999999999996
2020,kg/count,World,vehicles,MFT,ICE,steel,5283.018,5220.272094347333,5408.509811305335
2020,kg/count,World,vehicles,MFT,ICE,aluminium,74.06099999999999,69.35207645595358,76.41546177202319
2020,kg/count,World,vehicles,MFT,ICE,copper,24.687,22.460016821823555,29.140966356352898
2020,kg/count,World,vehicles,MFT,ICE,plastics,1612.884,1612.884,1612.884
2020,kg/count,World,vehicles,MFT,ICE,glass,57.603,57.603,57.603
2020,kg/count,World,vehicles,MFT,ICE,rubber,893.032,893.032,893.032
2020,kg/count,World,vehicles,MFT,ICE,lead,0,0,0
2020,kg/count,World,vehicles,MFT,HEV,steel,5283.018,5220.272094347333,5408.509811305335
2020,kg/count,World,vehicles,MFT,HEV,aluminium,74.06099999999999,69.35207645595358,76.41546177202319
2020,kg/count,World,vehicles,MFT,HEV,copper,24.687,22.460016821823555,29.140966356352898
2020,kg/count,World,vehicles,MFT,HEV,plastics,1612.884,1612.884,1612.884
2020,kg/count,World,vehicles,MFT,HEV,glass,111.629,111.629,111.629
2020,kg/count,World,vehicles,MFT,HEV,rubber,893.032,893.032,893.032
2020,kg/count,World,vehicles,MFT,HEV,lead,0,0,0
2020,kg/count,World,vehicles,MFT,PHEV,steel,5283.018,5220.272094347333,5408.509811305335
2020,kg/count,World,vehicles,MFT,PHEV,aluminium,74.06099999999999,69.35207645595358,76.41546177202319
2020,kg/count,World,vehicles,MFT,PHEV,copper,24.687,22.460016821823555,29.140966356352898
2020,kg/count,World,vehicles,MFT,PHEV,plastics,3125.612,3125.612,3125.612
2020,kg/count,World,vehicles,MFT,PHEV,glass,111.629,111.629,111.629
2020,kg/count,World,vehicles,MFT,PHEV,rubber,893.032,893.032,893.032
2020,kg/count,World,vehicles,MFT,PHEV,lead,0,0,0
2020,kg/count,World,vehicles,MFT,BEV,steel,5283.018,5220.272094347333,5408.509811305335
2020,kg/count,World,vehicles,MFT,BEV,aluminium,74.06099999999999,69.35207645595358,76.41546177202319
2020,kg/count,World,vehicles,MFT,BEV,copper,47.841,43.52532364292383,56.47235271415234
2020,kg/count,World,vehicles,MFT,BEV,plastics,3125.612,3125.612,3125.612
2020,kg/count,World,vehicles,MFT,BEV,glass,111.629,111.629,111.629
2020,kg/count,World,vehicles,MFT,BEV,rubber,410.144,410.144,410.144
2020,kg/count,World,vehicles,MFT,BEV,lead,0,0,0
2020,kg/count,World,vehicles,MFT,FCV,steel,5283.018,5220.272094347333,5408.509811305335
2020,kg/count,World,vehicles,MFT,FCV,aluminium,143.523,134.39756510427657,148.0857174478617
2020,kg/count,World,vehicles,MFT,FCV,copper,47.841,43.52532364292383,56.47235271415234
2020,kg/count,World,vehicles,MFT,FCV,plastics,3125.612,3125.612,3125.612
2020,kg/count,World,vehicles,MFT,FCV,glass,111.629,111.629,111.629
2020,kg/count,World,vehicles,MFT,FCV,rubber,410.144,410.144,410.144
2020,kg/count,World,vehicles,MFT,FCV,lead,0,0,0
2020,kg/count,World,vehicles,HFT,ICE,steel,11784.833,11644.865651876176,12064.767696247654
2020,kg/count,World,vehicles,HFT,ICE,aluminium,574.092,537.5902604171063,592.3428697914468
2020,kg/count,World,vehicles,HFT,ICE,copper,79.735,72.54220607153972,94.12058785692057
2020,kg/count,World,vehicles,HFT,ICE,plastics,893.032,893.032,893.032
2020,kg/count,World,vehicles,HFT,ICE,glass,47.841,47.841,47.841
2020,kg/count,World,vehicles,HFT,ICE,rubber,424.79200000000003,424.79200000000003,424.79200000000003
2020,kg/count,World,vehicles,HFT,ICE,lead,0,0,0
2020,kg/count,World,vehicles,HFT,HEV,steel,11784.833,11644.865651876176,12064.767696247654
2020,kg/count,World,vehicles,HFT,HEV,aluminium,574.092,537.5902604171063,592.3428697914468
2020,kg/count,World,vehicles,HFT,HEV,copper,79.735,72.54220607153972,94.12058785692057
2020,kg/count,World,vehicles,HFT,HEV,plastics,893.032,893.032,893.032
2020,kg/count,World,vehicles,HFT,HEV,glass,21.972,21.972,21.972
2020,kg/count,World,vehicles,HFT,HEV,rubber,424.79200000000003,424.79200000000003,424.79200000000003
2020,kg/count,World,vehicles,HFT,HEV,lead,0,0,0
2020,kg/count,World,vehicles,HFT,PHEV,steel,11784.833,11644.865651876176,12064.767696247654
2020,kg/count,World,vehicles,HFT,PHEV,aluminium,574.092,537.5902604171063,592.3428697914468
2020,kg/count,World,vehicles,HFT,PHEV,copper,79.735,72.54220607153972,94.12058785692057
2020,kg/count,World,vehicles,HFT,PHEV,plastics,410.144,410.144,410.144
2020,kg/count,World,vehicles,HFT,PHEV,glass,21.972,21.972,21.972
2020,kg/count,World,vehicles,HFT,PHEV,rubber,424.79200000000003,424.79200000000003,424.79200000000003
2020,kg/count,World,vehicles,HFT,PHEV,lead,0,0,0
2020,kg/count,World,vehicles,HFT,BEV,steel,11784.833,11644.865651876176,12064.767696247654
2020,kg/count,World,vehicles,HFT,BEV,aluminium,574.092,537.5902604171063,592.3428697914468
2020,kg/count,World,vehicles,HFT,BEV,copper,36.62,33.316555920734736,43.22688815853052
2020,kg/count,World,vehicles,HFT,BEV,plastics,410.144,410.144,410.144
2020,kg/count,World,vehicles,HFT,BEV,glass,21.972,21.972,21.972
2020,kg/count,World,vehicles,HFT,BEV,rubber,861.59,861.59,861.59
2020,kg/count,World,vehicles,HFT,BEV,lead,0,0,0
2020,kg/count,World,vehicles,HFT,FCV,steel,11784.833,11644.865651876176,12064.767696247654
2020,kg/count,World,vehicles,HFT,FCV,aluminium,263.664,246.8997972844351,272.0461013577824
2020,kg/count,World,vehicles,HFT,FCV,copper,36.62,33.316555920734736,43.22688815853052
2020,kg/count,World,vehicles,HFT,FCV,plastics,410.144,410.144,410.144
2020,kg/count,World,vehicles,HFT,FCV,glass,21.972,21.972,21.972
2020,kg/count,World,vehicles,HFT,FCV,rubber,861.59,861.59,861.59
2020,kg/count,World,vehicles,HFT,FCV,lead,0,0,0
2020,kg/count,World,vehicles,midi_bus,ICE,steel,2334.1587999999997,2306.4362164609806,2389.6039670780387
2020,kg/count,World,vehicles,midi_bus,ICE,aluminium,2674.7248,2504.661276896547,2759.756561551726
2020,kg/count,World,vehicles,midi_bus,ICE,copper,18.31,16.658277960367368,21.61344407926526
2020,kg/count,World,vehicles,midi_bus,ICE,plastics,1092.0084000000002,1092.0084000000002,1092.0084000000002
2020,kg/count,World,vehicles,midi_bus,ICE,glass,333.9744,333.9744,333.9744
2020,kg/count,World,vehicles,midi_bus,ICE,rubber,389.201,389.201,389.201
2020,kg/count,World,vehicles,midi_bus,ICE,lead,0,0,0
2020,kg/count,World,vehicles,midi_bus,HEV,steel,2334.1587999999997,2306.4362164609806,2389.6039670780387
2020,kg/count,World,vehicles,midi_bus,HEV,aluminium,2674.7248,2504.661276896547,2759.756561551726
2020,kg/count,World,vehicles,midi_bus,HEV,copper,18.31,16.658277960367368,21.61344407926526
2020,kg/count,World,vehicles,midi_bus,HEV,plastics,1092.0084000000002,1092.0084000000002,1092.0084000000002
2020,kg/count,World,vehicles,midi_bus,HEV,glass,677.388,677.388,677.388
2020,kg/count,World,vehicles,midi_bus,HEV,rubber,389.201,389.201,389.201
2020,kg/count,World,vehicles,midi_bus,HEV,lead,0,0,0
2020,kg/count,World,vehicles,midi_bus,PHEV,steel,2334.1587999999997,2306.4362164609806,2389.6039670780387
2020,kg/count,World,vehicles,midi_bus,PHEV,aluminium,2674.7248,2504.661276896547,2759.756561551726
2020,kg/count,World,vehicles,midi_bus,PHEV,copper,18.31,16.658277960367368,21.61344407926526
2020,kg/count,World,vehicles,midi_bus,PHEV,plastics,2214.8805,2214.8805,2214.8805
2020,kg/count,World,vehicles,midi_bus,PHEV,glass,677.388,677.388,677.388
2020,kg/count,World,vehicles,midi_bus,PHEV,rubber,389.201,389.201,389.201
2020,kg/count,World,vehicles,midi_bus,PHEV,lead,0,0,0
2020,kg/count,World,vehicles,midi_bus,BEV,steel,2334.1587999999997,2306.4362164609806,2389.6039670780387
2020,kg/count,World,vehicles,midi_bus,BEV,aluminium,2674.7248,2504.661276896547,2759.756561551726
2020,kg/count,World,vehicles,midi_bus,BEV,copper,37.1375,33.78737289749554,43.83775420500894
2020,kg/count,World,vehicles,midi_bus,BEV,plastics,2214.8805,2214.8805,2214.8805
2020,kg/count,World,vehicles,midi_bus,BEV,glass,677.388,677.388,677.388
2020,kg/count,World,vehicles,midi_bus,BEV,rubber,389.201,389.201,389.201
2020,kg/count,World,vehicles,midi_bus,BEV,lead,0,0,0
2020,kg/count,World,vehicles,midi_bus,FCV,steel,2334.1587999999997,2306.4362164609806,2389.6039670780387
2020,kg/count,World,vehicles,midi_bus,FCV,aluminium,5425.046,5080.112406922202,5597.512796538898
2020,kg/count,World,vehicles,midi_bus,FCV,copper,37.1375,33.78737289749554,43.83775420500894
2020,kg/count,World,vehicles,midi_bus,FCV,plastics,2214.8805,2214.8805,2214.8805
2020,kg/count,World,vehicles,midi_bus,FCV,glass,677.388,677.388,677.388
2020,kg/count,World,vehicles,midi_bus,FCV,rubber,0.45064,0.45064,0.45064
2020,kg/count,World,vehicles,midi_bus,FCV,lead,0,0,0
2020,kg/count,World,vehicles,reg_bus,ICE,steel,8220.757,8123.119845798462,8416.031308403077
2020,kg/count,World,vehicles,reg_bus,ICE,aluminium,2819.479,2640.2117602240796,2909.1126198879597
2020,kg/count,World,vehicles,reg_bus,ICE,copper,37.1375,33.78737289749554,43.83775420500894
2020,kg/count,World,vehicles,reg_bus,ICE,plastics,1301.298,1301.298,1301.298
2020,kg/count,World,vehicles,reg_bus,ICE,glass,332.752,332.752,332.752
2020,kg/count,World,vehicles,reg_bus,ICE,rubber,430.795,430.795,430.795
2020,kg/count,World,vehicles,reg_bus,ICE,lead,0,0,0
2020,kg/count,World,vehicles,reg_bus,HEV,steel,8220.757,8123.119845798462,8416.031308403077
2020,kg/count,World,vehicles,reg_bus,HEV,aluminium,2819.479,2640.2117602240796,2909.1126198879597
2020,kg/count,World,vehicles,reg_bus,HEV,copper,37.1375,33.78737289749554,43.83775420500894
2020,kg/count,World,vehicles,reg_bus,HEV,plastics,1301.298,1301.298,1301.298
2020,kg/count,World,vehicles,reg_bus,HEV,glass,332.752,332.752,332.752
2020,kg/count,World,vehicles,reg_bus,HEV,rubber,430.795,430.795,430.795
2020,kg/count,World,vehicles,reg_bus,HEV,lead,0,0,0
2020,kg/count,World,vehicles,reg_bus,PHEV,steel,8220.757,8123.119845798462,8416.031308403077
2020,kg/count,World,vehicles,reg_bus,PHEV,aluminium,2819.479,2640.2117602240796,2909.1126198879597
2020,kg/count,World,vehicles,reg_bus,PHEV,copper,37.1375,33.78737289749554,43.83775420500894
2020,kg/count,World,vehicles,reg_bus,PHEV,plastics,1301.298,1301.298,1301.298
2020,kg/count,World,vehicles,reg_bus,PHEV,glass,332.752,332.752,332.752
2020,kg/count,World,vehicles,reg_bus,PHEV,rubber,430.795,430.795,430.795
2020,kg/count,World,vehicles,reg_bus,PHEV,lead,0,0,0
2020,kg/count,World,vehicles,reg_bus,BEV,steel,8220.757,8123.119845798462,8416.031308403077
2020,kg/count,World,vehicles,reg_bus,BEV,aluminium,2819.479,2640.2117602240796,2909.1126198879597
2020,kg/count,World,vehicles,reg_bus,BEV,copper,37.1375,33.78737289749554,43.83775420500894
2020,kg/count,World,vehicles,reg_bus,BEV,plastics,1301.298,1301.298,1301.298
2020,kg/count,World,vehicles,reg_bus,BEV,glass,332.752,332.752,332.752
2020,kg/count,World,vehicles,reg_bus,BEV,rubber,430.795,430.795,430.795
2020,kg/count,World,vehicles,reg_bus,BEV,lead,0,0,0
2020,kg/count,World,vehicles,reg_bus,FCV,steel,8220.757,8123.119845798462,8416.031308403077
2020,kg/count,World,vehicles,reg_bus,FCV,aluminium,2819.479,2640.2117602240796,2909.1126198879597
2020,kg/count,World,vehicles,reg_bus,FCV,copper,37.1375,33.78737289749554,43.83775420500894
2020,kg/count,World,vehicles,reg_bus,FCV,plastics,1301.298,1301.298,1301.298
2020,kg/count,World,vehicles,reg_bus,FCV,glass,332.752,332.752,332.752
2020,kg/count,World,vehicles,reg_bus,FCV,rubber,430.795,430.795,430.795
2020,kg/count,World,vehicles,reg_bus,FCV,lead,0,0,0
2020,kg/count,World,vehicles,reg_bus,Trolley,steel,8220.757,8123.119845798462,8416.031308403077
2020,kg/count,World,vehicles,reg_bus,Trolley,aluminium,2819.479,2640.2117602240796,2909.1126198879597
2020,kg/count,World,vehicles,reg_bus,Trolley,copper,37.1375,33.78737289749554,43.83775420500894
2020,kg/count,World,vehicles,reg_bus,Trolley,plastics,1301.298,1301.298,1301.298
2020,kg/count,World,vehicles,reg_bus,Trolley,glass,332.752,332.752,332.752
2020,kg/count,World,vehicles,reg_bus,Trolley,rubber,430.795,430.795,430.795
2020,kg/count,World,vehicles,reg_bus,Trolley,lead,0,0,0
2020,kg/count,World,vehicles,bicycle,,steel,0.26,0.26,0.26
2020,kg/count,World,vehicles,bicycle,,aluminium,0,0,0
2020,kg/count,World,vehicles,bicycle,,copper,0,0,0
2020,kg/count,World,vehicles,bicycle,,glass,0,0,0
2020,kg/count,World,vehicles,bicycle,,wood,0,0,0
2020,kg/count,World,vehicles,bicycle,,lead,0,0,0
