region,unit,1971,1972,1973,1974,1975,1976,1977,1978,1979,1980,1981,1982,1983,1984,1985,1986,1987,1988,1989,1990,1991,1992,1993,1994,1995,1996,1997,1998,1999,2000,2001,2002,2003,2004,2005,2006,2007,2008,2009,2010,2011,2012,2013,2014,2015,2016,2017,2018,2019,2020,2021,2022,2023,2024,2025,2026,2027,2028,2029,2030,2031,2032,2033,2034,2035,2036,2037,2038,2039,2040,2041,2042,2043,2044,2045,2046,2047,2048,2049,2050,2051,2052,2053,2054,2055,2056,2057,2058,2059,2060
CAN,Mt/yr,4.142278710394212,4.490383460036362,4.78304826177977,5.364955569816381,5.17131863591332,5.075481748887501,4.962290466549936,4.865282019891,4.4891806345122856,3.8952708323362946,3.7830438403552664,4.09723065777216,4.5114580464609615,4.936148173853366,5.82032668436462,6.253427100684601,6.21710513320213,5.79843680794402,5.020598732750154,4.616275019756055,4.245401493526505,4.275595486415207,4.433232682972437,4.949683560485295,5.706392165598354,6.248209691219765,6.647820788281026,7.197965385781656,7.586503772324705,7.6197908564898045,7.501755787199303,7.480809797052323,7.4563960476563516,7.569845276096106,7.149727491458969,7.146817425273382,6.772775088656674,6.5092928124437055,6.408459987675486,6.552506775997804,6.621988761099116,7.052258508752544,7.346299000370267,7.593862411292233,7.99783895217694,8.37980210131338,8.635875447294856,7.632527734961153,8.217669075903618,7.698737200740929,7.835182107275491,7.717157492833307,8.605380892919372,7.913737964226273,8.34274147770558,8.054636291313681,8.075408675275378,8.511875016573175,8.934991413387307,9.348362310105772,9.869269386988705,10.321544866741307,10.737464497425458,11.140159352920705,11.531854698016321,11.792100734484269,12.028209450351152,12.167675902072656,12.161072273405454,11.98194216032626,11.7446212508699,11.53998757057112,11.405734882239924,11.322102308831868,11.309788585946901,11.299295195780974,11.228762694351385,11.096152773565823,10.958998265981977,10.87544750255058,10.847438272785253,10.871846573755786,10.938999297261294,10.993384542860701,11.021404005589703,11.025965196571947,11.058240578312228,11.107103415412134,11.173994902933524,11.234725565634273
USA,Mt/yr,36.00333105121862,35.08483798118249,34.610887347810106,40.11712910519246,39.60948009234254,41.31183405082228,45.482933242497595,46.419316411174606,41.65437152122819,35.888814193498355,37.016315249154125,40.62670055463267,45.83241781751465,50.485425599900395,56.014953430518865,54.42269071867974,51.847541189667,48.7333761997553,43.74877952035324,43.747916372386825,42.40687075073376,42.92228582263468,44.238470400671545,48.83133464888975,51.002508053826524,54.47069428616126,57.05826342586351,59.689934662084774,59.246942459795086,56.129518514688456,53.68498534794616,52.14288208199255,51.831347191343106,52.27953160013419,53.32612238632547,49.706576570574185,43.62505588331605,41.46722412288489,40.985419073906606,41.9685647865841,46.30346817522819,53.29082415429283,56.86492167777976,58.58035254828926,60.44542924591569,62.42274276365569,63.47654228723982,55.76561999829697,62.35371929517931,59.76651578034379,61.751857991401636,60.9591959797661,65.93109541158368,59.01453643823193,61.36034609207136,58.688737630894416,59.47471616968543,63.27791805775781,66.23226995811798,68.1051335904888,71.04015558785528,71.64838499260755,71.36586856872078,71.8409002581003,73.13621473195417,73.61421565830511,75.98645110052263,78.59927900238196,80.04060586097455,80.26676237639256,80.04836333639733,79.37095910428376,78.27971011381766,77.20337473516165,76.72203948018502,76.58321537410471,76.64474170877945,77.0180856721619,77.8972359750258,78.69363202001456,79.41015296500815,80.20223287885948,81.04968720594522,81.60722522468181,82.03574838340685,82.31588377905408,82.3932471602382,82.14111793219703,81.87560604653918,81.61823927187235
MEX,Mt/yr,3.618368399626287,3.763062053413549,4.0032417266132665,4.214805921734361,4.046498261720812,4.3203344423602195,4.956672121945781,5.692228079963073,6.327129353979223,6.0316699793326585,5.1180583925064145,4.554466464812609,3.759327518584494,2.6126363002278543,2.725496835288504,3.8032591216981566,4.423852713681328,5.059035658358286,6.055308411644365,6.8615010168456045,6.6809838060983315,6.58084439326906,5.401505182361494,5.1442120451969755,5.586494424830165,7.326890888943724,7.517261804183454,9.579012688887202,9.58466233957383,9.039640104480151,7.257964515417761,7.607452404484177,7.211105361472752,8.133104986530734,8.917122847919842,9.775661159655058,8.108244427948215,8.175964161058275,8.049045452294376,7.883829504799442,7.516161291538766,9.275754409091963,9.649453221465864,9.887904310428569,10.33680313390738,11.228795326928863,11.803891834491875,9.92430068945442,9.654165947530045,8.54278450761362,7.911084909929134,7.66336820784682,9.261149923291411,9.71814301991638,10.935797942372734,11.589965950585903,11.919390356067913,12.641817510812574,13.242587975713684,13.846903377741862,14.470385419905398,14.915236416743546,15.199741554398685,15.463567569937199,15.56940635027582,15.572259597696624,15.615439255223917,15.70501429681934,15.741018305395155,15.86406664371708,16.05096525514006,16.27901303479538,16.509331624321337,16.782894706423328,17.08473290092691,17.404465211446876,17.71609249094411,18.049757251923555,18.37497615029157,18.815169712933052,19.33626278156294,20.008276916644004,20.711576811277986,21.482366668527476,22.114146669319787,22.669352777020585,23.03098401847483,23.32317069362955,23.505635119979463,23.63682632771338
RCAM,Mt/yr,2.5375073761238727,2.422079658445315,2.5295451082268574,2.768128328394997,3.010095221553176,3.1775741683151684,3.235586006812751,3.0682540686516613,2.8612638985821515,2.4938895917998947,2.4633148044710005,2.678167102051682,2.863261782991207,2.9825707503775867,3.1348859581619317,3.3760240739586855,3.4412336760359055,3.2940978946647332,3.2633896500268977,3.2713080757201403,3.0040235141662053,3.050686098254038,3.4454918585771126,3.8384209646019736,4.216085475153901,4.675221986638208,4.974725311088698,5.262435245435441,5.132192149965966,5.051850956115296,4.87163494616162,5.001100270208745,5.3071308082301405,5.7930118615142145,6.225224933817741,6.7549517859073145,6.047893419604564,5.581462348568858,5.5473017481289535,5.5740252891292394,5.595010441322792,6.639726675349057,7.294039524512792,7.360165481170577,7.72025639840891,8.163557888458834,8.618919943008795,7.336126566127879,7.615454476615035,7.177936022977292,6.941530117889201,6.825141675926047,8.279564634649661,8.552767136757469,9.250631583667115,9.704002656867859,10.066555984841806,10.57188289241587,11.01797704084211,11.46078655556025,11.915553569154241,12.260919751703529,12.558778940110589,12.833495636540336,13.036228669283082,13.177403132816094,13.357709340418278,13.559102100647285,13.744879894021613,13.996113709795265,14.301132874036966,14.638115115957524,14.984092798098354,15.360610852091607,15.735987230915669,16.098746131400812,16.43826195279441,16.764998637031134,17.064856214285445,17.34282973059972,17.593747832807832,17.830876912518747,18.047886973615977,18.253371787601466,18.441396821255868,18.624343839166233,18.79429170108587,18.953342052661554,19.091140002810057,19.194545427164737
BRA,Mt/yr,5.520023167468303,6.512343258695927,6.405052914116861,8.080442142047504,8.502126246770445,8.176590036640007,8.664230161285683,10.246824277846143,8.274978267780718,7.605862462335538,7.642206826625625,7.683893565579498,6.640211021339776,7.644292114004612,7.212808064683604,7.1864405689239845,5.90965383387192,6.08435021153008,6.675058838784543,6.7715957102015665,7.43320052464472,8.814312936913113,12.131928174799725,12.031219763357532,13.206940163412701,12.44389666755966,11.293005015756412,8.936425992881851,9.150605437591336,8.65944253819917,9.099696349726575,9.550691136342522,9.951535398146175,10.73527154119911,13.478877434961845,16.07279556907922,15.849012988944947,16.961667955797303,17.38862318667109,15.861485267939848,14.703416848952267,14.783571820607827,11.960690661208645,9.763457755562003,10.544430844039477,11.605422635064427,14.230504751185974,13.726385566401904,15.458572059725661,13.892280841950804,12.495476516217845,11.640423211113658,14.115617903404674,14.434989068326436,15.787603830100782,16.692557246467896,16.968871095478292,17.653745151275317,18.06823424754159,18.3265397146577,18.478017175773925,18.534072796481215,18.52031803169562,18.638510180997567,18.776722025443462,18.927162966957027,19.172949241008805,19.468729315493867,19.664264873767166,19.885140701894272,20.1205607104172,20.363811242445646,20.589756997335073,20.830055677455714,21.07820922100291,21.327066647820118,21.581512406564915,21.88044879522433,22.21027179332169,22.620896790252193,23.07859159428076,23.58708739365687,24.050234592295627,24.478141684813004,24.783139183499863,24.996101093367244,25.087923361725085,25.126368820500595,25.145724711981497,25.1520105450876
RSAM,Mt/yr,4.9913108553731815,4.60172505824562,4.713994642025759,4.873238945434054,5.312029302497972,5.4865582468069976,6.3964880722279025,6.835305767229578,6.830576224056947,5.967290448910079,5.62031255786236,5.264819223234564,4.660735020041269,5.170561646865648,6.036286931919806,6.332679206704853,5.9593606690079985,6.308965272330104,6.672892547423625,7.42302343233946,8.46917295272894,9.460062335399405,9.876355190253692,9.521353989718426,9.652956524197663,9.301866018227566,8.390793015317634,8.457898906678116,8.35386909629647,7.011923442345331,6.985366619052924,8.998227731886676,10.172563398939795,11.484518576788528,13.892832143046942,15.974315937546208,14.45199289643073,14.699988674872094,15.279942853201964,14.910435705581998,13.800069479254768,14.845611068054733,12.5047670695866,10.690307246105696,10.788841955245418,11.436739881130444,12.543335765495327,12.424234515740325,13.894851871817663,12.772501467929471,12.442690110329298,12.118817747784176,14.219063074309588,14.230658303019602,15.489258658386479,15.810443594400747,16.152695208254773,17.002924688631776,17.658124158004302,18.28051131218552,18.998030760623614,19.53158763825819,19.935917208358532,20.351021878538237,20.626876571595485,20.74521980020193,20.953262636635923,21.20215552975635,21.368034133258824,21.600460030528843,21.909024194485912,22.221071308876493,22.52502534114438,22.86274222227572,23.234930454902702,23.622997473312616,24.04705967592468,24.526676160011455,25.041977311103192,25.588661771532554,26.12573836665087,26.66691683989522,27.189560978363208,27.6887119375213,28.133332391524593,28.566702381882966,28.949406467754905,29.279456583371296,29.544559743172677,29.737523669139662
NAF,Mt/yr,2.6276737697702055,3.4771693281144604,3.61310735729599,3.9620009923279964,4.31406651721336,4.5068264329316285,4.214763608276457,4.45274204617747,4.036071603253061,3.8976588783967814,4.008146148547134,3.7944596522344987,3.920162094286091,4.102576860188915,3.7888164728347453,3.865769030066484,4.103087742696094,3.9751968227686474,4.2849197915565345,4.6339090001384315,4.461963796135254,4.392868035966846,4.302295132037248,4.364852050989788,4.425687304575447,4.7297979215882195,4.743867712665104,4.761038287742985,5.208678721712258,5.498711481888196,5.666519706828554,5.949504562385065,6.553086028577558,6.616338760522186,7.135428490692048,8.376447962843192,9.841235541110088,10.302419477145932,10.45837827786409,10.582607176871317,8.893375353169374,7.721281600007826,7.82789971588039,7.943845252172584,8.466401954982587,10.348280524387384,11.44845260570368,10.22979023913016,10.525480642543206,9.898812852536079,9.00831809741103,8.179034359665554,9.230418572232415,9.08656145485826,9.553813049858448,10.343290881321632,11.239347781327478,12.291734728691562,13.284690627876012,14.050756059007831,14.602230840459427,14.897570740825076,15.166307462512785,15.4612816046308,15.733448850022025,15.979908637002671,16.24445822298013,16.532959354864943,16.81359724738145,17.139309637357194,17.522856368331368,17.9587110061712,18.434731182090687,18.96685307821789,19.57987368402059,20.2592688207631,20.9677049177673,21.688019584796965,22.3665059517592,22.913430842815785,23.31189266278822,23.596455808895808,23.787058113177906,23.936763734830322,24.13254687147743,24.407689657961612,24.746482410074854,25.138912425863058,25.479904960993537,25.74283282848331
WAF,Mt/yr,2.99200273778029,3.0491834569637164,2.875996079937758,2.90649669451364,3.2233372102084883,3.2686390281040896,3.302024484549828,3.3871123070996076,3.2307992569297,3.0839554278256784,3.064341689101411,3.040549536895336,3.424678635341476,3.9579478088709643,4.0829268541789245,4.365635307263685,4.5155666067233975,4.516969618843197,4.471982040986501,4.612872913141526,4.645274628549911,4.8064280807608615,5.018410159412225,5.19487386108025,5.418160029461947,5.698530376260316,5.913359014057092,5.910532091893401,6.267721607485534,6.646289201202417,6.754145500726988,7.22933038837658,7.664538668319182,7.85482826489016,8.31952406540964,8.943502537866872,9.747949946187147,9.85619315024766,10.037773977216437,10.858323843439141,10.931540897238229,10.461315627455967,10.480057463082227,10.342793107189992,10.06197803899503,10.797262378114759,11.675563647376675,11.801371451316767,12.686921865293739,12.714979514512889,12.395537106289575,12.224320935829954,13.292984210169708,13.704406036496929,14.439945846921288,15.497595861388898,16.53243583796935,17.579055440540483,18.556525884434873,19.385831499662856,20.07609971365239,20.629159380084094,21.15534323811167,21.758909002017646,22.394094215888327,23.06025876214991,23.751070325601955,24.461775312912508,25.170012466446945,25.959060653512957,26.849267154171283,27.842790019905046,28.928531558256708,30.093314387336832,31.320589272707743,32.592126958546885,33.9076004927872,35.27051399687944,36.67813985923104,38.44315158074564,40.617178855460004,43.217848069450696,46.01098799658086,48.98643410620948,51.85131472718778,54.56864629316494,57.136417551100855,59.79345588637503,61.974220901933414,63.64479519708978
EAF,Mt/yr,1.5313346038368156,1.5674772184483008,1.5740173712672676,1.5819356893666594,1.709908282442919,1.8396174734859658,1.7981173061801219,1.8000378647423603,1.7973068518433406,1.8137697572908458,1.8525840894137109,1.8872648146660735,1.9051447566507638,1.9725056234427796,2.096243802558765,2.1736787685790433,2.3211670530415076,2.452285512776902,2.526463356398153,2.482598862499572,2.506250152152337,2.4896404330616746,2.6112937962346616,2.7385692618506075,2.9265644434933713,3.0407112371660565,3.2194662894225314,3.244525816379648,3.4029253381503612,3.489571102248534,3.6268457375638543,3.803986361456104,4.099812747946718,4.37489706660797,4.717633967245098,5.149171152090524,5.2570078242270775,5.278843409275836,5.101907916229744,10.856268017448093,12.406237291700641,12.16962758786915,12.187245143334144,12.217144980662965,7.055934908043953,6.412994271201454,7.914552990706685,7.881972566075699,8.896828748457363,9.156964836192714,9.11476432998157,9.009457749988512,10.377487383303599,10.936105842546707,11.687373896323571,12.575928152697662,13.599410251413865,14.607087156710653,15.596981556596301,16.505973083587868,17.391078724837794,18.263087792981352,19.190509108147072,20.28929004210637,21.506933227590775,22.809344237280634,24.22059788388258,25.693899725422074,27.18486905521463,28.767421848639465,30.484240441905023,32.309959969991226,34.28692711789224,36.34183669197478,38.45162164479342,40.574734505786324,42.777161782251454,45.059782607953785,47.48778219859442,50.09925105108727,52.917698329534254,55.87504066188134,58.96275305653276,62.17144979433596,65.4400921562145,68.76335032760409,72.13464926808639,75.51968903738472,78.23015510212676,80.2718166132488
SAF,Mt/yr,1.1870348670651298,1.2583467702741193,1.2970742950603298,1.3120580608077028,1.222472164599162,1.158889212754294,1.1557035409519945,1.340316932752391,1.5688566521806229,1.698120392952345,1.7094267747564973,1.8394039017795798,1.5546389607712385,1.3229445288787898,1.4202565637365718,1.6209490131816342,1.5923132024829034,1.778867875742222,1.7671889494589545,1.5953504439978743,1.4253695748311597,1.4293158651374345,1.5664294999865986,1.807853295302185,2.009574025208426,2.011938105169528,1.9810250409082337,1.983454630673307,1.941915179119984,1.96591109170103,2.177430132354816,2.523395224238028,2.798722044169114,3.2311289519512525,3.650710997750151,3.725433017493793,3.1744430573069193,3.0778113326953167,2.885699006064163,2.5822947449260982,2.497810763359691,2.8618722293902117,2.7199337823972676,2.459745432763816,2.888145168144464,3.442053418877937,4.016646299558231,3.696159018467009,3.7740272234712586,3.2229712866800972,2.6328607284295624,2.1819970955339545,2.665023975296218,2.965764785348341,3.431354926955033,3.948481264834847,4.35224683953759,4.757884983697972,5.061906135509029,5.259464313303426,5.373373574653914,5.415723417854782,5.426508987658259,5.490858236508143,5.6059343228312075,5.770820885067067,6.0146539623271975,6.348381262682749,6.705825272371404,7.069612444884957,7.396218371779111,7.640366301441331,7.766853510551472,7.812141032367715,7.7832676124635505,7.730144236627236,7.683423165588895,7.686028224656327,7.71846472938818,7.766225480303114,7.811960588797035,7.852633360399955,7.902290759150039,7.9669319141994706,8.056680735460679,8.172828207317167,8.312333813408628,8.441903083651562,8.537413846307782,8.612091234423767
WEU,Mt/yr,42.34937586962348,42.79948881949728,42.84486366437202,46.49061516664033,44.57013289622882,42.676659794293876,46.29343557452098,47.45364023315888,43.294170500280956,41.036580517533636,39.58100175310603,37.553380892792426,39.4400413881439,44.93205930577204,49.78159442571427,54.852778408820946,58.06033227329713,59.22737629374228,58.029547892899245,56.57144380591021,50.77047647049,49.9962207940386,49.75020560173277,50.1746696881423,51.94871743711693,58.00106476121366,60.7040012810478,64.608990231604,65.81191317867312,64.70616904517652,62.40689543755431,61.616664960632896,59.27238255737245,61.40809658493108,64.85708686046945,65.47313588575832,57.9033492978096,56.67581871379794,53.39424260954939,48.29511450079517,46.67005087520725,53.781697703015084,56.62142679980399,59.11090462919408,63.40969369792797,67.32938171444044,69.1139571597686,59.75699763076626,64.74159993171828,61.41885040614193,62.33847049689305,63.171594976122684,70.70076595247298,65.08869482324907,68.2221625645144,66.82925915432752,65.8739681086299,68.96752250083435,71.58045059111251,73.98638931915222,76.61737022909661,77.99213604307965,78.0265777224539,78.02081655588016,77.72853357167659,76.86618040503383,76.60183533654006,76.80009057705998,76.77548006180206,76.82985438480567,77.19845510717087,77.74447737736148,78.53451670742196,79.45937217438596,80.57930546042988,81.61755110446643,82.4822918059228,83.1430414922278,83.62262476639957,83.775840749158,83.64315289877938,83.40882496066041,83.14251380707647,82.92087445605252,82.71883827870786,82.7503345649706,82.74390891769976,82.7338705694927,82.7035856879494,82.71869186728594
CEU,Mt/yr,7.184306986628215,8.59336365088135,9.145813906251535,9.908176260353466,10.502835767743711,11.496719410934505,10.923973471401627,12.163440716843283,10.812117104425205,9.602398968292517,9.045873137025177,8.893569975435486,7.7266142949940875,8.844718686768495,9.791271563350316,8.94158100809286,8.221306681066574,6.916242090997162,5.3532054967509906,4.0252125078909256,3.6692798705253704,4.207145186743322,5.643186594467243,8.013416146389117,9.616338200086108,10.929528551147095,11.125506426247512,11.15266068910555,10.922392832614861,11.576040918966836,12.150167301445064,13.128812681399614,14.125352296497345,14.672749425087973,16.32429226011446,16.69447028561942,14.12729342419678,12.512653144099614,11.907951946352352,8.9958488264089,8.204462821679401,10.584868815002459,12.40994776113394,13.53231816276854,15.085064777709833,16.08501172760644,16.496462076366733,13.54214511328744,12.999357604596346,12.327882510762226,11.928552517577877,12.078669273241402,14.750020092329382,14.871986793677339,15.558532106079857,15.97355152637441,15.908167144792115,16.356973146893786,16.932030686230657,17.622548075528673,18.357575327297308,19.043261378886545,19.718423536789278,20.097292266400856,20.166699861434637,19.92084342883494,19.402681697721,18.520295804507036,17.741781314188103,17.135567683211818,16.709402127555588,16.4264040014909,16.30216583803548,16.208545116610996,16.123401027307477,16.0524205096738,16.03040946489585,16.083418402658054,16.15731666399887,16.239483608317194,16.337896039054325,16.45344798791146,16.592052675152505,16.72229419092446,16.881501469314067,17.036187822474414,17.19993995286117,17.29213181142423,17.364141842253364,17.394477220835103
TUR,Mt/yr,2.1135013283517297,2.1614648859356924,2.346797062120388,2.7190745896956092,2.6724694636486515,2.6684030413285886,2.624111835017986,2.3776943408930533,2.2479846972449504,2.3638898729661246,2.676814283310443,3.0728151876825684,3.448815119697846,3.622009614064035,4.104441763854992,3.977184977942553,3.6505951352144197,4.245473164039288,4.085345923207991,3.7987558784826057,4.399198942836338,4.154491856257054,3.8989762671445964,4.498138919019384,5.152277776633385,4.623201396718969,5.022909858788666,5.328144564822919,4.283943813967533,3.958298693008527,4.9601763598874795,6.402726531977654,6.87271258700769,8.445826179574258,8.95493775597103,7.9795161949088715,6.319849096957494,6.773712265446339,7.240255013673586,7.948710966076994,9.529647042699677,11.48222123262198,11.733326326313668,11.602536309563448,11.442636276217517,11.537833974892475,11.622386951131737,9.539207419531378,9.828160692100822,9.458245528005222,9.415489356516677,9.412772674354406,11.33383229061094,11.385263340892925,12.034723337069588,12.120746274585352,12.122658614315855,12.246446215617079,12.294080043611435,12.341506641380018,12.553956959413986,12.735576803825548,12.932715929193234,13.222573281438805,13.544501248025785,13.828491836317458,14.175759058940383,14.516492230853862,14.753946119118217,14.957887810255576,15.114725926945312,15.202653304768194,15.22852949782316,15.2558250485817,15.257646701498281,15.290906445831848,15.339784225585044,15.431394258218697,15.51810172369267,15.667493093296796,15.811763846803098,15.976969609468668,16.118061690606016,16.24559992065969,16.30720859087911,16.3241683570097,16.27691921380201,16.19194249907436,16.123216151276623,16.061166486426686
UKR,Mt/yr,2.7842463320182205,2.9512903331178033,3.0976085278120102,3.337423961169082,3.5771609843097245,3.541393723876324,3.4790334775449034,3.6154481895096033,3.593985532691404,3.4996928600906596,3.4200872083360223,3.3925180008220273,2.96162961680104,3.1097282034550147,3.0489447897623276,3.046418285226231,2.705086331712015,2.7362338959203067,2.0481504112027573,1.5575319531340577,1.2224876824604916,1.0657961146787431,0.7720983411757906,0.6931415276382324,0.9499915584576143,1.0012896093796375,1.2033030070571091,1.5782139543683635,2.2974324483571573,2.7409756598925656,3.3356531454576164,4.132847528170453,5.01970174281408,5.493832839354795,6.3191213015153265,6.528049099876237,5.530147418079521,5.143413422420006,4.921136855461666,4.182212460757527,3.1818245473662086,3.243589087066565,2.6375243703543485,2.4389636325550077,2.3522984076175146,2.996428100943901,3.763895194176558,3.5577370618565727,3.329513852341753,3.13966098341226,2.9030055928562435,2.734585547783513,3.3589697171781454,3.517159302413609,3.7249756102637117,3.943897270080707,4.038844378257269,4.114354627759828,4.137618606612997,4.1184445718295795,4.0638693156872,3.9980810129612174,3.9249729896173906,3.9325797686848043,4.011687706230128,4.163831290774032,4.356753361992873,4.608161512095611,4.879790670042228,5.183045956838631,5.503847736124074,5.7883468275241,5.988851763589032,6.065313848243876,6.0096583581305225,5.827402473508258,5.616728529469757,5.448701593571615,5.371181378941806,5.4010395198614916,5.528179249384916,5.71345927518304,5.889351898095222,6.030796824922423,6.1113128637857494,6.151737095859458,6.13908610470307,6.108612094858721,6.072029445206221,6.0495798067834485
STAN,Mt/yr,1.1202306504917796,1.1981270591979316,1.2647246218154202,1.3853665590033097,1.502924067492654,1.5769396154504212,1.63621679403799,1.729678982979263,1.7532111378758448,1.7795036468170784,1.7687542060703525,1.7671269813100394,1.6792496388737843,1.6108004234433702,1.5697010615508555,1.5649437143548495,1.433401443748953,1.5380766477328125,1.37276782519088,1.3698620846708887,1.1873568581559035,1.045249315655844,0.8016672060925845,0.8640165713936195,0.7518329379993637,0.8932954476833935,1.1660884802633278,1.4937167542184695,1.8191631100060228,2.12429290419636,2.3576123612602964,2.6270874643995366,2.758795594759242,2.8904048332425303,3.0934616475033243,3.088365094560876,2.844174047728951,2.7516262613314058,2.8646856806392424,2.870793207891104,3.0666259900629895,3.4444109075433635,3.620393856372198,3.492062714714249,3.587235217895866,3.7836265207645225,4.005362012107958,3.5432649873164195,3.8002486920272864,3.758222024810172,3.668588883990365,3.578120288979029,4.254176713186478,4.316332043273612,4.481415681537196,4.63610995850069,4.796533906812527,4.9796615492027385,5.131807937924506,5.3197960113251614,5.510635763777038,5.677105533659586,5.834663802184723,5.9746483329445725,6.069582398971405,6.11822262586907,6.161262721593811,6.185455238455898,6.209738029209393,6.2724018530920915,6.379549410413538,6.469658913813035,6.555178787348253,6.608865727089187,6.618722070074289,6.56658650085623,6.5237257611886115,6.478790290487759,6.538264843073289,6.639032531218323,6.7913614459671425,6.927519081756698,7.045728742658626,7.094134664650351,7.082480286298623,7.034345528189172,7.0082387667662775,7.025060534060217,7.0438918118878515,7.090508370979623
RUS,Mt/yr,7.2983034552640165,7.703575907193251,7.9837885095401075,8.647418311039317,9.307947246180806,9.431564285980922,9.578743834589346,10.236805727961588,10.233424524322421,10.682758108862721,10.495680848785067,10.260632566051438,9.697829073056402,9.675987056779526,9.359486363598622,9.656297922752634,10.971248306548171,10.771478547352764,9.356747203425522,8.193835473882409,6.811659234411409,4.6297725876403835,4.3098317281183,4.443450054546883,5.135464083118441,4.9937342267979625,5.725863957337662,7.2308076289732215,8.864768828283406,9.78842792841529,11.995733373652213,13.784198634031922,14.097907292664145,15.443298092790796,17.30453986290949,17.44534998776251,15.395781815213711,15.007443522422598,14.84156054425511,13.01162601375454,12.218462385140532,12.067055644291509,10.625162264179577,8.848035160912236,9.30225123246858,10.358493961313041,12.649168164737358,11.990403994971023,13.531647224234689,12.664363971683509,11.867524204687925,11.168709449681923,13.265103559532447,12.86919238814647,13.674505384812226,14.345837179807845,14.909240148655691,15.563372623452866,15.926532276214747,16.126682051245396,16.224922594959736,16.22212538690701,16.255053408095897,16.366136682857963,16.48905315609944,16.572313850758118,16.72298620697936,16.93931226283494,17.172861944823648,17.511347836082223,18.024519475087335,18.54795483707808,19.071231835340704,19.56444026963345,20.060133233399576,20.376037336143764,20.72901775525036,21.05920195870532,21.48713049862262,21.720663665431616,21.956517004799718,21.850342627757946,21.46310921582753,20.790680295645743,20.15124020753061,19.47725829685455,19.1454875575747,19.09319226259072,19.196854087185915,19.34969932615141
ME,Mt/yr,6.93888945673478,8.685253484855332,11.544638219062078,11.906545512929549,13.316598404717098,13.518183627170067,14.377847318502745,13.353244484881264,14.394038299960368,12.403322769284518,11.727843764298484,10.352829464099626,9.127118162334618,7.64175186962532,8.734442525875812,8.755229898450148,9.312708041750088,8.641390736917504,9.626045756628603,11.073040642430936,10.404596565970136,10.539906619014745,11.268381190575273,12.090775444592689,9.878888345708775,12.021720222927817,11.428716268724797,12.868611347113918,13.746477534437002,16.04800510548188,15.742816810109153,17.644746852510394,18.0482844020982,18.210154905432525,20.406192414205904,24.875620554630203,30.97438693802799,29.831072002125758,30.98984586305533,30.699022158372813,29.29604557833847,22.46141449844272,23.752753614818268,24.703118838954648,25.75882475144381,26.53696757580034,29.98173383927616,28.81153770443218,28.658853598452396,26.28847105366547,24.790272916569375,23.1503857195292,25.38724244576425,25.046897813359095,27.292139516278734,28.82519282680983,30.752228664362654,33.51378314769216,35.77910395664284,37.39937285892193,38.87592078453534,39.68383125935544,40.36337468393663,41.164546866420025,41.92262610007077,42.29882888068159,42.80718202145623,43.337863220201456,43.676450048231324,44.07902803689216,44.74080922782478,45.52600156076833,46.39701079154671,47.32972663521393,48.37764945619949,49.478229412388195,50.79372409628095,53.69171163965564,54.473897604164094,55.15901674355955,55.673643660303625,55.84416756004914,54.26697739061298,54.66138528404178,55.02623931214899,55.417233999251685,55.93994105963499,56.502193276395275,57.05775582154533,57.48664602273179
INDIA,Mt/yr,9.597044241342667,9.269994115208556,9.281283267358049,9.127028973770559,9.672807239559196,10.193476161574235,10.255436573748698,10.424578848532716,10.798713311538135,10.913269049861382,11.223704892923884,11.841648179666684,12.158694917289443,12.443946332526718,12.857591392118168,13.259002909421284,13.763271287254593,14.105455426847662,14.180153913927006,14.412118311232355,14.488740621163892,14.760720031172049,15.367303019370597,16.2631032740534,16.782925719296177,17.390768415907388,18.135219015045838,18.477336895226344,18.817837346481998,19.523449301164987,20.43700727949981,21.504526771319675,23.000575539348755,24.372362931161028,26.067698021543507,26.521477270676787,27.42805418602745,28.60123863167641,29.796590655639555,30.661179617548882,33.19545596027926,35.70014402326763,38.26566623435057,41.177546248260754,44.04139916511358,46.889048397324245,49.376832526061285,43.00726567757132,46.03819020610121,48.21279806902829,49.64028759060228,51.64546721813895,61.7167515317645,61.63938264238763,62.19742716312165,63.12584369500575,63.570301996495125,64.88377381015421,67.59493530002874,71.27852215127957,75.3527783999216,79.7812214337056,84.68290729650604,89.72118871678634,94.72018471594964,99.66887802862405,104.27111218376685,108.04742584981706,111.37743111774338,114.14163696522785,116.91931023590439,119.26099097273858,121.94687393579295,124.57104258179159,127.77805569505196,130.72753128557295,134.19560887462708,137.64075768390452,140.90914170473224,144.15115017180605,147.79982470341247,152.30668598421522,157.4534698978624,163.42060607943677,169.1636172071118,174.54889798822714,177.84161833638836,179.12086255514234,179.2063869918162,178.66331267219752
KOR,Mt/yr,2.7583732262299763,2.763908395490588,2.7337664022788277,2.7615569521866496,2.8186185092597724,2.850328105076236,2.9163260387955083,2.9059230679694776,2.928171164728793,3.041962126858157,3.224462019378658,3.3701984730073367,3.6245778917527733,3.9061347865209863,4.144166136199266,4.3144762765004625,4.62426326521548,4.992383610394704,5.26279015448154,5.425621969784546,5.597480807938444,5.9002375435228265,6.323348847118664,6.602176307320875,6.672464945798414,5.664683822421364,6.073951507458531,6.425725881916384,6.5196322554402,7.350329716625612,8.173095430531912,7.399971277233664,7.107093191420863,7.288318399312664,7.083917223808318,7.180532160001527,6.660105145328867,6.787036846472768,6.67487438719144,6.316066253855272,6.828326286051035,8.0587452302474,8.079206997448772,8.092947902267584,8.655808236927601,9.18382137596389,9.603833400933517,8.47940925223041,8.855987457409746,8.631571351368349,8.647534663997552,8.542028816566631,9.889874902979084,9.922050674249368,10.208485181841079,10.188001959315935,10.273119985514187,10.588280537925929,10.88766974866213,11.183833467502897,11.409051958518681,11.518045802990109,11.28946718668623,11.026478959214407,10.639175433173788,10.26688161765984,9.9564357426949,9.817148123938262,9.668220686183929,9.609103764468161,9.562047701811457,9.524788824816465,9.490059184963886,9.495141779004141,9.535679152601368,9.610429792916424,9.70893040254712,9.824245623995616,9.914850104794356,10.022259182703195,10.128081037588311,10.232834141362463,10.302691721301652,10.365648011517834,10.354493102213361,10.271177222542931,10.112224328278128,9.921080249624703,9.75004098834764,9.614320844761728
CHN,Mt/yr,42.13966490893245,40.11677961629684,38.272885553965274,36.6779298995439,36.96392877403023,37.41547255195677,38.121291685130956,39.4335472490078,40.44832309014751,41.44844557162463,42.90566777118122,45.06991405078671,47.24131163291438,49.580102123453145,52.63657708810759,55.52384704560044,56.7858129278574,57.06705531804839,58.24719546097118,59.3588192359011,60.073761006299634,60.97068067689199,62.53628013616777,63.35595378598362,63.13856042985862,62.57033746844385,64.07676556076707,65.55990296033659,66.66352478751698,69.59453776056559,73.11828627876852,76.74774707039697,80.80919452257538,86.83508368975238,92.87096642958986,100.81764812517828,105.30052863683672,112.34438208639182,117.21382156574565,120.55035325888026,123.18822391425583,130.4366396732778,136.56207428226892,142.40583369114552,153.2030966399343,165.42918481592278,177.8510439283936,163.1660978290257,177.65305229593292,178.4490941984473,182.38078593847,183.34149125383587,206.71963891552477,201.98872209632373,207.6860943138097,205.36772092583823,204.4336062431649,206.3279168186483,208.7344755355551,210.20379529025297,214.73235446374844,217.50016680702956,220.13972503216146,222.47422654509054,223.77103837070254,223.8187997237595,224.514052660562,225.04917493600016,224.58223680886607,224.7121399901741,225.95305334385446,228.33218558613623,231.915181652316,236.66846373204783,240.99150982483877,243.5400240619379,243.5254875780981,241.14640844514005,236.4511579681699,229.83951312080464,222.18541573685405,214.3981487466419,207.13410280549908,200.97133986854797,196.2695699299107,193.26199380435636,191.5133115872178,190.29273033567407,189.44812378921526,189.10227420478404
SEAS,Mt/yr,4.805535859568441,4.8629851272318065,4.874059281020535,4.996215183798754,5.156494521265173,5.298362763899803,5.548431291487168,5.8443582209094425,5.9565917842796265,6.252661837260761,6.456199901498146,6.532002720983491,6.311656805730268,6.357388433938855,6.560397671432572,7.112077467800434,7.7592238659737784,8.913380143138967,9.528228431422395,9.877271588096953,10.290232569775519,10.79771474199249,11.081324626524752,11.791883195798242,12.06138908669518,10.591641256727925,10.468550497435578,10.482528183532144,10.602130155900738,10.915500273902515,12.971741324970372,13.832908201717974,14.271328882035105,14.77830893883053,15.566248780840743,16.58104101668124,15.325113343139295,15.948001559348453,16.658776782998167,17.462649451399983,17.786970706186317,20.3115822476424,21.586557087066257,22.038628553060562,22.915081544682437,24.160705708524425,25.47841932377293,22.119547385463704,23.115084994316067,22.953112329984755,22.731466384693654,22.613680507395813,26.82276650774542,27.2255358864486,28.217144574376263,28.9952115334723,29.551950197311672,30.41985008052977,31.487446082821997,32.71980435589757,34.00945425206801,35.14508030479502,36.14178870427539,36.94372186807269,37.520187905408186,37.92032919340802,38.341144226754686,38.70466460813164,39.0499830862843,39.477334425833696,40.04238499599428,40.663488112967684,41.403605008362376,42.2351420789668,43.14440983312869,44.059021655255656,45.00585950066048,45.94029107868018,46.87169427489657,47.7357081202074,48.507439355850494,49.19272901880483,49.81660816992359,50.39610166605569,50.97121977241469,51.58974478020441,52.2348510519254,52.902191499119255,53.4704399831915,53.9116018120079
INDO,Mt/yr,3.05341007855363,3.2188594060579994,3.2547785813453878,3.2544064459207687,3.3487391628801584,3.5768859366342127,3.5838115228508323,3.770788464827111,4.406296832197893,4.42765727167232,4.60400609800652,4.753131145376291,4.794035065768137,4.4012591267995385,4.637964271711308,4.413108887020176,4.681101146335897,5.340242454422898,5.867437838743708,6.116406028474205,6.904439228239999,7.260836086204983,7.509928627801575,8.01854220089013,8.572454669832748,7.570802681103658,7.279861314764351,7.015835805271824,6.636989449069248,6.405641514943764,7.453791464833939,8.010248902237421,8.449977622689639,9.058170694614052,9.818944308696823,10.631085091933977,11.042546626143704,11.448446810464295,11.878764699403915,12.233744794605187,12.531263785584866,13.154840971526243,13.851244969299255,14.00793723087335,14.845707511920788,16.047799882705373,17.40044968100243,15.287188140849635,16.764252998348674,16.76308243562581,16.44508036750071,15.974761131632194,18.864119821525136,18.674849060365833,19.369690819809865,20.137868817459225,20.994279730161907,21.968532440653718,22.878943340216082,23.7428233533782,24.52285167388677,25.19464657691047,25.789012850798407,26.49075688086708,27.16442164379805,27.76702205900934,28.327518218740753,28.834205494506865,29.105465954203005,29.303331777306088,29.49567532382224,29.69407920680997,29.940341069803026,30.262891363100735,30.70149715816066,31.185162694526877,31.722222934848986,32.27958767588029,32.89216812919564,33.634245298605116,34.53892899409397,35.55300687548546,36.560125870315474,37.50988087858757,38.28208225051746,38.847883015836544,39.2391752731247,39.55366277873307,39.82971921629968,40.02153139728865
JAP,Mt/yr,16.45679906418131,15.924959525513346,17.52835333120885,18.601706277561394,17.678416056032425,17.747680995703405,21.170049642059112,20.186514911532093,19.756576007603073,19.969327102524918,18.756004367043374,16.898027618123116,18.74656117675637,20.170970576421453,20.80932354106158,23.41531939729696,25.82690953773164,26.763234513090595,27.394550086404358,27.11915452886811,25.15412252092527,24.083306516713122,23.058535022187684,23.02558322306564,22.48821808473579,20.65857809987816,19.606983512337976,19.558977969587765,18.996339679960656,18.891189375847542,20.582995147443956,21.7323508643973,21.79701883028972,22.2636491840043,22.51697354257766,23.488925453938407,21.20870146447296,21.290309360363832,20.66862959736284,21.291252713709326,20.27729432350325,21.66139963066171,21.400950126828015,21.249119758439235,21.22484230633819,22.196887767488096,23.204912991156423,20.920535197205293,20.929217047880897,19.682013667467565,18.846397161419002,18.211338216380664,20.046534004835387,20.155885518706963,20.99018173648819,21.304030502255777,21.45387831864159,21.832665366938926,22.13185514745798,22.354825928300638,22.574106726268674,22.67801387240689,22.66926635690206,22.617561463627126,22.54244133188989,22.421748178925238,22.382142016965812,22.429799452663158,22.451435100584813,22.499453454484446,22.544881106404112,22.57019784379826,22.54159122542732,22.492654867420182,22.413864324918237,22.33987949273305,22.259612124190422,22.214954891023073,22.19582776971116,22.193018087745102,22.17519334024969,22.159487233060187,22.144965266010068,22.115470478265394,22.100221698745337,22.087769208880978,22.081459846370738,22.02844102746227,21.987653501166214,21.935442360520696
OCE,Mt/yr,2.2794915635982282,2.564203494095676,2.49219234665514,2.373626023519237,2.354921925708515,2.1666564405473188,1.8130509416995826,1.9526830672479167,2.2146544764985374,2.367924740927017,2.3210236885137974,2.4898689232453313,2.669293393511518,2.877389466940602,2.7925800351731564,3.1988863645039842,3.356415501101627,3.5450621344437616,3.1365338382312284,3.039920988541367,2.8846743552813994,2.9636255876819186,3.0034709945321945,3.4590508480557913,3.795819746491264,4.086368224661785,4.2717745975149555,4.13412599341646,4.051560411818335,4.330220279267467,4.299406583300852,4.4490543080460565,4.6323020798546,4.83354907118188,4.813413994845181,4.840535714417021,4.522089709482976,4.4640586707307,4.485488840238963,4.53333148330246,4.710314878762593,5.077291153225138,5.42097646508395,5.554987353007638,5.668231990153963,5.863311482904349,6.075837102126186,5.44549168654607,5.754186149297076,5.716900082959717,5.92296577250063,5.894236466746298,6.53723871300781,6.388088339114504,6.443748167336436,6.182301963402478,6.10663038952246,6.137526428944035,6.220663915489569,6.40266142129132,6.729855821939583,7.046321532886989,7.338565943274141,7.551183012201668,7.6343594298008295,7.535083227793012,7.391137530862584,7.242400646567875,7.128363919293836,7.1024283385628495,7.196478999249849,7.359601420523791,7.560999671955428,7.7554355787486955,7.915720374017245,8.020009187290219,8.073705035245275,8.107302946098224,8.139751167879377,8.168838395411157,8.198742473512597,8.244544335545447,8.28921937812219,8.335465026774362,8.397298354726633,8.468701212597216,8.544052099716481,8.611880493074555,8.666164538573069,8.699182499126527
RSAS,Mt/yr,4.641677676561314,4.479171272031193,4.278764168627585,4.297645235636008,4.762959798795219,5.127425414485799,5.5049746367433565,5.949462467913595,6.073086093283618,6.170428543013681,6.245477525409751,6.281773442871247,6.3670885971625015,6.552916498954367,6.824194408472681,6.93858764018867,7.088035686930868,7.3381836845417645,7.659485066297063,7.91378267896089,8.118828425870161,8.31868944504006,8.514744957722133,8.675535932975428,8.639182964463057,8.767061325403075,8.89087340659782,9.066564833914152,9.114734626629167,9.589157357792109,9.869532749404462,10.326766413016424,10.697615877480285,11.000050661730823,11.08020235002595,11.565041463631323,11.199017158084958,10.707062845349647,10.997785808676948,11.470802357871506,11.741873477695698,12.828897141553814,14.160355297301557,14.983590364129414,15.63443738496113,16.355798091135654,17.076590936999636,15.732165272545723,15.609316607326484,15.354079282141788,14.743288640009153,14.308658439824512,15.732789140239962,15.978303804928515,16.566697887668226,17.55858120199091,18.51847481654802,19.633855740911525,20.726035374210024,21.76779812958521,22.623353955179468,23.256719677931418,23.747271838129276,24.194467562020783,24.514482063740296,24.848974412425957,25.230261941684528,25.682282479210084,26.13710982741932,26.721859002096814,27.38857057386276,28.107777341957064,28.857449041695812,29.679994093101737,30.52333060910484,31.396823543200565,32.28715227609323,33.2202140278336,34.12709331547773,35.168650979082585,36.32159465806866,37.62645642324892,38.94636960592391,40.34067094251393,41.6378399285744,42.879192077150734,44.04099599290766,45.27755040054024,46.30047228871064,47.106834661367905
RSAF,Mt/yr,1.2258513805576825,1.1396596357583628,1.1848019291374916,1.1597603469637556,1.2321370855977094,1.3420642956014548,1.5159708326720425,1.4762925404975722,1.5629986941643679,1.5562890975893804,1.475321949323203,1.4623507962374134,1.4910614838644527,1.4695498434186396,1.6036566146267972,1.6710131543634819,1.791678479859415,1.7790331231798753,1.881035241698404,1.7253526600171905,1.583602618501765,1.4962825790923842,1.6748079041413955,1.787548872914465,2.0609067942149597,2.341605752406106,2.5063436378057924,2.418392399839336,2.3932308525007717,2.4909272380956544,2.57690973845658,2.674374784012811,3.02351739253444,3.2555307711493904,3.534117836438847,4.228625941122091,4.544358472709565,4.497122949610337,4.747914177127188,4.849852072264881,4.551102975304639,4.613311174663046,4.877562084735832,4.685380847319001,4.784499541084069,5.027852439648885,5.277968755107797,5.042077492082119,5.3324319237249425,5.245163166229697,5.0419556320611445,4.923415097542037,5.41798672096817,5.594847987081345,5.870338494345508,6.236252214494268,6.518673651988206,6.801977683388679,7.075321856268077,7.328907819218093,7.56363672110245,7.778866237293708,7.993752511253182,8.238797319193448,8.529541078080124,8.859579480158974,9.229426175221388,9.592471851926748,9.93787737251185,10.275844501181307,10.632385903595795,11.00148985013759,11.420453173544901,11.889708306889519,12.419374702020122,12.980470919943754,13.569594899225669,14.1608325250773,14.747645843859358,15.385847564573448,16.102213617465978,16.918304166699304,17.81157250554995,18.784449482012235,19.759488544845517,20.73428592709978,21.68890391080429,22.688825275421237,23.510080217878446,24.145273396463708
World,Mt/yr,221.89756761729484,224.65969297218285,228.53508447670467,242.8256871493675,245.56042383871213,248.95056100562215,263.5115144820808,270.9815212901925,261.54487751558895,249.89241404985805,248.2056737870037,249.4587438921499,256.55761391263337,272.3843217554929,291.58933525085655,304.04130626807694,310.36227173200825,311.92188365952427,307.51580238086586,307.59448118330585,298.8394489724128,300.41271517015286,308.53950314218,322.1793594342526,331.79679539026523,342.0534384417561,349.42629974673855,362.42375980168595,367.41808741367265,371.14581236270163,380.0581654295551,396.3024132039235,407.0299981062429,428.32186408838544,457.4253193496836,479.5650924590268,463.201107853973,466.6942665370418,471.42487650662423,473.0029012502119,476.2470248509819,508.00995281492095,524.4404357969771,534.7634899228029,558.217169282257,594.019804726512,633.3431396151808,570.3595601916533,610.0187924823465,594.9079953732119,593.8409681355001,589.2688295340431,670.7755970108252,655.2208625643469,682.817129843715,688.6760465344948,698.203634495026,723.2324183466551,747.1732593970826,768.4679732623913,793.9358897013057,811.6684874589054,826.1042973893965,841.3049698439986,854.8862296779529,864.3247026519942,877.2164925214299,890.0462160918244,899.2423514427423,908.3421559875623,919.8333471531549,932.3848806571284,946.8647343107149,963.1184888929673,980.7509980687468,996.5605469718356,1010.8561765518837,1024.9113182373626,1035.2170562065917,1044.060497314616,1052.750610311864,1062.5161434438091,1071.6279564247386,1084.2701794661898,1097.224453742662,1110.9917744546165,1123.3940903300374,1134.1687475937342,1142.2889117012812,1148.1959496295704
