Year,IMAGE_region,Population
1700,1,200000.0
1700,2,940705.0
1700,3,4000000.0
1700,4,1661377.0
1700,5,551256.0
1700,6,5350556.0
1700,7,9300718.0
1700,8,46080369.0
1700,9,15431185.0
1700,10,860000.0
1700,11,77056942.0
1700,12,17885298.0
1700,13,8500000.0
1700,14,6060000.0
1700,15,4490000.0
1700,16,12464704.0
1700,17,12739068.0
1700,18,164991312.0
1700,19,6250000.0
1700,20,101033307.0
1700,21,14966268.0
1700,22,10732822.0
1700,23,26700000.0
1700,24,713597.0
1700,25,35985000.0
1700,26,7786954.0
1710,1,227285.0
1710,2,1374559.0
1710,3,4335681.0
1710,4,1733439.0
1710,5,634155.0
1710,6,5445886.0
1710,7,9340042.0
1710,8,46767357.0
1710,9,14262654.0
1710,10,843752.0
1710,11,81709269.0
1710,12,19083250.0
1710,13,8599308.0
1710,14,6592000.0
1710,15,4639415.0
1710,16,14297191.0
1710,17,12984131.0
1710,18,168657792.0
1710,19,6869903.0
1710,20,105784095.0
1710,21,15515214.0
1710,22,10836946.0
1710,23,29000000.0
1710,24,636219.0
1710,25,36678672.0
1710,26,6812701.0
1720,1,264289.0
1720,2,1820423.0
1720,3,4671363.0
1720,4,1817686.0
1720,5,733297.0
1720,6,5542658.0
1720,7,9412127.0
1720,8,46649086.0
1720,9,14436393.0
1720,10,827505.0
1720,11,85125765.0
1720,12,20086026.0
1720,13,8723936.0
1720,14,6999255.0
1720,15,4786155.0
1720,16,16719577.0
1720,17,13162021.0
1720,18,172324256.0
1720,19,7314155.0
1720,20,121297166.0
1720,21,16091777.0
1720,22,10941083.0
1720,23,29000000.0
1720,24,642215.0
1720,25,37383446.0
1720,26,6944053.0
1730,1,308210.0
1730,2,2266299.0
1730,3,5007044.0
1730,4,1925198.0
1730,5,852425.0
1730,6,5640922.0
1730,7,9484959.0
1730,8,46582280.0
1730,9,14616906.0
1730,10,811258.0
1730,11,88691138.0
1730,12,21134686.0
1730,13,8850370.0
1730,14,7432554.0
1730,15,4941955.0
1730,16,19149355.0
1730,17,13344032.0
1730,18,175990736.0
1730,19,7787693.0
1730,20,128917668.0
1730,21,16669471.0
1730,22,11045233.0
1730,23,29000000.0
1730,24,648845.0
1730,25,38102423.0
1730,26,7080292.0
1740,1,360422.0
1740,2,2712188.0
1740,3,5342725.0
1740,4,2032494.0
1740,5,996206.0
1740,6,5740718.0
1740,7,9558615.0
1740,8,46566042.0
1740,9,14805216.0
1740,10,795011.0
1740,11,92230592.0
1740,12,22232807.0
1740,13,8978636.0
1740,14,7893629.0
1740,15,5107319.0
1740,16,21587115.0
1740,17,13530341.0
1740,18,179657216.0
1740,19,8292483.0
1740,20,144907959.0
1740,21,17248360.0
1740,22,11149398.0
1740,23,29000000.0
1740,24,656191.0
1740,25,38835870.0
1740,26,7221926.0
1750,1,422573.0
1750,2,3158090.0
1750,3,5678407.0
1750,4,2169330.0
1750,5,1170477.0
1750,6,5842108.0
1750,7,9633194.0
1750,8,46599938.0
1750,9,15002720.0
1750,10,778764.0
1750,11,95767735.0
1750,12,23384342.0
1750,13,9108761.0
1750,14,8384333.0
1750,15,5282780.0
1750,16,24033488.0
1750,17,13721148.0
1750,18,183323680.0
1750,19,8830620.0
1750,20,180333037.0
1750,21,17828527.0
1750,22,11253577.0
1750,23,29000000.0
1750,24,664352.0
1750,25,39584065.0
1750,26,7369549.0
1760,1,496640.0
1760,2,3604008.0
1760,3,6014088.0
1760,4,2331266.0
1760,5,1382544.0
1760,6,5945144.0
1760,7,9708804.0
1760,8,46684045.0
1760,9,15211364.0
1760,10,762517.0
1760,11,99436545.0
1760,12,24593660.0
1760,13,9240772.0
1760,14,8906647.0
1760,15,5468898.0
1760,16,26489167.0
1760,17,13916668.0
1760,18,186990160.0
1760,19,9404343.0
1760,20,199127837.0
1760,21,18410069.0
1760,22,11757769.0
1760,23,28800000.0
1760,24,673445.0
1760,25,40347294.0
1760,26,7523850.0
1770,1,584998.0
1770,2,4049942.0
1770,3,6349769.0
1770,4,2523717.0
1770,5,1641561.0
1770,6,6049881.0
1770,7,9785575.0
1770,8,46819007.0
1770,9,15433953.0
1770,10,746270.0
1770,11,103110603.0
1770,12,25865619.0
1770,13,9374696.0
1770,14,9462685.0
1770,15,5666264.0
1770,16,28954894.0
1770,17,14117127.0
1770,18,190656624.0
1770,19,10016045.0
1770,20,222290742.0
1770,21,18993104.0
1770,22,12261976.0
1770,23,28600000.0
1770,24,683790.0
1770,25,41125836.0
1770,26,7685632.0
1780,1,690496.0
1780,2,4495894.0
1780,3,6685451.0
1780,4,2767088.0
1780,5,1959014.0
1780,6,6156386.0
1780,7,9863666.0
1780,8,47006106.0
1780,9,15674693.0
1780,10,730023.0
1780,11,106783746.0
1780,12,27205609.0
1780,13,9510561.0
1780,14,10054720.0
1780,15,5875503.0
1780,16,31431471.0
1780,17,14322786.0
1780,18,194323104.0
1780,19,10668280.0
1780,20,277925220.0
1780,21,19577786.0
1780,22,12766196.0
1780,23,28400000.0
1780,24,695646.0
1780,25,41919990.0
1780,26,7855861.0
1788,1,
1788,2,4000.0
1788,3,
1788,4,
1788,5,
1788,6,
1788,7,
1788,8,
1788,9,
1788,10,
1788,11,
1788,12,
1788,13,
1788,14,
1788,15,
1788,16,
1788,17,
1788,18,
1788,19,
1788,20,
1788,21,
1788,22,
1788,23,
1788,24,
1788,25,
1788,26,
1790,1,816554.0
1790,2,4941864.0
1790,3,7021132.0
1790,4,3052557.0
1790,5,2349325.0
1790,6,6264725.0
1790,7,9943260.0
1790,8,47247387.0
1790,9,15924264.0
1790,10,713776.0
1790,11,110514415.0
1790,12,28619643.0
1790,13,9648396.0
1790,14,10685170.0
1790,15,6097276.0
1790,16,33919768.0
1790,17,14533917.0
1790,18,197989584.0
1790,19,11363777.0
1790,20,301055807.0
1790,21,20164297.0
1790,22,13270431.0
1790,23,28200000.0
1790,24,710030.0
1790,25,42730061.0
1790,26,8035679.0
1800,1,500000.0
1800,2,6009636.0
1800,3,5100000.0
1800,4,3129990.0
1800,5,2500000.0
1800,6,6777957.0
1800,7,9530787.0
1800,8,33584143.0
1800,9,26861063.0
1800,10,1447911.0
1800,11,108805726.0
1800,12,35159771.0
1800,13,9761393.0
1800,14,14283129.0
1800,15,5324628.0
1800,16,33661105.0
1800,17,14218897.0
1800,18,200733034.0
1800,19,13740000.0
1800,20,332637310.0
1800,21,18516520.0
1800,22,16863439.0
1800,23,28000000.0
1800,24,851860.0
1800,25,41775749.0
1800,26,9853132.0
1801,1,512396.0
1801,2,6113782.0
1801,3,5165663.0
1801,4,2714823.0
1801,5,2574764.0
1801,6,6735891.0
1801,7,9583829.0
1801,8,33588511.0
1801,9,26809680.0
1801,10,1453209.0
1801,11,109485641.0
1801,12,35305967.0
1801,13,9776186.0
1801,14,14283129.0
1801,15,5324628.0
1801,16,33661105.0
1801,17,14262064.0
1801,18,201128850.0
1801,19,13740000.0
1801,20,334159933.0
1801,21,18460847.0
1801,22,16905604.0
1801,23,28142859.0
1801,24,728207.0
1801,25,41801648.0
1801,26,9878322.0
1802,1,525100.0
1802,2,6229723.0
1802,3,5232171.0
1802,4,2746668.0
1802,5,2651763.0
1802,6,6701951.0
1802,7,9637986.0
1802,8,33594905.0
1802,9,26819466.0
1802,10,1458526.0
1802,11,110184607.0
1802,12,35453465.0
1802,13,9791003.0
1802,14,14283129.0
1802,15,5324628.0
1802,16,33661105.0
1802,17,14305412.0
1802,18,201525446.0
1802,19,13740000.0
1802,20,335707045.0
1802,21,18414988.0
1802,22,16947879.0
1802,23,28286447.0
1802,24,727173.0
1802,25,41828258.0
1802,26,9908017.0
1803,1,538119.0
1803,2,6347862.0
1803,3,5299535.0
1803,4,2781136.0
1803,5,2731066.0
1803,6,6669348.0
1803,7,9692517.0
1803,8,33601327.0
1803,9,26829616.0
1803,10,1463862.0
1803,11,110891266.0
1803,12,35602276.0
1803,13,9805842.0
1803,14,14283129.0
1803,15,5324628.0
1803,16,33661105.0
1803,17,14348938.0
1803,18,201922822.0
1803,19,13740000.0
1803,20,337261369.0
1803,21,18378890.0
1803,22,16990265.0
1803,23,28430767.0
1803,24,726501.0
1803,25,41855570.0
1803,26,9938299.0
1804,1,551460.0
1804,2,6468241.0
1804,3,5367767.0
1804,4,2818347.0
1804,5,2812740.0
1804,6,6638050.0
1804,7,9747428.0
1804,8,33607776.0
1804,9,26840133.0
1804,10,1469219.0
1804,11,111605727.0
1804,12,35752412.0
1804,13,9820702.0
1804,14,14283129.0
1804,15,5324628.0
1804,16,33661105.0
1804,17,14392643.0
1804,18,202320984.0
1804,19,13740000.0
1804,20,338822940.0
1804,21,18352500.0
1804,22,17032762.0
1804,23,28575824.0
1804,24,726189.0
1804,25,41883573.0
1804,26,9969175.0
1805,1,565132.0
1805,2,6590903.0
1805,3,5436878.0
1805,4,2858439.0
1805,5,2896856.0
1805,6,6608021.0
1805,7,9802720.0
1805,8,33614256.0
1805,9,26851017.0
1805,10,1474594.0
1805,11,112328093.0
1805,12,35903886.0
1805,13,9835586.0
1805,14,14283129.0
1805,15,5324628.0
1805,16,33661105.0
1805,17,14436527.0
1805,18,202719931.0
1805,19,13740000.0
1805,20,340391789.0
1805,21,18335776.0
1805,22,17075370.0
1805,23,28721621.0
1805,24,726231.0
1805,25,41912258.0
1805,26,10000660.0
1806,1,579143.0
1806,2,6715891.0
1806,3,5506878.0
1806,4,2901566.0
1806,5,2983488.0
1806,6,6579233.0
1806,7,9858394.0
1806,8,33620763.0
1806,9,26862270.0
1806,10,1479989.0
1806,11,113058473.0
1806,12,36056710.0
1806,13,9850492.0
1806,14,14283129.0
1806,15,5324628.0
1806,16,33661105.0
1806,17,14480590.0
1806,18,203119662.0
1806,19,13740000.0
1806,20,341967952.0
1806,21,18328678.0
1806,22,17118090.0
1806,23,28868162.0
1806,24,726627.0
1806,25,41941615.0
1806,26,10032758.0
1807,1,593502.0
1807,2,6843249.0
1807,3,5577779.0
1807,4,2947886.0
1807,5,3072711.0
1807,6,6551656.0
1807,7,9914454.0
1807,8,33627300.0
1807,9,26873888.0
1807,10,1485404.0
1807,11,113796984.0
1807,12,36210896.0
1807,13,9865421.0
1807,14,14283129.0
1807,15,5324628.0
1807,16,33661105.0
1807,17,14524836.0
1807,18,203520184.0
1807,19,13740000.0
1807,20,343551464.0
1807,21,18331172.0
1807,22,17160922.0
1807,23,29015450.0
1807,24,727371.0
1807,25,41971635.0
1807,26,10065482.0
1808,1,608216.0
1808,2,6973023.0
1808,3,5649593.0
1808,4,2997575.0
1808,5,3164601.0
1808,6,6525259.0
1808,7,9970904.0
1808,8,33633866.0
1808,9,26885876.0
1808,10,1490839.0
1808,11,114543728.0
1808,12,36366456.0
1808,13,9880372.0
1808,14,14283129.0
1808,15,5324628.0
1808,16,33661105.0
1808,17,14569264.0
1808,18,203921496.0
1808,19,13740000.0
1808,20,345142356.0
1808,21,18343237.0
1808,22,17203865.0
1808,23,29163490.0
1808,24,728462.0
1808,25,42002307.0
1808,26,10098847.0
1809,1,623296.0
1809,2,7105258.0
1809,3,5722332.0
1809,4,3050828.0
1809,5,3259240.0
1809,6,6500016.0
1809,7,10027749.0
1809,8,33640462.0
1809,9,26898235.0
1809,10,1496293.0
1809,11,115298823.0
1809,12,36523405.0
1809,13,9895346.0
1809,14,14283129.0
1809,15,5324628.0
1809,16,33661105.0
1809,17,14613874.0
1809,18,204323597.0
1809,19,13740000.0
1809,20,346740666.0
1809,21,18364848.0
1809,22,17246921.0
1809,23,29312285.0
1809,24,729896.0
1809,25,42033623.0
1809,26,10132857.0
1810,1,639132.0
1810,2,7306785.0
1810,3,5796956.0
1810,4,3598720.0
1810,5,3359625.0
1810,6,6502963.0
1810,7,10086134.0
1810,8,33647115.0
1810,9,26981924.0
1810,10,1502136.0
1810,11,116462843.0
1810,12,36683168.0
1810,13,9910759.0
1810,14,14283129.0
1810,15,5324628.0
1810,16,33661105.0
1810,17,14658856.0
1810,18,204741058.0
1810,19,13740000.0
1810,20,349417233.0
1810,21,18448596.0
1810,22,17292162.0
1810,23,29462603.0
1810,24,772908.0
1810,25,42068418.0
1810,26,10172618.0
1811,1,654978.0
1811,2,7502686.0
1811,3,5871592.0
1811,4,3138934.0
1811,5,3460096.0
1811,6,6490857.0
1811,7,10143079.0
1811,8,33653982.0
1811,9,26932220.0
1811,10,1508101.0
1811,11,117639825.0
1811,12,36842942.0
1811,13,9926565.0
1811,14,14283129.0
1811,15,5324628.0
1811,16,33674867.0
1811,17,14703837.0
1811,18,205163165.0
1811,19,13740000.0
1811,20,352104392.0
1811,21,18531961.0
1811,22,17340047.0
1811,23,29612924.0
1811,24,734125.0
1811,25,42104012.0
1811,26,10203552.0
1812,1,671216.0
1812,2,7728031.0
1812,3,5947189.0
1812,4,3178196.0
1812,5,3563572.0
1812,6,6493327.0
1812,7,10201221.0
1812,8,33661093.0
1812,9,26963109.0
1812,10,1514561.0
1812,11,118980712.0
1812,12,37004143.0
1812,13,9943184.0
1812,14,14283129.0
1812,15,5324628.0
1812,16,33702518.0
1812,17,14749003.0
1812,18,205604563.0
1812,19,13740000.0
1812,20,355167577.0
1812,21,18638717.0
1812,22,17392695.0
1812,23,29764012.0
1812,24,736579.0
1812,25,42143265.0
1812,26,10239589.0
1813,1,687858.0
1813,2,7980135.0
1813,3,6023759.0
1813,4,3213458.0
1813,5,3670143.0
1813,6,6502845.0
1813,7,10259816.0
1813,8,33668451.0
1813,9,27003505.0
1813,10,1521524.0
1813,11,120493365.0
1813,12,37166785.0
1813,13,9960618.0
1813,14,14283129.0
1813,15,5324628.0
1813,16,33744187.0
1813,17,14794353.0
1813,18,206065360.0
1813,19,13740000.0
1813,20,358612090.0
1813,21,18768698.0
1813,22,17450156.0
1813,23,29915872.0
1813,24,739373.0
1813,25,42186185.0
1813,26,10276320.0
1814,1,704911.0
1814,2,8240464.0
1814,3,6101316.0
1814,4,3249604.0
1814,5,3779900.0
1814,6,6513167.0
1814,7,10318872.0
1814,8,33676055.0
1814,9,27053777.0
1814,10,1528996.0
1814,11,122060962.0
1814,12,37330880.0
1814,13,9978873.0
1814,14,14283129.0
1814,15,5324628.0
1814,16,33800003.0
1814,17,14839890.0
1814,18,206545666.0
1814,19,13740000.0
1814,20,362090544.0
1814,21,18907323.0
1814,22,17512482.0
1814,23,30068506.0
1814,24,742502.0
1814,25,42232781.0
1814,26,10313759.0
1815,1,722388.0
1815,2,8509285.0
1815,3,6179870.0
1815,4,3286657.0
1815,5,3892940.0
1815,6,6524291.0
1815,7,10378388.0
1815,8,33683907.0
1815,9,27114047.0
1815,10,1536982.0
1815,11,123686385.0
1815,12,37496441.0
1815,13,9997951.0
1815,14,14283129.0
1815,15,5324628.0
1815,16,33870097.0
1815,17,14885617.0
1815,18,207045590.0
1815,19,13740000.0
1815,20,365603271.0
1815,21,19054642.0
1815,22,17579724.0
1815,23,30221918.0
1815,24,745969.0
1815,25,42283065.0
1815,26,10351917.0
1816,1,740298.0
1816,2,8786876.0
1816,3,6259437.0
1816,4,3324645.0
1816,5,4009360.0
1816,6,6536221.0
1816,7,10438371.0
1816,8,33692008.0
1816,9,27184448.0
1816,10,1545491.0
1816,11,125372693.0
1816,12,37663481.0
1816,13,10017856.0
1816,14,14283129.0
1816,15,5324628.0
1816,16,33954600.0
1816,17,14931531.0
1816,18,207565243.0
1816,19,13740000.0
1816,20,369150602.0
1816,21,19210708.0
1816,22,17651935.0
1816,23,30376114.0
1816,24,749772.0
1816,25,42337045.0
1816,26,10390806.0
1817,1,758652.0
1817,2,9073523.0
1817,3,6340027.0
1817,4,3363593.0
1817,5,4129262.0
1817,6,6548955.0
1817,7,10498823.0
1817,8,33700360.0
1817,9,27265107.0
1817,10,1554530.0
1817,11,127123102.0
1817,12,37832018.0
1817,13,10038592.0
1817,14,14283129.0
1817,15,5324628.0
1817,16,34053645.0
1817,17,14977634.0
1817,18,208104734.0
1817,19,13740000.0
1817,20,372732873.0
1817,21,19375585.0
1817,22,17729168.0
1817,23,30531096.0
1817,24,753911.0
1817,25,42394735.0
1817,26,10430441.0
1818,1,777461.0
1818,2,9369520.0
1818,3,6421655.0
1818,4,3403528.0
1818,5,4252750.0
1818,6,6562499.0
1818,7,10559747.0
1818,8,33708963.0
1818,9,27356154.0
1818,10,1564103.0
1818,11,128941026.0
1818,12,38002058.0
1818,13,10060164.0
1818,14,14283129.0
1818,15,5324628.0
1818,16,34167368.0
1818,17,15023928.0
1818,18,208664175.0
1818,19,13740000.0
1818,20,376350424.0
1818,21,19549334.0
1818,22,17811475.0
1818,23,30686869.0
1818,24,758389.0
1818,25,42456141.0
1818,26,10470837.0
1819,1,798664.0
1819,2,9667277.0
1819,3,6483214.0
1819,4,3448057.0
1819,5,4367303.0
1819,6,6595046.0
1819,7,10614950.0
1819,8,33753694.0
1819,9,27476790.0
1819,10,1574220.0
1819,11,130659382.0
1819,12,38187114.0
1819,13,10082574.0
1819,14,14309343.0
1819,15,5334399.0
1819,16,34300245.0
1819,17,15071805.0
1819,18,209243678.0
1819,19,13741644.0
1819,20,379801780.0
1819,21,19705562.0
1819,22,17898968.0
1819,23,30818368.0
1819,24,762314.0
1819,25,42537342.0
1819,26,10534780.0
1820,1,822390.0
1820,2,9970632.0
1820,3,6524512.0
1820,4,4070001.0
1820,5,4472454.0
1820,6,6655160.0
1820,7,10665126.0
1820,8,33837005.0
1820,9,27708595.0
1820,10,1584887.0
1820,11,132280103.0
1820,12,38387266.0
1820,13,10105826.0
1820,14,14362012.0
1820,15,5354035.0
1820,16,34452451.0
1820,17,15121270.0
1820,18,209843353.0
1820,19,13744934.0
1820,20,383083877.0
1820,21,19842722.0
1820,22,17991701.0
1820,23,30925444.0
1820,24,812514.0
1820,25,42638393.0
1820,26,10627957.0
1821,1,848776.0
1821,2,10267384.0
1821,3,6545355.0
1821,4,3546938.0
1821,5,4567718.0
1821,6,6718758.0
1821,7,10707959.0
1821,8,33953375.0
1821,9,27811411.0
1821,10,1602722.0
1821,11,133755064.0
1821,12,38602604.0
1821,13,10121790.0
1821,14,14441378.0
1821,15,5383622.0
1821,16,34624165.0
1821,17,15172333.0
1821,18,210266730.0
1821,19,13749869.0
1821,20,386193618.0
1821,21,19959259.0
1821,22,18089729.0
1821,23,31007944.0
1821,24,768255.0
1821,25,42724128.0
1821,26,10736174.0
1822,1,877963.0
1822,2,10569360.0
1822,3,6545545.0
1822,4,3611743.0
1822,5,4652592.0
1822,6,6810761.0
1822,7,10745643.0
1822,8,34109262.0
1822,9,28025956.0
1822,10,1620823.0
1822,11,135109559.0
1822,12,38833215.0
1822,13,10137787.0
1822,14,14547687.0
1822,15,5423252.0
1822,16,34815569.0
1822,17,15225008.0
1822,18,210691245.0
1822,19,13756453.0
1822,20,389127858.0
1822,21,20053610.0
1822,22,18193108.0
1822,23,31065718.0
1822,24,770139.0
1822,25,42826652.0
1822,26,10875082.0
1823,1,910099.0
1823,2,10872345.0
1823,3,6524883.0
1823,4,3664682.0
1823,5,4726555.0
1823,6,6923448.0
1823,7,10777367.0
1823,8,34303153.0
1823,9,28278081.0
1823,10,1657035.0
1823,11,136318734.0
1823,12,39079184.0
1823,13,10169781.0
1823,14,14681185.0
1823,15,5473019.0
1823,16,35026844.0
1823,17,15279300.0
1823,18,211540283.0
1823,19,13764684.0
1823,20,391883415.0
1823,21,20124196.0
1823,22,18301891.0
1823,23,31098612.0
1823,24,771212.0
1823,25,43011308.0
1823,26,11040469.0
1824,1,943411.0
1824,2,11184015.0
1824,3,6504286.0
1824,4,3729913.0
1824,5,4801693.0
1824,6,7039078.0
1824,7,10809264.0
1824,8,34499662.0
1824,9,28542622.0
1824,10,1694055.0
1824,11,137540014.0
1824,12,39327108.0
1824,13,10201876.0
1824,14,14815909.0
1824,15,5523245.0
1824,16,35253830.0
1824,17,15333825.0
1824,18,212392741.0
1824,19,13772921.0
1824,20,394658884.0
1824,21,20195895.0
1824,22,18416080.0
1824,23,31131540.0
1824,24,772302.0
1824,25,43197131.0
1824,26,11210316.0
1825,1,977943.0
1825,2,11504621.0
1825,3,6483755.0
1825,4,3797533.0
1825,5,4878026.0
1825,6,7157726.0
1825,7,10841335.0
1825,8,34698826.0
1825,9,28819755.0
1825,10,1731903.0
1825,11,138773521.0
1825,12,39580691.0
1825,13,10234073.0
1825,14,14951868.0
1825,15,5573928.0
1825,16,35496672.0
1825,17,15388588.0
1825,18,213248635.0
1825,19,13781162.0
1825,20,397454403.0
1825,21,20268723.0
1825,22,18535729.0
1825,23,31164504.0
1825,24,773405.0
1825,25,43384137.0
1825,26,11384719.0
1826,1,1013738.0
1826,2,11834416.0
1826,3,6463288.0
1826,4,3867660.0
1826,5,4955572.0
1826,6,7279476.0
1826,7,10873582.0
1826,8,34900672.0
1826,9,29109663.0
1826,10,1770596.0
1826,11,140019395.0
1826,12,39884561.0
1826,13,10266371.0
1826,14,15089076.0
1826,15,5625077.0
1826,16,35755519.0
1826,17,15443589.0
1826,18,214107978.0
1826,19,13789408.0
1826,20,400270117.0
1826,21,20342696.0
1826,22,18660898.0
1826,23,31197502.0
1826,24,774525.0
1826,25,43572338.0
1826,26,11563763.0
1827,1,1050844.0
1827,2,12173666.0
1827,3,6442885.0
1827,4,3940402.0
1827,5,5034351.0
1827,6,7404407.0
1827,7,10906004.0
1827,8,35105249.0
1827,9,29412529.0
1827,10,1810154.0
1827,11,141277771.0
1827,12,40191305.0
1827,13,10298771.0
1827,14,15227542.0
1827,15,5676698.0
1827,16,36030515.0
1827,17,15498829.0
1827,18,214970784.0
1827,19,13797659.0
1827,20,403106167.0
1827,21,20417834.0
1827,22,18791644.0
1827,23,31230535.0
1827,24,775660.0
1827,25,43761745.0
1827,26,11747538.0
1828,1,1089308.0
1828,2,12522641.0
1828,3,6422547.0
1828,4,4015889.0
1828,5,5114382.0
1828,6,7532602.0
1828,7,10938603.0
1828,8,35312588.0
1828,9,29728546.0
1828,10,1850595.0
1828,11,142548795.0
1828,12,40500953.0
1828,13,10331273.0
1828,14,15367280.0
1828,15,5728789.0
1828,16,36321814.0
1828,17,15554309.0
1828,18,215837067.0
1828,19,13805917.0
1828,20,405962695.0
1828,21,20494154.0
1828,22,18928024.0
1828,23,31263603.0
1828,24,776809.0
1828,25,43952375.0
1828,26,11936140.0
1829,1,1129501.0
1829,2,12879737.0
1829,3,6418962.0
1829,4,4083643.0
1829,5,5195686.0
1829,6,7670506.0
1829,7,10971381.0
1829,8,35522724.0
1829,9,30058193.0
1829,10,1891940.0
1829,11,143791937.0
1829,12,40813538.0
1829,13,10363878.0
1829,14,15508299.0
1829,15,5781361.0
1829,16,36629563.0
1829,17,15610029.0
1829,18,216706839.0
1829,19,13814178.0
1829,20,408317497.0
1829,21,20571672.0
1829,22,19070097.0
1829,23,31296707.0
1829,24,778964.0
1829,25,44144241.0
1829,26,12129666.0
1830,1,1171497.0
1830,2,13249273.0
1830,3,6432243.0
1830,4,4775071.0
1830,5,5278282.0
1830,6,7827486.0
1830,7,11005096.0
1830,8,35735700.0
1830,9,30490682.0
1830,10,1934209.0
1830,11,145009653.0
1830,12,41129085.0
1830,13,10396585.0
1830,14,15650612.0
1830,15,5834416.0
1830,16,36953914.0
1830,17,15665992.0
1830,18,217580116.0
1830,19,13822445.0
1830,20,410166621.0
1830,21,20650409.0
1830,22,19217922.0
1830,23,31329845.0
1830,24,827754.0
1830,25,44337359.0
1830,26,12333809.0
1831,1,1215377.0
1831,2,13619015.0
1831,3,6462504.0
1831,4,4194257.0
1831,5,5362191.0
1831,6,7977177.0
1831,7,11037476.0
1831,8,35951555.0
1831,9,30759216.0
1831,10,1977422.0
1831,11,146191981.0
1831,12,41407056.0
1831,13,10429396.0
1831,14,15794232.0
1831,15,5887954.0
1831,16,37295022.0
1831,17,15722203.0
1831,18,218456911.0
1831,19,13830717.0
1831,20,411506083.0
1831,21,20730383.0
1831,22,19371560.0
1831,23,31363019.0
1831,24,786547.0
1831,25,44531741.0
1831,26,12531891.0
1832,1,1261221.0
1832,2,14001568.0
1832,3,6509859.0
1832,4,4236202.0
1832,5,5447434.0
1832,6,8146874.0
1832,7,11070745.0
1832,8,36170113.0
1832,9,31122098.0
1832,10,2021601.0
1832,11,147347548.0
1832,12,41687279.0
1832,13,10462311.0
1832,14,15939170.0
1832,15,5941986.0
1832,16,37639278.0
1832,17,15778656.0
1832,18,219337238.0
1832,19,13838995.0
1832,20,412331555.0
1832,21,20811610.0
1832,22,19526473.0
1832,23,31396227.0
1832,24,792103.0
1832,25,44727405.0
1832,26,12740792.0
1833,1,1309115.0
1833,2,14392986.0
1833,3,6574426.0
1833,4,4277727.0
1833,5,5534032.0
1833,6,8328136.0
1833,7,11104147.0
1833,8,36391420.0
1833,9,31490425.0
1833,10,2066766.0
1833,11,148472565.0
1833,12,41969770.0
1833,13,10495329.0
1833,14,16085437.0
1833,15,5996513.0
1833,16,37986711.0
1833,17,15835357.0
1833,18,220221111.0
1833,19,13847277.0
1833,20,412638994.0
1833,21,20894107.0
1833,22,19682669.0
1833,23,31429471.0
1833,24,798921.0
1833,25,44924360.0
1833,26,12955034.0
1834,1,1358828.0
1834,2,14795346.0
1834,3,6639634.0
1834,4,4309650.0
1834,5,5622007.0
1834,6,8515124.0
1834,7,11137682.0
1834,8,36615504.0
1834,9,31863990.0
1834,10,2112941.0
1834,11,149606999.0
1834,12,42254557.0
1834,13,10528452.0
1834,14,16233047.0
1834,15,6051542.0
1834,16,38337353.0
1834,17,15892306.0
1834,18,221108547.0
1834,19,13855564.0
1834,20,412946681.0
1834,21,20977895.0
1834,22,19840162.0
1834,23,31462750.0
1834,24,806075.0
1834,25,45122625.0
1834,26,13174717.0
1835,1,1410429.0
1835,2,15208954.0
1835,3,6705488.0
1835,4,4335008.0
1835,5,5711380.0
1835,6,8708048.0
1835,7,11171353.0
1835,8,36842418.0
1835,9,32242888.0
1835,10,2160147.0
1835,11,150750930.0
1835,12,42541647.0
1835,13,10561679.0
1835,14,16382011.0
1835,15,6107073.0
1835,16,38691232.0
1835,17,15949501.0
1835,18,221999558.0
1835,19,13863857.0
1835,20,413289619.0
1835,21,21063001.0
1835,22,19998960.0
1835,23,31496064.0
1835,24,813568.0
1835,25,45322218.0
1835,26,13399960.0
1836,1,1463990.0
1836,2,15634125.0
1836,3,6771995.0
1836,4,4369040.0
1836,5,5802174.0
1836,6,8907114.0
1836,7,11205160.0
1836,8,37072194.0
1836,9,32627212.0
1836,10,2208408.0
1836,11,151904447.0
1836,12,42831074.0
1836,13,10595011.0
1836,14,16532343.0
1836,15,6163117.0
1836,16,39048375.0
1836,17,16006949.0
1836,18,222894160.0
1836,19,13872154.0
1836,20,413562804.0
1836,21,21149432.0
1836,22,20159075.0
1836,23,31529414.0
1836,24,821400.0
1836,25,45523151.0
1836,26,13630876.0
1837,1,1519584.0
1837,2,16071181.0
1837,3,6839162.0
1837,4,4403641.0
1837,5,5894412.0
1837,6,9112552.0
1837,7,11239100.0
1837,8,37304882.0
1837,9,33017046.0
1837,10,2257747.0
1837,11,153067634.0
1837,12,43122854.0
1837,13,10628448.0
1837,14,16684054.0
1837,15,6219672.0
1837,16,39408816.0
1837,17,16064648.0
1837,18,223792367.0
1837,19,13880457.0
1837,20,413871238.0
1837,21,21237219.0
1837,22,20320517.0
1837,23,31562799.0
1837,24,829575.0
1837,25,45725441.0
1837,26,13867582.0
1838,1,1577290.0
1838,2,16520455.0
1838,3,6906995.0
1838,4,4438819.0
1838,5,5988115.0
1838,6,9324588.0
1838,7,11273178.0
1838,8,37540517.0
1838,9,33412493.0
1838,10,2308188.0
1838,11,154240578.0
1838,12,43417005.0
1838,13,10661991.0
1838,14,16837156.0
1838,15,6276747.0
1838,16,39772584.0
1838,17,16122600.0
1838,18,224694193.0
1838,19,13888764.0
1838,20,414179923.0
1838,21,21326379.0
1838,22,20483300.0
1838,23,31596219.0
1838,24,838093.0
1838,25,45929107.0
1838,26,14110205.0
1839,1,1637493.0
1839,2,16991513.0
1839,3,6973425.0
1839,4,4479777.0
1839,5,6083309.0
1839,6,9537992.0
1839,7,11326120.0
1839,8,37779144.0
1839,9,33814229.0
1839,10,2359756.0
1839,11,155360879.0
1839,12,43713552.0
1839,13,10695639.0
1839,14,16991664.0
1839,15,6334348.0
1839,16,40139710.0
1839,17,16180805.0
1839,18,225599654.0
1839,19,13897077.0
1839,20,414441616.0
1839,21,21415541.0
1839,22,20647431.0
1839,23,31629675.0
1839,24,848769.0
1839,25,46134161.0
1839,26,14358866.0
1840,1,1700301.0
1840,2,17489524.0
1840,3,7038422.0
1840,4,5220208.0
1840,5,6180015.0
1840,6,9762651.0
1840,7,11399205.0
1840,8,38020815.0
1840,9,34326303.0
1840,10,2412477.0
1840,11,156431694.0
1840,12,44012516.0
1840,13,10729394.0
1840,14,17147590.0
1840,15,6392476.0
1840,16,40510225.0
1840,17,16239269.0
1840,18,226508764.0
1840,19,13905395.0
1840,20,414617275.0
1840,21,21504676.0
1840,22,20812924.0
1840,23,31663166.0
1840,24,909756.0
1840,25,46340624.0
1840,26,14619983.0
1841,1,1765826.0
1841,2,18002579.0
1841,3,7101952.0
1841,4,4586137.0
1841,5,6278259.0
1841,6,9969260.0
1841,7,11490666.0
1841,8,38265568.0
1841,9,34637098.0
1841,10,2466375.0
1841,11,157440690.0
1841,12,44317963.0
1841,13,10763255.0
1841,14,17304947.0
1841,15,6451136.0
1841,16,40884159.0
1841,17,16298052.0
1841,18,227421537.0
1841,19,13913718.0
1841,20,414745936.0
1841,21,21593760.0
1841,22,20983171.0
1841,23,31696692.0
1841,24,876832.0
1841,25,46548513.0
1841,26,14874808.0
1842,1,1834182.0
1842,2,18544472.0
1842,3,7163984.0
1842,4,4638350.0
1842,5,6378065.0
1842,6,10187315.0
1842,7,11603335.0
1842,8,38513448.0
1842,9,35058528.0
1842,10,2521477.0
1842,11,158398755.0
1842,12,44625918.0
1842,13,10797224.0
1842,14,17463747.0
1842,15,6510336.0
1842,16,41261545.0
1842,17,16357159.0
1842,18,228337989.0
1842,19,13922046.0
1842,20,414814564.0
1842,21,21682771.0
1842,22,21158252.0
1842,23,31730255.0
1842,24,894352.0
1842,25,46757842.0
1842,26,15142358.0
1843,1,1905491.0
1843,2,19111919.0
1843,3,7224485.0
1843,4,4713460.0
1843,5,6479457.0
1843,6,10407126.0
1843,7,11737006.0
1843,8,38764506.0
1843,9,35486820.0
1843,10,2577811.0
1843,11,159301279.0
1843,12,44936410.0
1843,13,10831299.0
1843,14,17624005.0
1843,15,6570077.0
1843,16,41642414.0
1843,17,16416593.0
1843,18,229258134.0
1843,19,13930380.0
1843,20,414823120.0
1843,21,21771677.0
1843,22,21338244.0
1843,23,31763853.0
1843,24,998298.0
1843,25,46968633.0
1843,26,15416478.0
1844,1,1979572.0
1844,2,19696730.0
1844,3,7285497.0
1844,4,4769693.0
1844,5,6582462.0
1844,6,10634280.0
1844,7,11873512.0
1844,8,39018780.0
1844,9,35921561.0
1844,10,2635403.0
1844,11,160210006.0
1844,12,45249460.0
1844,13,10865482.0
1844,14,17785734.0
1844,15,6630369.0
1844,16,42026802.0
1844,17,16476353.0
1844,18,230181987.0
1844,19,13938718.0
1844,20,414831813.0
1844,21,21861846.0
1844,22,21523232.0
1844,23,31797486.0
1844,24,934936.0
1844,25,47180900.0
1844,26,15697303.0
1845,1,2056533.0
1845,2,20299435.0
1845,3,7347024.0
1845,4,4837064.0
1845,5,6687103.0
1845,6,10869070.0
1845,7,12012929.0
1845,8,39276329.0
1845,9,36362871.0
1845,10,2694282.0
1845,11,161124989.0
1845,12,45565092.0
1845,13,10899773.0
1845,14,17948946.0
1845,15,6691214.0
1845,16,42414734.0
1845,17,16536442.0
1845,18,231109563.0
1845,19,13947062.0
1845,20,414840650.0
1845,21,21953294.0
1845,22,21713295.0
1845,23,31831155.0
1845,24,956287.0
1845,25,47394667.0
1845,26,15984983.0
1846,1,2136487.0
1846,2,20920583.0
1846,3,7409071.0
1846,4,4905604.0
1846,5,6793409.0
1846,6,11111805.0
1846,7,12155318.0
1846,8,39537198.0
1846,9,36810880.0
1846,10,2754476.0
1846,11,162046272.0
1846,12,45883327.0
1846,13,10934172.0
1846,14,18113656.0
1846,15,6752616.0
1846,16,42806250.0
1846,17,16596865.0
1846,18,232040877.0
1846,19,13955411.0
1846,20,414849639.0
1846,21,22046046.0
1846,22,21908517.0
1846,23,31864860.0
1846,24,978384.0
1846,25,47609946.0
1846,26,16279662.0
1847,1,2219548.0
1847,2,21560737.0
1847,3,7471641.0
1847,4,4975330.0
1847,5,6901404.0
1847,6,11362802.0
1847,7,12300753.0
1847,8,39801434.0
1847,9,37265714.0
1847,10,2816015.0
1847,11,162973903.0
1847,12,46204190.0
1847,13,10968679.0
1847,14,18279878.0
1847,15,6814582.0
1847,16,43201377.0
1847,17,16657620.0
1847,18,232975944.0
1847,19,13963765.0
1847,20,414858792.0
1847,21,22140110.0
1847,22,22108981.0
1847,23,31898600.0
1847,24,1001248.0
1847,25,47826763.0
1847,26,16581496.0
1848,1,2305839.0
1848,2,22220480.0
1848,3,7534741.0
1848,4,5046273.0
1848,5,7011116.0
1848,6,11622394.0
1848,7,12449306.0
1848,8,40069089.0
1848,9,37727509.0
1848,10,2878929.0
1848,11,163907925.0
1848,12,46527702.0
1848,13,11003295.0
1848,14,18447626.0
1848,15,6877118.0
1848,16,43600153.0
1848,17,16718710.0
1848,18,233914779.0
1848,19,13972124.0
1848,20,414868119.0
1848,21,22235515.0
1848,22,22314775.0
1848,23,31932376.0
1848,24,1024905.0
1848,25,48045135.0
1848,26,16890636.0
1849,1,2391522.0
1849,2,22899875.0
1849,3,7607082.0
1849,4,5116773.0
1849,5,7121679.0
1849,6,11840837.0
1849,7,12594881.0
1849,8,40310640.0
1849,9,38169479.0
1849,10,2935885.0
1849,11,164844938.0
1849,12,46866374.0
1849,13,11038021.0
1849,14,18616912.0
1849,15,6940226.0
1849,16,44002609.0
1849,17,16781086.0
1849,18,234833664.0
1849,19,13981539.0
1849,20,414149336.0
1849,21,22372297.0
1849,22,22525983.0
1849,23,31982941.0
1849,24,1054946.0
1849,25,48250101.0
1849,26,17145521.0
1850,1,2476448.0
1850,2,23637926.0
1850,3,7688866.0
1850,4,5981306.0
1850,5,7233093.0
1850,6,12028411.0
1850,7,12737898.0
1850,8,40525523.0
1850,9,38700305.0
1850,10,2986678.0
1850,11,165789695.0
1850,12,47220515.0
1850,13,11072856.0
1850,14,18787752.0
1850,15,7003914.0
1850,16,44408782.0
1850,17,16844766.0
1850,18,235732435.0
1850,19,13992011.0
1850,20,412708891.0
1850,21,22551486.0
1850,22,22742696.0
1850,23,32050374.0
1850,24,1221821.0
1850,25,48441622.0
1850,26,17351847.0
1851,1,2559525.0
1851,2,24309683.0
1851,3,7776783.0
1851,4,5271230.0
1851,5,7346113.0
1851,6,12158762.0
1851,7,12873922.0
1851,8,40747259.0
1851,9,38704907.0
1851,10,3033196.0
1851,11,166727626.0
1851,12,47579381.0
1851,13,11105405.0
1851,14,18963832.0
1851,15,7066246.0
1851,16,44814022.0
1851,17,16904630.0
1851,18,236535920.0
1851,19,14011109.0
1851,20,410466775.0
1851,21,22760115.0
1851,22,22943158.0
1851,23,32138471.0
1851,24,1137035.0
1851,25,48556821.0
1851,26,17483865.0
1852,1,2641465.0
1852,2,25040692.0
1852,3,7874465.0
1852,4,5333191.0
1852,5,7460007.0
1852,6,12257263.0
1852,7,13006596.0
1852,8,40941400.0
1852,9,38793658.0
1852,10,3073171.0
1852,11,167673248.0
1852,12,47954196.0
1852,13,11138049.0
1852,14,19141561.0
1852,15,7129133.0
1852,16,45222960.0
1852,17,16965857.0
1852,18,237318415.0
1852,19,14031277.0
1852,20,407516929.0
1852,21,23012958.0
1852,22,23148831.0
1852,23,32243620.0
1852,24,1190620.0
1852,25,48657902.0
1852,26,17564460.0
1853,1,2722093.0
1853,2,25793143.0
1853,3,7982109.0
1853,4,5405610.0
1853,5,7574774.0
1853,6,12312493.0
1853,7,13136156.0
1853,8,41108347.0
1853,9,38857050.0
1853,10,3106364.0
1853,11,168621644.0
1853,12,48345269.0
1853,13,11170788.0
1853,14,19320955.0
1853,15,7192579.0
1853,16,45635628.0
1853,17,17028471.0
1853,18,238079774.0
1853,19,14052516.0
1853,20,403866077.0
1853,21,23311113.0
1853,22,23359786.0
1853,23,32365906.0
1853,24,1253689.0
1853,25,48744769.0
1853,26,17585130.0
1854,1,2805181.0
1854,2,26568199.0
1854,3,8091222.0
1854,4,5479125.0
1854,5,7691306.0
1854,6,12373809.0
1854,7,13267007.0
1854,8,41282394.0
1854,9,38921457.0
1854,10,3139915.0
1854,11,169576192.0
1854,12,48740437.0
1854,13,11203623.0
1854,14,19502031.0
1854,15,7256591.0
1854,16,46052060.0
1854,17,17091542.0
1854,18,238843552.0
1854,19,14073777.0
1854,20,400248568.0
1854,21,23615701.0
1854,22,23576101.0
1854,23,32488655.0
1854,24,1321641.0
1854,25,48832345.0
1854,26,17606076.0
1855,1,2890805.0
1855,2,27366540.0
1855,3,8201826.0
1855,4,5553755.0
1855,5,7809631.0
1855,6,12441207.0
1855,7,13399161.0
1855,8,41444631.0
1855,9,38986926.0
1855,10,3173826.0
1855,11,170536948.0
1855,12,49139749.0
1855,13,11236554.0
1855,14,19684802.0
1855,15,7321171.0
1855,16,46472293.0
1855,17,17155069.0
1855,18,239609756.0
1855,19,14095061.0
1855,20,396664121.0
1855,21,23926891.0
1855,22,23797849.0
1855,23,32611870.0
1855,24,1394873.0
1855,25,48920622.0
1855,26,17627298.0
1856,1,2979043.0
1856,2,28188865.0
1856,3,8313940.0
1856,4,5629513.0
1856,5,7929776.0
1856,6,12514694.0
1856,7,13532631.0
1856,8,41613974.0
1856,9,39053504.0
1856,10,3208102.0
1856,11,171503947.0
1856,12,49543252.0
1856,13,11269582.0
1856,14,19869285.0
1856,15,7386323.0
1856,16,46896360.0
1856,17,17219054.0
1856,18,240378394.0
1856,19,14116366.0
1856,20,393112456.0
1856,21,24244848.0
1856,22,24025106.0
1856,23,32735551.0
1856,24,1473801.0
1856,25,49009593.0
1856,26,17648798.0
1857,1,3069973.0
1857,2,29035895.0
1857,3,8427584.0
1857,4,5706420.0
1857,5,8051769.0
1857,6,12594274.0
1857,7,13667432.0
1857,8,41784122.0
1857,9,39121238.0
1857,10,3242747.0
1857,11,172477232.0
1857,12,49950996.0
1857,13,11302705.0
1857,14,20055497.0
1857,15,7452057.0
1857,16,47324295.0
1857,17,17283506.0
1857,18,241149472.0
1857,19,14137694.0
1857,20,389593299.0
1857,21,24569744.0
1857,22,24257950.0
1857,23,32859701.0
1857,24,1558880.0
1857,25,49099254.0
1857,26,17670580.0
1858,1,3163678.0
1858,2,29908371.0
1858,3,8542780.0
1858,4,5784495.0
1858,5,8175639.0
1858,6,12679970.0
1858,7,13803573.0
1858,8,41955079.0
1858,9,39190187.0
1858,10,3277764.0
1858,11,173456859.0
1858,12,50363026.0
1858,13,11335926.0
1858,14,20243453.0
1858,15,7518376.0
1858,16,47756135.0
1858,17,17348420.0
1858,18,241923000.0
1858,19,14159044.0
1858,20,386106380.0
1858,21,24901760.0
1858,22,24496459.0
1858,23,32984321.0
1858,24,1650606.0
1858,25,49189592.0
1858,26,17692642.0
1859,1,3247283.0
1859,2,30763983.0
1859,3,8642606.0
1859,4,5857772.0
1859,5,8301415.0
1859,6,12771861.0
1859,7,13941072.0
1859,8,42140295.0
1859,9,39256813.0
1859,10,3313158.0
1859,11,174468273.0
1859,12,50779387.0
1859,13,11369244.0
1859,14,20433171.0
1859,15,7585282.0
1859,16,48191915.0
1859,17,17418781.0
1859,18,242698983.0
1859,19,14180417.0
1859,20,382928430.0
1859,21,25241075.0
1859,22,24740713.0
1859,23,33109414.0
1859,24,1736875.0
1859,25,49301597.0
1859,26,17713787.0
1860,1,3320338.0
1860,2,31605807.0
1860,3,8726791.0
1860,4,6832450.0
1860,5,8429125.0
1860,6,12881177.0
1860,7,14080714.0
1860,8,42339885.0
1860,9,39484890.0
1860,10,3348933.0
1860,11,175517946.0
1860,12,51200140.0
1860,13,11402659.0
1860,14,20624663.0
1860,15,7652782.0
1860,16,48631669.0
1860,17,17494719.0
1860,18,243477427.0
1860,19,14201812.0
1860,20,380140137.0
1860,21,25587878.0
1860,22,24990791.0
1860,23,33234981.0
1860,24,1870476.0
1860,25,49435805.0
1860,26,17741980.0
1861,1,3382380.0
1861,2,32418583.0
1861,3,8795060.0
1861,4,6001705.0
1861,5,8558801.0
1861,6,12971954.0
1861,7,14220188.0
1861,8,42560878.0
1861,9,39382381.0
1861,10,3385092.0
1861,11,176588157.0
1861,12,51619623.0
1861,13,11436172.0
1861,14,20817952.0
1861,15,7720885.0
1861,16,49075437.0
1861,17,17576389.0
1861,18,244258342.0
1861,19,14223229.0
1861,20,377482003.0
1861,21,25942361.0
1861,22,25255969.0
1861,23,33361024.0
1861,24,1889740.0
1861,25,49592779.0
1861,26,17753337.0
1862,1,3432927.0
1862,2,33214384.0
1862,3,8847135.0
1862,4,6048234.0
1862,5,8690471.0
1862,6,13079041.0
1862,7,14361835.0
1862,8,42782679.0
1862,9,39440940.0
1862,10,3421640.0
1862,11,177697488.0
1862,12,52043526.0
1862,13,11469783.0
1862,14,21013050.0
1862,15,7789593.0
1862,16,49523253.0
1862,17,17663870.0
1862,18,245041734.0
1862,19,14244669.0
1862,20,375204709.0
1862,21,26304728.0
1862,22,25535283.0
1862,23,33487544.0
1862,24,1954479.0
1862,25,49773111.0
1862,26,17771759.0
1863,1,3471484.0
1863,2,33986941.0
1863,3,8882733.0
1863,4,6101728.0
1863,5,8824166.0
1863,6,13190087.0
1863,7,14504892.0
1863,8,43026118.0
1863,9,39496410.0
1863,10,3458580.0
1863,11,178840325.0
1863,12,52471895.0
1863,13,11503492.0
1863,14,21209976.0
1863,15,7858911.0
1863,16,49975155.0
1863,17,17757309.0
1863,18,245827611.0
1863,19,14266131.0
1863,20,373219057.0
1863,21,26675176.0
1863,22,25824011.0
1863,23,33614544.0
1863,24,2010045.0
1863,25,49977424.0
1863,26,17789288.0
1864,1,3510473.0
1864,2,34777462.0
1864,3,8918473.0
1864,4,6156125.0
1864,5,8959918.0
1864,6,13304517.0
1864,7,14649374.0
1864,8,43270951.0
1864,9,39552181.0
1864,10,3495918.0
1864,11,179991679.0
1864,12,52904782.0
1864,13,11537299.0
1864,14,21408747.0
1864,15,7928845.0
1864,16,50431180.0
1864,17,17851857.0
1864,18,246615984.0
1864,19,14287616.0
1864,20,371244186.0
1864,21,27053918.0
1864,22,26118074.0
1864,23,33742025.0
1864,24,2067899.0
1864,25,50185297.0
1864,26,17807134.0
1865,1,3549900.0
1865,2,35586364.0
1865,3,8954355.0
1865,4,6211436.0
1865,5,9097759.0
1865,6,13422419.0
1865,7,14795296.0
1865,8,43517180.0
1865,9,39608255.0
1865,10,3533658.0
1865,11,181151619.0
1865,12,53342235.0
1865,13,11571206.0
1865,14,21609379.0
1865,15,7999402.0
1865,16,50891364.0
1865,17,17947535.0
1865,18,247406860.0
1865,19,14309123.0
1865,20,369280038.0
1865,21,27441163.0
1865,22,26409679.0
1865,23,33869990.0
1865,24,2128162.0
1865,25,50396860.0
1865,26,17825297.0
1866,1,3589769.0
1866,2,36414073.0
1866,3,8990379.0
1866,4,6267677.0
1866,5,9237720.0
1866,6,13543866.0
1866,7,14942670.0
1866,8,43764814.0
1866,9,39664638.0
1866,10,3571803.0
1866,11,182320214.0
1866,12,53784315.0
1866,13,11605211.0
1866,14,21811892.0
1866,15,8070584.0
1866,16,51355748.0
1866,17,18044355.0
1866,18,248200247.0
1866,19,14330652.0
1866,20,367326551.0
1866,21,27837135.0
1866,22,26697007.0
1866,23,33998439.0
1866,24,2190965.0
1866,25,50612259.0
1866,26,17843779.0
1867,1,3630086.0
1867,2,37261027.0
1867,3,9026546.0
1867,4,6324865.0
1867,5,9379834.0
1867,6,13668947.0
1867,7,15091512.0
1867,8,44013868.0
1867,9,39721325.0
1867,10,3610358.0
1867,11,183497525.0
1867,12,54231066.0
1867,13,11639316.0
1867,14,22016300.0
1867,15,8142400.0
1867,16,51824369.0
1867,17,18142336.0
1867,18,248996154.0
1867,19,14352204.0
1867,20,365383665.0
1867,21,28242059.0
1867,22,26986524.0
1867,23,34127374.0
1867,24,2256448.0
1867,25,50831636.0
1867,26,17862586.0
1868,1,3670854.0
1868,2,38127674.0
1868,3,9062857.0
1868,4,6383009.0
1868,5,9524134.0
1868,6,13797757.0
1868,7,15241835.0
1868,8,44264340.0
1868,9,39778320.0
1868,10,3649328.0
1868,11,184683638.0
1868,12,54682548.0
1868,13,11673521.0
1868,14,22222625.0
1868,15,8214856.0
1868,16,52297264.0
1868,17,18241517.0
1868,18,249794587.0
1868,19,14373778.0
1868,20,363451318.0
1868,21,28656165.0
1868,22,27275823.0
1868,23,34256799.0
1868,24,2324758.0
1868,25,51055137.0
1868,26,17881722.0
1869,1,3714561.0
1869,2,39007998.0
1869,3,9113273.0
1869,4,6446106.0
1869,5,9677417.0
1869,6,13935196.0
1869,7,15393656.0
1869,8,44527565.0
1869,9,39838697.0
1869,10,3688717.0
1869,11,185899487.0
1869,12,55152273.0
1869,13,11714580.0
1869,14,22430881.0
1869,15,8287956.0
1869,16,52774474.0
1869,17,18332072.0
1869,18,250501067.0
1869,19,14395464.0
1869,20,362094030.0
1869,21,29021276.0
1869,22,27563118.0
1869,23,34407430.0
1869,24,2391910.0
1869,25,51283018.0
1869,26,17899057.0
1870,1,3761273.0
1870,2,39906898.0
1870,3,9178007.0
1870,4,7545788.0
1870,5,9839950.0
1870,6,14094769.0
1870,7,15547783.0
1870,8,44803698.0
1870,9,40085187.0
1870,10,3728529.0
1870,11,187153281.0
1870,12,55640616.0
1870,13,11762553.0
1870,14,22641089.0
1870,15,8361703.0
1870,16,53256038.0
1870,17,18413793.0
1870,18,251115205.0
1870,19,14417271.0
1870,20,361310032.0
1870,21,29336365.0
1870,22,27862618.0
1870,23,34579492.0
1870,24,2513552.0
1870,25,51514657.0
1870,26,17923550.0
1871,1,3811061.0
1871,2,40810375.0
1871,3,9257275.0
1871,4,6606591.0
1871,5,10012004.0
1871,6,14238151.0
1871,7,15701850.0
1871,8,45099112.0
1871,9,39968042.0
1871,10,3768768.0
1871,11,188422990.0
1871,12,56152938.0
1871,13,11817496.0
1871,14,22853266.0
1871,15,8436108.0
1871,16,53685785.0
1871,17,18486030.0
1871,18,251636609.0
1871,19,14439214.0
1871,20,361099747.0
1871,21,29600208.0
1871,22,28155902.0
1871,23,34773210.0
1871,24,2522074.0
1871,25,51749399.0
1871,26,17928306.0
1872,1,3863995.0
1872,2,41732783.0
1872,3,9351295.0
1872,4,6666947.0
1872,5,10193859.0
1872,6,14404759.0
1872,7,15858253.0
1872,8,45395370.0
1872,9,40038728.0
1872,10,3809441.0
1872,11,189731962.0
1872,12,56684712.0
1872,13,11879470.0
1872,14,23067429.0
1872,15,8511173.0
1872,16,54175666.0
1872,17,18549389.0
1872,18,252064885.0
1872,19,14461305.0
1872,20,361457108.0
1872,21,29812026.0
1872,22,28474776.0
1872,23,34988811.0
1872,24,2584729.0
1872,25,51986566.0
1872,26,17940198.0
1873,1,3920147.0
1873,2,42669573.0
1873,3,9460289.0
1873,4,6751700.0
1873,5,10385802.0
1873,6,14582162.0
1873,7,16016212.0
1873,8,45711245.0
1873,9,40112907.0
1873,10,3850550.0
1873,11,191073310.0
1873,12,57236338.0
1873,13,11948533.0
1873,14,23283600.0
1873,15,8586905.0
1873,16,54670015.0
1873,17,18603293.0
1873,18,252399639.0
1873,19,14483558.0
1873,20,362382301.0
1873,21,29970517.0
1873,22,28790845.0
1873,23,35226524.0
1873,24,2645502.0
1873,25,52225433.0
1873,26,17950257.0
1874,1,3977115.0
1874,2,43627383.0
1874,3,9570550.0
1874,4,6838354.0
1874,5,10581359.0
1874,6,14766145.0
1874,7,16175745.0
1874,8,46029338.0
1874,9,40187539.0
1874,10,3892102.0
1874,11,192426784.0
1874,12,57794777.0
1874,13,12017997.0
1874,14,23501795.0
1874,15,8663313.0
1874,16,55168874.0
1874,17,18657425.0
1874,18,252734813.0
1874,19,14505878.0
1874,20,363309594.0
1874,21,30132832.0
1874,22,29100699.0
1874,23,35465852.0
1874,24,2708312.0
1874,25,52465357.0
1874,26,17960599.0
1875,1,4034909.0
1875,2,44606685.0
1875,3,9682095.0
1875,4,6926929.0
1875,5,10780598.0
1875,6,14956775.0
1875,7,16336867.0
1875,8,46349666.0
1875,9,40262622.0
1875,10,3934099.0
1875,11,193792506.0
1875,12,58360120.0
1875,13,12087864.0
1875,14,23722034.0
1875,15,8740397.0
1875,16,55672284.0
1875,17,18711795.0
1875,18,253070405.0
1875,19,14528265.0
1875,20,364238960.0
1875,21,30299015.0
1875,22,29431288.0
1875,23,35706805.0
1875,24,2773248.0
1875,25,52706334.0
1875,26,17971230.0
1876,1,4093544.0
1876,2,45607961.0
1876,3,9794939.0
1876,4,7017457.0
1876,5,10983588.0
1876,6,15154120.0
1876,7,16499594.0
1876,8,46672244.0
1876,9,40338165.0
1876,10,3976549.0
1876,11,195170592.0
1876,12,58932462.0
1876,13,12158137.0
1876,14,23944336.0
1876,15,8818167.0
1876,16,56180287.0
1876,17,18766404.0
1876,18,253406417.0
1876,19,14550721.0
1876,20,365170370.0
1876,21,30469122.0
1876,22,29761626.0
1876,23,35949395.0
1876,24,2840402.0
1876,25,52948376.0
1876,26,17982149.0
1877,1,4153029.0
1877,2,46631704.0
1877,3,9909095.0
1877,4,7109964.0
1877,5,11190400.0
1877,6,15358251.0
1877,7,16663940.0
1877,8,46997090.0
1877,9,40414162.0
1877,10,4019454.0
1877,11,196561168.0
1877,12,59511897.0
1877,13,12228817.0
1877,14,24168720.0
1877,15,8896629.0
1877,16,56692925.0
1877,17,18821254.0
1877,18,253742849.0
1877,19,14573245.0
1877,20,366104241.0
1877,21,30643198.0
1877,22,30061081.0
1877,23,36193632.0
1877,24,2909875.0
1877,25,53191482.0
1877,26,17993361.0
1878,1,4213379.0
1878,2,47678418.0
1878,3,10024579.0
1878,4,7204478.0
1878,5,11401106.0
1878,6,15569247.0
1878,7,16829923.0
1878,8,47324221.0
1878,9,40490625.0
1878,10,4062820.0
1878,11,197964353.0
1878,12,60098523.0
1878,13,12299908.0
1878,14,24395206.0
1878,15,8975789.0
1878,16,57210239.0
1878,17,18876341.0
1878,18,254079702.0
1878,19,14595837.0
1878,20,367040581.0
1878,21,30821302.0
1878,22,30345210.0
1878,23,36439528.0
1878,24,2981769.0
1878,25,53435658.0
1878,26,18004862.0
1879,1,4271701.0
1879,2,48749140.0
1879,3,10141389.0
1879,4,7299876.0
1879,5,11615796.0
1879,6,15804161.0
1879,7,17003203.0
1879,8,47649927.0
1879,9,40568056.0
1879,10,4106653.0
1879,11,199369082.0
1879,12,60697785.0
1879,13,12371412.0
1879,14,24623814.0
1879,15,9055651.0
1879,16,57732273.0
1879,17,18932168.0
1879,18,254760858.0
1879,19,14618499.0
1879,20,368012700.0
1879,21,31053756.0
1879,22,30616229.0
1879,23,36700906.0
1879,24,3058489.0
1879,25,53682172.0
1879,26,18024408.0
1880,1,4327935.0
1880,2,49849307.0
1880,3,10259540.0
1880,4,8560413.0
1880,5,11834544.0
1880,6,16077638.0
1880,7,17184727.0
1880,8,47974185.0
1880,9,40827256.0
1880,10,4150956.0
1880,11,200784537.0
1880,12,61309814.0
1880,13,12443331.0
1880,14,24854563.0
1880,15,9136224.0
1880,16,58259070.0
1880,17,18988736.0
1880,18,255789440.0
1880,19,14641229.0
1880,20,369020782.0
1880,21,31343771.0
1880,22,30905031.0
1880,23,36977992.0
1880,24,3198344.0
1880,25,53931054.0
1880,26,18062075.0
1881,1,4382020.0
1881,2,50964818.0
1881,3,10379046.0
1881,4,7512256.0
1881,5,12057427.0
1881,6,16347405.0
1881,7,17372220.0
1881,8,48302059.0
1881,9,40725825.0
1881,10,4195735.0
1881,11,202182102.0
1881,12,61932504.0
1881,13,12515667.0
1881,14,25087473.0
1881,15,9217514.0
1881,16,58790672.0
1881,17,19046061.0
1881,18,257168597.0
1881,19,14664028.0
1881,20,370065016.0
1881,21,31694806.0
1881,22,31224553.0
1881,23,37271015.0
1881,24,3226990.0
1881,25,54182333.0
1881,26,18087614.0
1882,1,4433891.0
1882,2,52110912.0
1882,3,10499924.0
1882,4,7590459.0
1882,5,12284523.0
1882,6,16656725.0
1882,7,17568254.0
1882,8,48618225.0
1882,9,40806169.0
1882,10,4240996.0
1882,11,203589866.0
1882,12,62568175.0
1882,13,12588423.0
1882,14,25322565.0
1882,15,9299526.0
1882,16,59327125.0
1882,17,19104149.0
1882,18,258901501.0
1882,19,14686896.0
1882,20,371145591.0
1882,21,32110583.0
1882,22,31568200.0
1882,23,37580207.0
1882,24,3319055.0
1882,25,54436042.0
1882,26,18131265.0
1883,1,4483484.0
1883,2,53283291.0
1883,3,10622190.0
1883,4,7688479.0
1883,5,12515913.0
1883,6,16991952.0
1883,7,17772172.0
1883,8,48937948.0
1883,9,40887479.0
1883,10,4286743.0
1883,11,204998095.0
1883,12,63216959.0
1883,13,12661602.0
1883,14,25559859.0
1883,15,9382266.0
1883,16,59868471.0
1883,17,19163011.0
1883,18,260991354.0
1883,19,14709834.0
1883,20,372262697.0
1883,21,32595108.0
1883,22,31919438.0
1883,23,37905801.0
1883,24,3416518.0
1883,25,54692212.0
1883,26,18182939.0
1884,1,4533631.0
1884,2,54482036.0
1884,3,10745876.0
1884,4,7788072.0
1884,5,12751661.0
1884,6,17336697.0
1884,7,17978499.0
1884,8,49259816.0
1884,9,40969258.0
1884,10,4332981.0
1884,11,206417763.0
1884,12,63873670.0
1884,13,12735205.0
1884,14,25799375.0
1884,15,9465742.0
1884,16,60414756.0
1884,17,19222140.0
1884,18,263098048.0
1884,19,14732841.0
1884,20,373383260.0
1884,21,33102746.0
1884,22,32271678.0
1884,23,38234217.0
1884,24,3517229.0
1884,25,54949606.0
1884,26,18234905.0
1885,1,4584338.0
1885,2,55707739.0
1885,3,10871001.0
1885,4,7889272.0
1885,5,12991849.0
1885,6,17691388.0
1885,7,18187261.0
1885,8,49583839.0
1885,9,41051509.0
1885,10,4379716.0
1885,11,207848964.0
1885,12,64538412.0
1885,13,12809235.0
1885,14,26041136.0
1885,15,9549960.0
1885,16,60966025.0
1885,17,19281528.0
1885,18,265221721.0
1885,19,14755919.0
1885,20,374507296.0
1885,21,33635004.0
1885,22,32677747.0
1885,23,38565477.0
1885,24,3621297.0
1885,25,55208229.0
1885,26,18287159.0
1886,1,4635612.0
1886,2,56961007.0
1886,3,10997580.0
1886,4,7992113.0
1886,5,13236561.0
1886,6,18056501.0
1886,7,18398490.0
1886,8,49910026.0
1886,9,41134229.0
1886,10,4426953.0
1886,11,209291806.0
1886,12,65211297.0
1886,13,12883696.0
1886,14,26285160.0
1886,15,9634926.0
1886,16,61522323.0
1886,17,19341185.0
1886,18,267362508.0
1886,19,14779066.0
1886,20,375637326.0
1886,21,34193488.0
1886,22,33052217.0
1886,23,38899606.0
1886,24,3728834.0
1886,25,55468087.0
1886,26,18339706.0
1887,1,4687459.0
1887,2,58242459.0
1887,3,11125631.0
1887,4,8096623.0
1887,5,13485883.0
1887,6,18432525.0
1887,7,18612212.0
1887,8,50238403.0
1887,9,41217428.0
1887,10,4474698.0
1887,11,210746383.0
1887,12,65892435.0
1887,13,12958588.0
1887,14,26531472.0
1887,15,9720648.0
1887,16,62083698.0
1887,17,19401109.0
1887,18,269520547.0
1887,19,14802283.0
1887,20,376773414.0
1887,21,34779917.0
1887,22,33438967.0
1887,23,39236630.0
1887,24,3839959.0
1887,25,55729188.0
1887,26,18392549.0
1888,1,4739885.0
1888,2,59552729.0
1888,3,11255171.0
1888,4,8202834.0
1888,5,13739900.0
1888,6,18819996.0
1888,7,18828461.0
1888,8,50568976.0
1888,9,41301101.0
1888,10,4522955.0
1888,11,212212796.0
1888,12,66581936.0
1888,13,13033916.0
1888,14,26780089.0
1888,15,9807132.0
1888,16,62650193.0
1888,17,19461302.0
1888,18,271695977.0
1888,19,14825571.0
1888,20,377915621.0
1888,21,35396128.0
1888,22,33807779.0
1888,23,39576573.0
1888,24,3954789.0
1888,25,55991535.0
1888,26,18445689.0
1889,1,4791824.0
1889,2,60843105.0
1889,3,11392794.0
1889,4,8303262.0
1889,5,14013475.0
1889,6,19198629.0
1889,7,19048366.0
1889,8,50865144.0
1889,9,41357286.0
1889,10,4571731.0
1889,11,213737078.0
1889,12,67248978.0
1889,13,13109680.0
1889,14,27031035.0
1889,15,9894385.0
1889,16,63221856.0
1889,17,19543137.0
1889,18,273520781.0
1889,19,14848932.0
1889,20,379209382.0
1889,21,35994416.0
1889,22,34183730.0
1889,23,39928082.0
1889,24,4062666.0
1889,25,56255725.0
1889,26,18473713.0
1890,1,4843260.0
1890,2,62117304.0
1890,3,11538689.0
1890,4,9691928.0
1890,5,14307331.0
1890,6,19583627.0
1890,7,19272818.0
1890,8,51126889.0
1890,9,41553082.0
1890,10,4621030.0
1890,11,215332354.0
1890,12,67892973.0
1890,13,13185884.0
1890,14,27284331.0
1890,15,9982412.0
1890,16,63798734.0
1890,17,19647099.0
1890,18,274991729.0
1890,19,14872368.0
1890,20,380655882.0
1890,21,36571273.0
1890,22,34587499.0
1890,23,40291341.0
1890,24,4223788.0
1890,25,56521860.0
1890,26,18488042.0
1891,1,4894177.0
1891,2,63358765.0
1891,3,11693044.0
1891,4,8510335.0
1891,5,14622216.0
1891,6,19927423.0
1891,7,19499407.0
1891,8,51358098.0
1891,9,41387302.0
1891,10,4670859.0
1891,11,216964496.0
1891,12,68522066.0
1891,13,13262531.0
1891,14,27540001.0
1891,15,10071223.0
1891,16,64380874.0
1891,17,19773690.0
1891,18,276105563.0
1891,19,14895876.0
1891,20,382256317.0
1891,21,37122900.0
1891,22,34976475.0
1891,23,40666539.0
1891,24,4255761.0
1891,25,56790040.0
1891,26,18454724.0
1892,1,4944559.0
1892,2,64581224.0
1892,3,11856053.0
1892,4,8569022.0
1892,5,14958900.0
1892,6,20276404.0
1892,7,19730679.0
1892,8,51547068.0
1892,9,41361184.0
1892,10,4721224.0
1892,11,218670326.0
1892,12,69127014.0
1892,13,13339623.0
1892,14,27798065.0
1892,15,10160822.0
1892,16,64968327.0
1892,17,19923423.0
1892,18,276859000.0
1892,19,14919460.0
1892,20,384011891.0
1892,21,37645165.0
1892,22,35370457.0
1892,23,41053865.0
1892,24,4340031.0
1892,25,57060373.0
1892,26,18407870.0
1893,1,4994388.0
1893,2,65778137.0
1893,3,12027914.0
1893,4,8645492.0
1893,5,15318174.0
1893,6,20614192.0
1893,7,19965874.0
1893,8,51705473.0
1893,9,41307682.0
1893,10,4772129.0
1893,11,220439402.0
1893,12,69707190.0
1893,13,13417162.0
1893,14,28058547.0
1893,15,10251219.0
1893,16,65561139.0
1893,17,20096831.0
1893,18,277248729.0
1893,19,14943118.0
1893,20,385923816.0
1893,21,38133582.0
1893,22,35779949.0
1893,23,41453511.0
1893,24,4415451.0
1893,25,57332965.0
1893,26,18336211.0
1894,1,5044719.0
1894,2,66997221.0
1894,3,12202263.0
1894,4,8723317.0
1894,5,15686078.0
1894,6,20960859.0
1894,7,20203972.0
1894,8,51866047.0
1894,9,41254712.0
1894,10,4823580.0
1894,11,222227092.0
1894,12,70292846.0
1894,13,13495151.0
1894,14,28321468.0
1894,15,10342417.0
1894,16,66159357.0
1894,17,20273013.0
1894,18,277638978.0
1894,19,14966848.0
1894,20,387848096.0
1894,21,38632602.0
1894,22,36209993.0
1894,23,41857048.0
1894,24,4492268.0
1894,25,57607317.0
1894,26,18265245.0
1895,1,5095557.0
1895,2,68238885.0
1895,3,12379137.0
1895,4,8802518.0
1895,5,16062818.0
1895,6,21316581.0
1895,7,20445005.0
1895,8,52028800.0
1895,9,41202274.0
1895,10,4875584.0
1895,11,224033610.0
1895,12,70884039.0
1895,13,13573592.0
1895,14,28586851.0
1895,15,10434427.0
1895,16,66763035.0
1895,17,20452033.0
1895,18,278029747.0
1895,19,14990649.0
1895,20,389784836.0
1895,21,39142518.0
1895,22,36672164.0
1895,23,42264512.0
1895,24,4570513.0
1895,25,57883439.0
1895,26,18194971.0
1896,1,5146906.0
1896,2,69503549.0
1896,3,12558572.0
1896,4,8883122.0
1896,5,16448606.0
1896,6,21681548.0
1896,7,20689010.0
1896,8,52193744.0
1896,9,41150368.0
1896,10,4928147.0
1896,11,225859177.0
1896,12,71480828.0
1896,13,13652489.0
1896,14,28854721.0
1896,15,10527254.0
1896,16,67372218.0
1896,17,20633954.0
1896,18,278421038.0
1896,19,15014523.0
1896,20,391734127.0
1896,21,39663615.0
1896,22,37101450.0
1896,23,42675942.0
1896,24,4650207.0
1896,25,58161352.0
1896,26,18125390.0
1897,1,5198771.0
1897,2,70791637.0
1897,3,12740605.0
1897,4,8965152.0
1897,5,16843659.0
1897,6,22055952.0
1897,7,20936027.0
1897,8,52360888.0
1897,9,41098990.0
1897,10,4981274.0
1897,11,227704018.0
1897,12,72083269.0
1897,13,13731844.0
1897,14,29125100.0
1897,15,10620907.0
1897,16,67986962.0
1897,17,20818834.0
1897,18,278812851.0
1897,19,15038468.0
1897,20,393693533.0
1897,21,40196204.0
1897,22,37556078.0
1897,23,43091376.0
1897,24,4731378.0
1897,25,58441074.0
1897,26,18056490.0
1898,1,5251159.0
1898,2,72103583.0
1898,3,12925274.0
1898,4,9048642.0
1898,5,17248200.0
1898,6,22439995.0
1898,7,21186094.0
1898,8,52530235.0
1898,9,41048130.0
1898,10,5034971.0
1898,11,229568352.0
1898,12,72691433.0
1898,13,13811660.0
1898,14,29398009.0
1898,15,10715392.0
1898,16,68607311.0
1898,17,21006732.0
1898,18,279205186.0
1898,19,15062486.0
1898,20,395663159.0
1898,21,40740590.0
1898,22,38013389.0
1898,23,43510855.0
1898,24,4814059.0
1898,25,58722628.0
1898,26,17988281.0
1899,1,5322809.0
1899,2,73449404.0
1899,3,13098862.0
1899,4,9150207.0
1899,5,17653222.0
1899,6,22839563.0
1899,7,21452671.0
1899,8,52710913.0
1899,9,40991045.0
1899,10,5095769.0
1899,11,231484678.0
1899,12,73304077.0
1899,13,13891939.0
1899,14,29673476.0
1899,15,10810717.0
1899,16,69233320.0
1899,17,21203188.0
1899,18,279838410.0
1899,19,15089514.0
1899,20,397680026.0
1899,21,41386212.0
1899,22,38516504.0
1899,23,43952420.0
1899,24,4897762.0
1899,25,59019998.0
1899,26,17918485.0
1900,1,5414425.0
1900,2,74844814.0
1900,3,13261087.0
1900,4,10708560.0
1900,5,18058538.0
1900,6,23272203.0
1900,7,21736988.0
1900,8,52903547.0
1900,9,41100389.0
1900,10,5163858.0
1900,11,233468626.0
1900,12,73921224.0
1900,13,13972684.0
1900,14,29951524.0
1900,15,10906888.0
1900,16,69865041.0
1900,17,21408118.0
1900,18,280714154.0
1900,19,15119554.0
1900,20,399810569.0
1900,21,42138715.0
1900,22,39021450.0
1900,23,44416502.0
1900,24,5085110.0
1900,25,59333404.0
1900,26,17859978.0
1901,1,5526732.0
1901,2,76255912.0
1901,3,13411660.0
1901,4,9432556.0
1901,5,18463951.0
1901,6,23686480.0
1901,7,22036917.0
1901,8,53112082.0
1901,9,40858428.0
1901,10,5239436.0
1901,11,235476744.0
1901,12,74548365.0
1901,13,14053897.0
1901,14,30232176.0
1901,15,11003916.0
1901,16,70502525.0
1901,17,21621464.0
1901,18,281834058.0
1901,19,15152612.0
1901,20,401862471.0
1901,21,43004051.0
1901,22,39512324.0
1901,23,44903535.0
1901,24,5068272.0
1901,25,59663079.0
1901,26,17774584.0
1902,1,5660474.0
1902,2,77698268.0
1902,3,13550290.0
1902,4,9568611.0
1902,5,18869255.0
1902,6,24134488.0
1902,7,22355391.0
1902,8,53327254.0
1902,9,40783029.0
1902,10,5322703.0
1902,11,237554242.0
1902,12,75178588.0
1902,13,14135582.0
1902,14,30515455.0
1902,15,11101803.0
1902,16,71145824.0
1902,17,21843127.0
1902,18,283199773.0
1902,19,15188689.0
1902,20,404026074.0
1902,21,43988494.0
1902,22,40008708.0
1902,23,45413962.0
1902,24,5163312.0
1902,25,60009247.0
1902,26,17700700.0
1903,1,5816421.0
1903,2,79187838.0
1903,3,13676676.0
1903,4,9747789.0
1903,5,19274237.0
1903,6,24599348.0
1903,7,22691978.0
1903,8,53559622.0
1903,9,40701646.0
1903,10,5413866.0
1903,11,239687242.0
1903,12,75812907.0
1903,13,14217741.0
1903,14,30801389.0
1903,15,11200562.0
1903,16,71794991.0
1903,17,22073036.0
1903,18,284812956.0
1903,19,15227790.0
1903,20,406237424.0
1903,21,45098671.0
1903,22,40493013.0
1903,23,45948233.0
1903,24,5243027.0
1903,25,60372138.0
1903,26,17625678.0
1904,1,5976663.0
1904,2,80705948.0
1904,3,13804239.0
1904,4,9931110.0
1904,5,19687910.0
1904,6,25075819.0
1904,7,23033673.0
1904,8,53797231.0
1904,9,40621146.0
1904,10,5506587.0
1904,11,241844374.0
1904,12,76452634.0
1904,13,14300377.0
1904,14,31090000.0
1904,15,11300198.0
1904,16,72450081.0
1904,17,22305705.0
1904,18,286435299.0
1904,19,15266989.0
1904,20,408460317.0
1904,21,46252308.0
1904,22,40964870.0
1904,23,46488789.0
1904,24,5332539.0
1904,25,60738085.0
1904,26,17551899.0
1905,1,6141319.0
1905,2,82253148.0
1905,3,13932988.0
1905,4,10118682.0
1905,5,20110461.0
1905,6,25564257.0
1905,7,23380553.0
1905,8,54040115.0
1905,9,40541523.0
1905,10,5600893.0
1905,11,244025939.0
1905,12,77097826.0
1905,13,14383492.0
1905,14,31381314.0
1905,15,11400721.0
1905,16,73111147.0
1905,17,22541174.0
1905,18,288066854.0
1905,19,15306285.0
1905,20,410695760.0
1905,21,47451458.0
1905,22,41423830.0
1905,23,47035703.0
1905,24,5423682.0
1905,25,61107121.0
1905,26,17479363.0
1906,1,6310511.0
1906,2,83829992.0
1906,3,14062935.0
1906,4,10310599.0
1906,5,20542081.0
1906,6,26065022.0
1906,7,23732698.0
1906,8,54288299.0
1906,9,40462772.0
1906,10,5696812.0
1906,11,246232250.0
1906,12,77747540.0
1906,13,14467090.0
1906,14,31675357.0
1906,15,11502135.0
1906,16,73778244.0
1906,17,22779920.0
1906,18,289707671.0
1906,19,15345678.0
1906,20,412945210.0
1906,21,48698280.0
1906,22,41869605.0
1906,23,47589051.0
1906,24,5524981.0
1906,25,61479287.0
1906,26,17408073.0
1907,1,6484363.0
1907,2,85437050.0
1907,3,14194091.0
1907,4,10506970.0
1907,5,20982964.0
1907,6,26578490.0
1907,7,24090186.0
1907,8,54541825.0
1907,9,40384892.0
1907,10,5794372.0
1907,11,248463606.0
1907,12,78404836.0
1907,13,14551173.0
1907,14,31972154.0
1907,15,11604452.0
1907,16,74451427.0
1907,17,23021552.0
1907,18,291357804.0
1907,19,15385169.0
1907,20,415209515.0
1907,21,49995008.0
1907,22,42318432.0
1907,23,48148908.0
1907,24,5610977.0
1907,25,61854622.0
1907,26,17338033.0
1908,1,6663003.0
1908,2,87074899.0
1908,3,14326467.0
1908,4,10707902.0
1908,5,21433310.0
1908,6,27105058.0
1908,7,24453103.0
1908,8,54800718.0
1908,9,40307872.0
1908,10,5893599.0
1908,11,250720323.0
1908,12,79066778.0
1908,13,14635744.0
1908,14,32271731.0
1908,15,11707677.0
1908,16,75130750.0
1908,17,23266109.0
1908,18,293017306.0
1908,19,15424758.0
1908,20,417488664.0
1908,21,51344024.0
1908,22,42769485.0
1908,23,48715351.0
1908,24,5707198.0
1908,25,62233163.0
1908,26,17269243.0
1909,1,6835990.0
1909,2,88647362.0
1909,3,14429522.0
1909,4,10912487.0
1909,5,21892657.0
1909,6,27634289.0
1909,7,24786204.0
1909,8,55069600.0
1909,9,40243337.0
1909,10,5993374.0
1909,11,252584149.0
1909,12,79576808.0
1909,13,14679982.0
1909,14,32574113.0
1909,15,11811821.0
1909,16,75816271.0
1909,17,23447846.0
1909,18,294397607.0
1909,19,15507989.0
1909,20,420234307.0
1909,21,52502881.0
1909,22,43214655.0
1909,23,49292444.0
1909,24,5806515.0
1909,25,62685345.0
1909,26,17212687.0
1910,1,7002961.0
1910,2,90169300.0
1910,3,14503032.0
1910,4,12809769.0
1910,5,22361184.0
1910,6,28184809.0
1910,7,25089655.0
1910,8,55348215.0
1910,9,40364898.0
1910,10,6093688.0
1910,11,254069739.0
1910,12,79936919.0
1910,13,14683987.0
1910,14,32879328.0
1910,15,11916889.0
1910,16,76508046.0
1910,17,23566606.0
1910,18,295496971.0
1910,19,15635728.0
1910,20,423527570.0
1910,21,53463146.0
1910,22,43654348.0
1910,23,49880362.0
1910,24,5975063.0
1910,25,63217194.0
1910,26,17182603.0
1911,1,7163537.0
1911,2,91585865.0
1911,3,14546769.0
1911,4,11363273.0
1911,5,22839075.0
1911,6,28699230.0
1911,7,25360172.0
1911,8,55639792.0
1911,9,40150531.0
1911,10,6194530.0
1911,11,255117834.0
1911,12,80139064.0
1911,13,14647858.0
1911,14,33187401.0
1911,15,12022890.0
1911,16,77177895.0
1911,17,23626319.0
1911,18,296313651.0
1911,19,15808857.0
1911,20,427123733.0
1911,21,54215555.0
1911,22,44066741.0
1911,23,50479280.0
1911,24,6023488.0
1911,25,63835184.0
1911,26,17135807.0
1912,1,7317326.0
1912,2,92946603.0
1912,3,14560504.0
1912,4,11549306.0
1912,5,23326514.0
1912,6,29234107.0
1912,7,25599614.0
1912,8,55933571.0
1912,9,40122682.0
1912,10,6295888.0
1912,11,255779915.0
1912,12,80187157.0
1912,13,14571689.0
1912,14,33498360.0
1912,15,12129834.0
1912,16,77882093.0
1912,17,23625710.0
1912,18,296845891.0
1912,19,16028271.0
1912,20,431321772.0
1912,21,54751133.0
1912,22,44500063.0
1912,23,51089380.0
1912,24,6123930.0
1912,25,64546266.0
1912,26,17115249.0
1913,1,7463921.0
1913,2,94231351.0
1913,3,14544007.0
1913,4,11769661.0
1913,5,23823693.0
1913,6,29769989.0
1913,7,25806389.0
1913,8,56239794.0
1913,9,40106812.0
1913,10,6397751.0
1913,11,256033538.0
1913,12,80093077.0
1913,13,14455574.0
1913,14,33812230.0
1913,15,12237729.0
1913,16,78592714.0
1913,17,23563940.0
1913,18,297091925.0
1913,19,16294880.0
1913,20,436014976.0
1913,21,55060201.0
1913,22,44928668.0
1913,23,51710843.0
1913,24,6236535.0
1913,25,65357905.0
1913,26,17106462.0
1914,1,7613451.0
1914,2,95533839.0
1914,3,14527526.0
1914,4,11995305.0
1914,5,24331468.0
1914,6,30317198.0
1914,7,26015074.0
1914,8,56550154.0
1914,9,40091171.0
1914,10,6501260.0
1914,11,256293649.0
1914,12,80007104.0
1914,13,14340384.0
1914,14,34129041.0
1914,15,12346583.0
1914,16,79309818.0
1914,17,23505515.0
1914,18,297338132.0
1914,19,16565939.0
1914,20,440748436.0
1914,21,55376846.0
1914,22,45360993.0
1914,23,52339865.0
1914,24,6351376.0
1914,25,66208142.0
1914,26,17098353.0
1915,1,7765975.0
1915,2,96854312.0
1915,3,14511060.0
1915,4,12226372.0
1915,5,24850065.0
1915,6,30875997.0
1915,7,26225693.0
1915,8,56864688.0
1915,9,40075763.0
1915,10,6606440.0
1915,11,256560274.0
1915,12,79872112.0
1915,13,14226111.0
1915,14,34448819.0
1915,15,12456402.0
1915,16,80033464.0
1915,17,23450386.0
1915,18,297584511.0
1915,19,16841524.0
1915,20,445518950.0
1915,21,55701164.0
1915,22,45799894.0
1915,23,52976538.0
1915,24,6468490.0
1915,25,67099638.0
1915,26,17090932.0
1916,1,7921554.0
1916,2,98193018.0
1916,3,14494609.0
1916,4,12463008.0
1916,5,25379715.0
1916,6,31446650.0
1916,7,26438259.0
1916,8,57183431.0
1916,9,40060581.0
1916,10,6713319.0
1916,11,256833450.0
1916,12,79679979.0
1916,13,14112748.0
1916,14,34771591.0
1916,15,12567199.0
1916,16,80763713.0
1916,17,23398498.0
1916,18,297831063.0
1916,19,17121709.0
1916,20,450334546.0
1916,21,56033252.0
1916,22,46178853.0
1916,23,53620954.0
1916,24,6596728.0
1916,25,68035262.0
1916,26,17084206.0
1917,1,8080249.0
1917,2,99550208.0
1917,3,14478175.0
1917,4,12705356.0
1917,5,25920654.0
1917,6,32029433.0
1917,7,26652799.0
1917,8,57506412.0
1917,9,40045640.0
1917,10,6821924.0
1917,11,257113208.0
1917,12,79467590.0
1917,13,14000287.0
1917,14,35097386.0
1917,15,12678978.0
1917,16,81500621.0
1917,17,23353454.0
1917,18,298077789.0
1917,19,17406573.0
1917,20,455203565.0
1917,21,56373204.0
1917,22,46458369.0
1917,23,54273209.0
1917,24,6709733.0
1917,25,69018086.0
1917,26,17078182.0
1918,1,8245222.0
1918,2,100970120.0
1918,3,14468493.0
1918,4,12944409.0
1918,5,26470416.0
1918,6,32611683.0
1918,7,26873426.0
1918,8,57778077.0
1918,9,40058791.0
1918,10,6927689.0
1918,11,257390217.0
1918,12,79249745.0
1918,13,13891763.0
1918,14,35419462.0
1918,15,12795329.0
1918,16,82252912.0
1918,17,23323753.0
1918,18,298421342.0
1918,19,17686435.0
1918,20,460228055.0
1918,21,56764761.0
1918,22,46817392.0
1918,23,54927094.0
1918,24,6834860.0
1918,25,70146586.0
1918,26,17075481.0
1919,1,8408944.0
1919,2,102419259.0
1919,3,14502107.0
1919,4,13186392.0
1919,5,27027899.0
1919,6,33216421.0
1919,7,27111481.0
1919,8,58169539.0
1919,9,40120820.0
1919,10,7042968.0
1919,11,257921097.0
1919,12,79272048.0
1919,13,13825326.0
1919,14,35744492.0
1919,15,12912747.0
1919,16,83012148.0
1919,17,23402605.0
1919,18,299273541.0
1919,19,17972464.0
1919,20,464614350.0
1919,21,57188796.0
1919,22,47276971.0
1919,23,55611871.0
1919,24,6960855.0
1919,25,71067197.0
1919,26,17127830.0
1920,1,8571309.0
1920,2,103917118.0
1920,3,14579605.0
1920,4,15352638.0
1920,5,27593186.0
1920,6,33865218.0
1920,7,27368942.0
1920,8,58682695.0
1920,9,40405640.0
1920,10,7168076.0
1920,11,258728361.0
1920,12,79631150.0
1920,13,13800950.0
1920,14,36072506.0
1920,15,13031242.0
1920,16,83778389.0
1920,17,23591256.0
1920,18,300639878.0
1920,19,18264787.0
1920,20,468425876.0
1920,21,57646366.0
1920,22,47858833.0
1920,23,56328237.0
1920,24,7156858.0
1920,25,71777734.0
1920,26,17252117.0
1921,1,8732206.0
1921,2,105407425.0
1921,3,14701588.0
1921,4,13709513.0
1921,5,28166360.0
1921,6,34496227.0
1921,7,27640914.0
1921,8,59323189.0
1921,9,40394135.0
1921,10,7303334.0
1921,11,259750130.0
1921,12,80157751.0
1921,13,13818615.0
1921,14,36403528.0
1921,15,13150826.0
1921,16,84551704.0
1921,17,23886760.0
1921,18,302525896.0
1921,19,18563532.0
1921,20,471417665.0
1921,21,58138554.0
1921,22,48435568.0
1921,23,57076902.0
1921,24,7225319.0
1921,25,72275019.0
1921,26,17400640.0
1922,1,8891519.0
1922,2,106947578.0
1922,3,14868662.0
1922,4,13929822.0
1922,5,28747505.0
1922,6,35172787.0
1922,7,27932820.0
1922,8,60081885.0
1922,9,40606774.0
1922,10,7449070.0
1922,11,261051161.0
1922,12,80971610.0
1922,13,13878301.0
1922,14,36737589.0
1922,15,13271504.0
1922,16,85332158.0
1922,17,24291360.0
1922,18,304937193.0
1922,19,18868832.0
1922,20,473833142.0
1922,21,58666475.0
1922,22,49008963.0
1922,23,57858589.0
1922,24,7344971.0
1922,25,72554864.0
1922,26,17622605.0
1923,1,9049130.0
1923,2,108519213.0
1923,3,15081445.0
1923,4,14183420.0
1923,5,29336703.0
1923,6,35874818.0
1923,7,28243212.0
1923,8,60971887.0
1923,9,40870977.0
1923,10,7605625.0
1923,11,262611810.0
1923,12,81960560.0
1923,13,13979991.0
1923,14,37074716.0
1923,15,13393292.0
1923,16,86119814.0
1923,17,24806605.0
1923,18,307879422.0
1923,19,19180818.0
1923,20,475588457.0
1923,21,59231279.0
1923,22,49596381.0
1923,23,58674033.0
1923,24,7475350.0
1923,25,72612007.0
1923,26,17902634.0
1924,1,9209535.0
1924,2,110113945.0
1924,3,15297272.0
1924,4,14442664.0
1924,5,29937978.0
1924,6,36593059.0
1924,7,28557052.0
1924,8,61875172.0
1924,9,41138891.0
1924,10,7765470.0
1924,11,264186454.0
1924,12,82957879.0
1924,13,14082427.0
1924,14,37414935.0
1924,15,13516196.0
1924,16,86914744.0
1924,17,25336716.0
1924,18,310850039.0
1924,19,19497964.0
1924,20,477359280.0
1924,21,59810855.0
1924,22,50192344.0
1924,23,59500970.0
1924,24,7608680.0
1924,25,72704902.0
1924,26,18187195.0
1925,1,9372783.0
1925,2,111732111.0
1925,3,15516188.0
1925,4,14707699.0
1925,5,30551576.0
1925,6,37327910.0
1925,7,28874380.0
1925,8,62791934.0
1925,9,41410578.0
1925,10,7928675.0
1925,11,265775210.0
1925,12,83980780.0
1925,13,14185613.0
1925,14,37758278.0
1925,15,13640229.0
1925,16,87717009.0
1925,17,25881325.0
1925,18,313849318.0
1925,19,19820352.0
1925,20,479130551.0
1925,21,60405509.0
1925,22,50796557.0
1925,23,60339562.0
1925,24,7745000.0
1925,25,72832264.0
1925,26,18476359.0
1926,1,9538925.0
1926,2,113374057.0
1926,3,15738237.0
1926,4,14978669.0
1926,5,31177749.0
1926,6,38079800.0
1926,7,29195233.0
1926,8,63722376.0
1926,9,41686087.0
1926,10,8095309.0
1926,11,267378204.0
1926,12,84998469.0
1926,13,14289555.0
1926,14,38104770.0
1926,15,13765400.0
1926,16,88526681.0
1926,17,26440880.0
1926,18,316877536.0
1926,19,20148071.0
1926,20,480911470.0
1926,21,61015556.0
1926,22,51409902.0
1926,23,61189973.0
1926,24,7930353.0
1926,25,72992889.0
1926,26,18770205.0
1927,1,9708012.0
1927,2,115040131.0
1927,3,15963464.0
1927,4,15255737.0
1927,5,31816757.0
1927,6,38849156.0
1927,7,29519652.0
1927,8,64666698.0
1927,9,41965482.0
1927,10,8265446.0
1927,11,268995565.0
1927,12,86010170.0
1927,13,14394259.0
1927,14,38454443.0
1927,15,13891720.0
1927,16,89343825.0
1927,17,27015842.0
1927,18,319934973.0
1927,19,20481211.0
1927,20,482859223.0
1927,21,61641318.0
1927,22,52031792.0
1927,23,62052369.0
1927,24,8026779.0
1927,25,73185642.0
1927,26,19068809.0
1928,1,9880096.0
1928,2,116730690.0
1928,3,16191914.0
1928,4,15539043.0
1928,5,32468862.0
1928,6,39636423.0
1928,7,29847677.0
1928,8,65625118.0
1928,9,42248820.0
1928,10,8439158.0
1928,11,270627415.0
1928,12,87036098.0
1928,13,14499730.0
1928,14,38807325.0
1928,15,14019200.0
1928,16,90168511.0
1928,17,27606696.0
1928,18,323021910.0
1928,19,20819858.0
1928,20,484516436.0
1928,21,62283121.0
1928,22,52663109.0
1928,23,62926919.0
1928,24,8172325.0
1928,25,73409467.0
1928,26,19372252.0
1929,1,10041248.0
1929,2,118261782.0
1929,3,16433663.0
1929,4,15827531.0
1929,5,33134257.0
1929,6,40408576.0
1929,7,30207382.0
1929,8,66584150.0
1929,9,42529200.0
1929,10,8615057.0
1929,11,272260733.0
1929,12,87998418.0
1929,13,14637000.0
1929,14,39163443.0
1929,15,14147848.0
1929,16,91000811.0
1929,17,28164162.0
1929,18,326429031.0
1929,19,21151424.0
1929,20,486582244.0
1929,21,62998662.0
1929,22,53308616.0
1929,23,63798063.0
1929,24,8303514.0
1929,25,73824901.0
1929,26,19676717.0
1930,1,10191122.0
1930,2,119653245.0
1930,3,16689077.0
1930,4,18289285.0
1930,5,33813213.0
1930,6,41187331.0
1930,7,30603025.0
1930,8,67543611.0
1930,9,43001903.0
1930,10,8793161.0
1930,11,273919500.0
1930,12,88900703.0
1930,13,14806857.0
1930,14,39522832.0
1930,15,14277677.0
1930,16,91840792.0
1930,17,28686536.0
1930,18,330163509.0
1930,19,21475644.0
1930,20,488892366.0
1930,21,63788453.0
1930,22,54015000.0
1930,23,64665549.0
1930,24,8492402.0
1930,25,74429753.0
1930,26,20000336.0
1931,1,10329362.0
1931,2,120830953.0
1931,3,16958527.0
1931,4,16447911.0
1931,5,34506006.0
1931,6,41902638.0
1931,7,31025120.0
1931,8,68507528.0
1931,9,43080495.0
1931,10,8973484.0
1931,11,275531216.0
1931,12,89744494.0
1931,13,15010104.0
1931,14,39885517.0
1931,15,14408698.0
1931,16,92688528.0
1931,17,29173707.0
1931,18,334232641.0
1931,19,21792247.0
1931,20,491458922.0
1931,21,64653014.0
1931,22,54780225.0
1931,23,65529121.0
1931,24,8561507.0
1931,25,75222118.0
1931,26,20288564.0
1932,1,10455609.0
1932,2,121861566.0
1932,3,17242393.0
1932,4,16723699.0
1932,5,35212919.0
1932,6,42621973.0
1932,7,31484836.0
1932,8,69463106.0
1932,9,43351112.0
1932,10,9156043.0
1932,11,277168104.0
1932,12,90518311.0
1932,13,15247560.0
1932,14,40251531.0
1932,15,14540921.0
1932,16,93544089.0
1932,17,29627710.0
1932,18,338643856.0
1932,19,22100953.0
1932,20,494265415.0
1932,21,65592879.0
1932,22,55604618.0
1932,23,66388515.0
1932,24,8607611.0
1932,25,76200371.0
1932,26,20595867.0
1933,1,10569491.0
1933,2,122717780.0
1933,3,17541066.0
1933,4,17032485.0
1933,5,35934239.0
1933,6,43321034.0
1933,7,31979607.0
1933,8,70422757.0
1933,9,43618181.0
1933,10,9340853.0
1933,11,278805893.0
1933,12,91219646.0
1933,13,15520060.0
1933,14,40620902.0
1933,15,14674358.0
1933,16,94407547.0
1933,17,30046876.0
1933,18,343404711.0
1933,19,22401478.0
1933,20,497318841.0
1933,21,66608583.0
1933,22,56444780.0
1933,23,67243463.0
1933,24,8677959.0
1933,25,77363159.0
1933,26,20904032.0
1934,1,10684614.0
1934,2,123580010.0
1934,3,17844913.0
1934,4,17347414.0
1934,5,36670335.0
1934,6,44031886.0
1934,7,32482279.0
1934,8,71395777.0
1934,9,43888498.0
1934,10,9529394.0
1934,11,280457604.0
1934,12,91922019.0
1934,13,15797430.0
1934,14,40993665.0
1934,15,14809018.0
1934,16,95278975.0
1934,17,30481404.0
1934,18,348232496.0
1934,19,22706212.0
1934,20,500376893.0
1934,21,67643329.0
1934,22,57298952.0
1934,23,68109421.0
1934,24,8749680.0
1934,25,78547851.0
1934,26,21216912.0
1935,1,10800991.0
1935,2,124448298.0
1935,3,18154022.0
1935,4,17668622.0
1935,5,37421510.0
1935,6,44754732.0
1935,7,32992982.0
1935,8,72382353.0
1935,9,44162112.0
1935,10,9721741.0
1935,11,282123354.0
1935,12,92623529.0
1935,13,16079757.0
1935,14,41369847.0
1935,15,14944916.0
1935,16,96158446.0
1935,17,30921066.0
1935,18,353128154.0
1935,19,23015215.0
1935,20,503452513.0
1935,21,68697500.0
1935,22,58168979.0
1935,23,68986531.0
1935,24,8822737.0
1935,25,79754862.0
1935,26,21534580.0
1936,1,10918635.0
1936,2,125322686.0
1936,3,18468486.0
1936,4,17996241.0
1936,5,38188072.0
1936,6,45489783.0
1936,7,33511847.0
1936,8,73382678.0
1936,9,44439070.0
1936,10,9917969.0
1936,11,283803269.0
1936,12,93325266.0
1936,13,16367129.0
1936,14,41749483.0
1936,15,15082058.0
1936,16,97046036.0
1936,17,31362967.0
1936,18,358092638.0
1936,19,23328548.0
1936,20,506641852.0
1936,21,69771502.0
1936,22,59055542.0
1936,23,69874936.0
1936,24,8953092.0
1936,25,80984623.0
1936,26,21857114.0
1937,1,11037560.0
1937,2,126203219.0
1937,3,18788397.0
1937,4,18330407.0
1937,5,38970337.0
1937,6,46237248.0
1937,7,34039006.0
1937,8,74396942.0
1937,9,44719410.0
1937,10,10118159.0
1937,11,285497474.0
1937,12,94030321.0
1937,13,16659638.0
1937,14,42132602.0
1937,15,15220460.0
1937,16,97941818.0
1937,17,31802476.0
1937,18,363126915.0
1937,19,23646275.0
1937,20,510084521.0
1937,21,70865743.0
1937,22,59958441.0
1937,23,70774782.0
1937,24,8972719.0
1937,25,82237567.0
1937,26,22184587.0
1938,1,11157781.0
1938,2,127089938.0
1938,3,19113850.0
1938,4,18671266.0
1938,5,39768626.0
1938,6,46997343.0
1938,7,34574594.0
1938,8,75425342.0
1938,9,45003181.0
1938,10,10322389.0
1938,11,287206095.0
1938,12,94714795.0
1938,13,16957374.0
1938,14,42519235.0
1938,15,15360134.0
1938,16,98845871.0
1938,17,32252676.0
1938,18,368231967.0
1938,19,23968457.0
1938,20,513293338.0
1938,21,71980643.0
1938,22,60878656.0
1938,23,71686216.0
1938,24,9049584.0
1938,25,83514140.0
1938,26,22517078.0
1939,1,11296195.0
1939,2,128160070.0
1939,3,19510841.0
1939,4,19065000.0
1939,5,40633684.0
1939,6,47805405.0
1939,7,35152916.0
1939,8,76522868.0
1939,9,45307958.0
1939,10,10528607.0
1939,11,288808464.0
1939,12,95455443.0
1939,13,17257852.0
1939,14,42909417.0
1939,15,15501087.0
1939,16,99758265.0
1939,17,32712661.0
1939,18,371781679.0
1939,19,24348107.0
1939,20,516542871.0
1939,21,73249988.0
1939,22,61815120.0
1939,23,72625078.0
1939,24,9139888.0
1939,25,84817312.0
1939,26,22869463.0
1940,1,11453308.0
1940,2,129443388.0
1940,3,19982850.0
1940,4,21859364.0
1940,5,41568218.0
1940,6,48688490.0
1940,7,35782439.0
1940,8,77691515.0
1940,9,45852998.0
1940,10,10736810.0
1940,11,290331244.0
1940,12,95837623.0
1940,13,17561075.0
1940,14,43303180.0
1940,15,15643335.0
1940,16,100679083.0
1940,17,33182601.0
1940,18,373766276.0
1940,19,24787461.0
1940,20,520011046.0
1940,21,74679760.0
1940,22,62796712.0
1940,23,73591941.0
1940,24,9319999.0
1940,25,86148541.0
1940,26,23262734.0
1941,1,11629639.0
1941,2,130865641.0
1941,3,20533490.0
1941,4,19828785.0
1941,5,42575027.0
1941,6,49572799.0
1941,7,36444149.0
1941,8,78933311.0
1941,9,45982811.0
1941,10,10946998.0
1941,11,291690822.0
1941,12,95952632.0
1941,13,17867048.0
1941,14,43700556.0
1941,15,15786886.0
1941,16,101608401.0
1941,17,33655972.0
1941,18,374175756.0
1941,19,25288828.0
1941,20,522592337.0
1941,21,76276153.0
1941,22,63823259.0
1941,23,74587386.0
1941,24,9361849.0
1941,25,87509378.0
1941,26,23636132.0
1942,1,11825718.0
1942,2,132508765.0
1942,3,21166520.0
1942,4,20262772.0
1942,5,43657003.0
1942,6,50535956.0
1942,7,37160376.0
1942,8,80250344.0
1942,9,46354060.0
1942,10,11159168.0
1942,11,292968978.0
1942,12,95842738.0
1942,13,18175775.0
1942,14,44101579.0
1942,15,15931757.0
1942,16,102546296.0
1942,17,34139230.0
1942,18,372999886.0
1942,19,25854590.0
1942,20,525480441.0
1942,21,78045589.0
1942,22,64796230.0
1942,23,75612006.0
1942,24,9494059.0
1942,25,88901469.0
1942,26,24051544.0
1943,1,12042086.0
1943,2,134350677.0
1943,3,21885841.0
1943,4,20729199.0
1943,5,44817135.0
1943,6,51554738.0
1943,7,37925975.0
1943,8,81644738.0
1943,9,46748661.0
1943,10,11373317.0
1943,11,294137211.0
1943,12,95609145.0
1943,13,18487257.0
1943,14,44506282.0
1943,15,16077956.0
1943,16,103492849.0
1943,17,34634574.0
1943,18,370228201.0
1943,19,26487206.0
1943,20,528308047.0
1943,21,79994721.0
1943,22,65510526.0
1943,23,76666406.0
1943,24,9640790.0
1943,25,90326555.0
1943,26,24489123.0
1944,1,12262412.0
1944,2,136218191.0
1944,3,22629608.0
1944,4,21193986.0
1944,5,46008096.0
1944,6,52596096.0
1944,7,38708566.0
1944,8,83063883.0
1944,9,47149695.0
1944,10,11591575.0
1944,11,295315383.0
1944,12,95482370.0
1944,13,18804078.0
1944,14,44914698.0
1944,15,16225497.0
1944,16,104448139.0
1944,17,35143873.0
1944,18,367477113.0
1944,19,27136268.0
1944,20,531097414.0
1944,21,81997084.0
1944,22,65818895.0
1944,23,77735509.0
1944,24,9790122.0
1944,25,91783975.0
1944,26,24934665.0
1945,1,12486770.0
1945,2,138111665.0
1945,3,23398651.0
1945,4,21677556.0
1945,5,47230706.0
1945,6,53660560.0
1945,7,39508549.0
1945,8,84508211.0
1945,9,47557281.0
1945,10,11814022.0
1945,11,296503566.0
1945,12,94879281.0
1945,13,19126328.0
1945,14,45326864.0
1945,15,16374393.0
1945,16,105412247.0
1945,17,35666398.0
1945,18,364746467.0
1945,19,27802222.0
1945,20,533851209.0
1945,21,84054289.0
1945,22,66118719.0
1945,23,78819521.0
1945,24,9956073.0
1945,25,93274689.0
1945,26,25388321.0
1946,1,12715233.0
1946,2,140031458.0
1946,3,24193829.0
1946,4,22180031.0
1946,5,48485805.0
1946,6,54748665.0
1946,7,40326337.0
1946,8,85983175.0
1946,9,47971526.0
1946,10,12040737.0
1946,11,297701851.0
1946,12,93535753.0
1946,13,19454100.0
1946,14,45742810.0
1946,15,16524654.0
1946,16,106385254.0
1946,17,36196815.0
1946,18,362036112.0
1946,19,28485527.0
1946,20,536624024.0
1946,21,86168006.0
1946,22,66645619.0
1946,23,79918650.0
1946,24,10151663.0
1946,25,94799695.0
1946,26,25850233.0
1947,1,12947875.0
1947,2,141977937.0
1947,3,25016030.0
1947,4,22682252.0
1947,5,49774257.0
1947,6,55860969.0
1947,7,41162349.0
1947,8,87474223.0
1947,9,48392549.0
1947,10,12271803.0
1947,11,298910315.0
1947,12,92617669.0
1947,13,19787490.0
1947,14,46162574.0
1947,15,16676294.0
1947,16,107367242.0
1947,17,36734656.0
1947,18,359345897.0
1947,19,29186654.0
1947,20,539543882.0
1947,21,88339952.0
1947,22,67579728.0
1947,23,81033105.0
1947,24,10253918.0
1947,25,96360039.0
1947,26,26320555.0
1948,1,13184774.0
1948,2,143951473.0
1948,3,25866173.0
1948,4,23204072.0
1948,5,51096948.0
1948,6,56998041.0
1948,7,42017016.0
1948,8,88996825.0
1948,9,48820466.0
1948,10,12507304.0
1948,11,300129046.0
1948,12,92534278.0
1948,13,20126593.0
1948,14,46586189.0
1948,15,16829326.0
1948,16,108358294.0
1948,17,37279487.0
1948,18,356675672.0
1948,19,29906091.0
1948,20,542688377.0
1948,21,90571917.0
1948,22,68683101.0
1948,23,82163102.0
1948,24,10413862.0
1948,25,97956803.0
1948,26,26799439.0
1949,1,13449459.0
1949,2,146051521.0
1949,3,26727593.0
1949,4,23750163.0
1949,5,52489682.0
1949,6,58223066.0
1949,7,42913516.0
1949,8,90634305.0
1949,9,49373777.0
1949,10,12764367.0
1949,11,301526797.0
1949,12,92673568.0
1949,13,20522505.0
1949,14,47058307.0
1949,15,17067546.0
1949,16,109383190.0
1949,17,37929647.0
1949,18,355893489.0
1949,19,30580381.0
1949,20,547710358.0
1949,21,92868147.0
1949,22,69890797.0
1949,23,83270008.0
1949,24,10592342.0
1949,25,99669761.0
1949,26,27315322.0
1950,1,13741740.0
1950,2,154267986.0
1950,3,27587941.0
1950,4,27356978.0
1950,5,53408551.0
1950,6,59564655.0
1950,7,43855496.0
1950,8,92625730.0
1950,9,50307260.0
1950,10,13038501.0
1950,11,305061917.0
1950,12,93003972.0
1950,13,21021142.0
1950,14,46966848.0
1950,15,17575691.0
1950,16,111404686.0
1950,17,36945173.0
1950,18,346278818.0
1950,19,30874053.0
1950,20,554597597.0
1950,21,95750282.0
1950,22,70342472.0
1950,23,86443278.0
1950,24,10971085.0
1950,25,101284406.0
1950,26,27952533.0
1951,1,14083298.0
1951,2,156547191.0
1951,3,28320487.0
1951,4,27964644.0
1951,5,55018849.0
1951,6,61013248.0
1951,7,44876802.0
1951,8,94396483.0
1951,9,51470466.0
1951,10,13309025.0
1951,11,306719718.0
1951,12,94247715.0
1951,13,21643878.0
1951,14,47569929.0
1951,15,18075857.0
1951,16,112990341.0
1951,17,37838170.0
1951,18,353870058.0
1951,19,30452566.0
1951,20,564684998.0
1951,21,98199852.0
1951,22,71861241.0
1951,23,87849929.0
1951,24,11271948.0
1951,25,103262903.0
1951,26,28507335.0
1952,1,14482799.0
1952,2,158860724.0
1952,3,29090173.0
1952,4,28586384.0
1952,5,56694872.0
1952,6,62512301.0
1952,7,45957268.0
1952,8,96218830.0
1952,9,52687863.0
1952,10,13595546.0
1952,11,308321230.0
1952,12,95488853.0
1952,13,22290093.0
1952,14,48191111.0
1952,15,18586047.0
1952,16,114614287.0
1952,17,38784606.0
1952,18,361874906.0
1952,19,30483519.0
1952,20,576452746.0
1952,21,100788042.0
1952,22,73485984.0
1952,23,89135133.0
1952,24,11550603.0
1952,25,105373133.0
1952,26,29083236.0
1953,1,14897877.0
1953,2,161235532.0
1953,3,29899242.0
1953,4,29223760.0
1953,5,58433756.0
1953,6,64051689.0
1953,7,47094057.0
1953,8,98073831.0
1953,9,53945809.0
1953,10,13892917.0
1953,11,310230616.0
1953,12,96762819.0
1953,13,22958552.0
1953,14,48826238.0
1953,15,19109871.0
1953,16,116291843.0
1953,17,39774369.0
1953,18,370104570.0
1953,19,30952743.0
1953,20,589292726.0
1953,21,103534021.0
1953,22,75219381.0
1953,23,90324185.0
1953,24,11807194.0
1953,25,107573966.0
1953,26,29681815.0
1954,1,15318987.0
1954,2,163704308.0
1954,3,30753012.0
1954,4,29879230.0
1954,5,60235125.0
1954,6,65630494.0
1954,7,48266538.0
1954,8,99981571.0
1954,9,55253895.0
1954,10,14203781.0
1954,11,312237118.0
1954,12,98070186.0
1954,13,23636110.0
1954,14,49490453.0
1954,15,19652049.0
1954,16,118066658.0
1954,17,40802630.0
1954,18,378687141.0
1954,19,31658384.0
1954,20,602282148.0
1954,21,106432163.0
1954,22,77060872.0
1954,23,91407673.0
1954,24,12060303.0
1954,25,109889514.0
1954,26,30303621.0
1955,1,15728281.0
1955,2,166268911.0
1955,3,31650600.0
1955,4,30554131.0
1955,5,62101393.0
1955,6,67249999.0
1955,7,49467547.0
1955,8,101964633.0
1955,9,56623980.0
1955,10,14533371.0
1955,11,314205888.0
1955,12,99386100.0
1955,13,24310513.0
1955,14,50195957.0
1955,15,20220494.0
1955,16,119940628.0
1955,17,41876690.0
1955,18,387700892.0
1955,19,32528430.0
1955,20,616173490.0
1955,21,109506867.0
1955,22,79012725.0
1955,23,92425476.0
1955,24,12334430.0
1955,25,112350426.0
1955,26,30952136.0
1956,1,16159621.0
1956,2,168894780.0
1956,3,32587939.0
1956,4,31248789.0
1956,5,64033997.0
1956,6,68915206.0
1956,7,50691149.0
1956,8,104020179.0
1956,9,58053708.0
1956,10,14880686.0
1956,11,316193590.0
1956,12,100614264.0
1956,13,25057603.0
1956,14,50933265.0
1956,15,20821030.0
1956,16,121880897.0
1956,17,43002364.0
1956,18,396988905.0
1956,19,33474827.0
1956,20,629679226.0
1956,21,112701188.0
1956,22,81070003.0
1956,23,93342005.0
1956,24,12624486.0
1956,25,114941321.0
1956,26,31629830.0
1957,1,16641329.0
1957,2,171570057.0
1957,3,33562718.0
1957,4,31964307.0
1957,5,66031498.0
1957,6,70629412.0
1957,7,51921862.0
1957,8,106146661.0
1957,9,59480895.0
1957,10,15244838.0
1957,11,318397336.0
1957,12,101843779.0
1957,13,25880920.0
1957,14,51698108.0
1957,15,21456992.0
1957,16,123910882.0
1957,17,44149727.0
1957,18,406253895.0
1957,19,34515474.0
1957,20,644005366.0
1957,21,116064247.0
1957,22,83228354.0
1957,23,94108980.0
1957,24,12914039.0
1957,25,117668240.0
1957,26,32339085.0
1958,1,17104091.0
1958,2,174287230.0
1958,3,34575074.0
1958,4,32700140.0
1958,5,68092148.0
1958,6,72386004.0
1958,7,53150574.0
1958,8,108312889.0
1958,9,60885726.0
1958,10,15620420.0
1958,11,320856119.0
1958,12,103128491.0
1958,13,26704966.0
1958,14,52515728.0
1958,15,22129507.0
1958,16,125993987.0
1958,17,45319098.0
1958,18,415777436.0
1958,19,35637678.0
1958,20,658414120.0
1958,21,119545638.0
1958,22,85481734.0
1958,23,94846958.0
1958,24,13201953.0
1958,25,120493409.0
1958,26,33077298.0
1959,1,17515522.0
1959,2,177218870.0
1959,3,35627261.0
1959,4,33461427.0
1959,5,70214470.0
1959,6,74193819.0
1959,7,54416455.0
1959,8,110572034.0
1959,9,62426082.0
1959,10,16014970.0
1959,11,323321692.0
1959,12,104327279.0
1959,13,27526336.0
1959,14,53332956.0
1959,15,22845662.0
1959,16,127939429.0
1959,17,46575921.0
1959,18,425780669.0
1959,19,36751226.0
1959,20,667452793.0
1959,21,123121288.0
1959,22,87834371.0
1959,23,95622973.0
1959,24,13492128.0
1959,25,123482174.0
1959,26,33847839.0
1960,1,17898793.0
1960,2,180349115.0
1960,3,36724614.0
1960,4,34263317.0
1960,5,72388124.0
1960,6,76053012.0
1960,7,55736875.0
1960,8,112969280.0
1960,9,64122414.0
1960,10,16440175.0
1960,11,325761661.0
1960,12,105454418.0
1960,13,28329895.0
1960,14,54108274.0
1960,15,23610222.0
1960,16,129834364.0
1960,17,47921022.0
1960,18,435990342.0
1960,19,37838338.0
1960,20,670094119.0
1960,21,126709334.0
1960,22,90291189.0
1960,23,96399755.0
1960,24,13789279.0
1960,25,126673374.0
1960,26,34659658.0
1961,1,18263078.0
1961,2,183565816.0
1961,3,37890125.0
1961,4,35102311.0
1961,5,74605442.0
1961,6,77957939.0
1961,7,57065604.0
1961,8,115443294.0
1961,9,65902832.0
1961,10,16908039.0
1961,11,328297223.0
1961,12,106519472.0
1961,13,29119235.0
1961,14,54864089.0
1961,15,24425695.0
1961,16,131769807.0
1961,17,49348728.0
1961,18,446564731.0
1961,19,38843676.0
1961,20,671486277.0
1961,21,130206315.0
1961,22,92837385.0
1961,23,97217594.0
1961,24,14090423.0
1961,25,129987555.0
1961,26,35501000.0
1962,1,18613597.0
1962,2,186802510.0
1962,3,39129204.0
1962,4,35960335.0
1962,5,76865322.0
1962,6,79908847.0
1962,7,58417250.0
1962,8,118005454.0
1962,9,67760253.0
1962,10,17418522.0
1962,11,331058307.0
1962,12,107470302.0
1962,13,29916149.0
1962,14,55577664.0
1962,15,25284860.0
1962,16,133548523.0
1962,17,50888656.0
1962,18,457283091.0
1962,19,39772121.0
1962,20,681048722.0
1962,21,133796220.0
1962,22,95469774.0
1962,23,98076405.0
1962,24,14384538.0
1962,25,133440031.0
1962,26,36365627.0
1963,1,18964258.0
1963,2,189905416.0
1963,3,40424068.0
1963,4,36832215.0
1963,5,79164237.0
1963,6,81901343.0
1963,7,59806991.0
1963,8,120672457.0
1963,9,69681294.0
1963,10,17954560.0
1963,11,333907365.0
1963,12,108364367.0
1963,13,30726846.0
1963,14,56251864.0
1963,15,26164965.0
1963,16,135160621.0
1963,17,52523123.0
1963,18,468138576.0
1963,19,40712606.0
1963,20,700754481.0
1963,21,137539067.0
1963,22,98192806.0
1963,23,98958230.0
1963,24,14678539.0
1963,25,137024938.0
1963,26,37263627.0
1964,1,19321670.0
1964,2,192901656.0
1964,3,41772051.0
1964,4,37721878.0
1964,5,81488598.0
1964,6,83924452.0
1964,7,61221860.0
1964,8,123416216.0
1964,9,71717676.0
1964,10,18511367.0
1964,11,336742336.0
1964,12,109254572.0
1964,13,31543074.0
1964,14,56884239.0
1964,15,27051346.0
1964,16,136612275.0
1964,17,54226355.0
1964,18,479229599.0
1964,19,41634754.0
1964,20,721966896.0
1964,21,141337556.0
1964,22,101022090.0
1964,23,99890175.0
1964,24,14979390.0
1964,25,140746146.0
1964,26,38197553.0
1965,1,19685517.0
1965,2,195737975.0
1965,3,43174476.0
1965,4,38627126.0
1965,5,83817586.0
1965,6,85969786.0
1965,7,62643282.0
1965,8,126259533.0
1965,9,73849460.0
1965,10,19089382.0
1965,11,339563660.0
1965,12,110092108.0
1965,13,32345213.0
1965,14,57452806.0
1965,15,27938864.0
1965,16,137877483.0
1965,17,56004321.0
1965,18,490140142.0
1965,19,42503718.0
1965,20,741792792.0
1965,21,145177390.0
1965,22,103600961.0
1965,23,100916018.0
1965,24,15292181.0
1965,25,144603242.0
1965,26,39162087.0
1966,1,20053667.0
1966,2,198351593.0
1966,3,44629105.0
1966,4,39543044.0
1966,5,86139356.0
1966,6,88035625.0
1966,7,64141577.0
1966,8,129212111.0
1966,9,76013148.0
1966,10,19690084.0
1966,11,342284239.0
1966,12,110900530.0
1966,13,33177679.0
1966,14,57996160.0
1966,15,28824851.0
1966,16,139034725.0
1966,17,57846831.0
1966,18,500740250.0
1966,19,43415040.0
1966,20,761381930.0
1966,21,149032265.0
1966,22,106078543.0
1966,23,101887833.0
1966,24,15608810.0
1966,25,148585876.0
1966,26,40159180.0
1967,1,20408776.0
1967,2,200788058.0
1967,3,46129602.0
1967,4,40467511.0
1967,5,88446119.0
1967,6,90124432.0
1967,7,65750486.0
1967,8,132253963.0
1967,9,78262972.0
1967,10,20314072.0
1967,11,344655840.0
1967,12,111840883.0
1967,13,34050420.0
1967,14,58533444.0
1967,15,29715324.0
1967,16,140100406.0
1967,17,59740380.0
1967,18,511606377.0
1967,19,44454075.0
1967,20,779859058.0
1967,21,152899783.0
1967,22,108863940.0
1967,23,102965530.0
1967,24,15901197.0
1967,25,152733110.0
1967,26,41195597.0
1968,1,20734173.0
1968,2,203101090.0
1968,3,47668308.0
1968,4,41394526.0
1968,5,90741243.0
1968,6,92236041.0
1968,7,67407534.0
1968,8,135410649.0
1968,9,80624272.0
1968,10,20957287.0
1968,11,346838968.0
1968,12,112903890.0
1968,13,34921681.0
1968,14,59052753.0
1968,15,30611154.0
1968,16,141072444.0
1968,17,61707516.0
1968,18,522716893.0
1968,19,45540896.0
1968,20,799779819.0
1968,21,156774384.0
1968,22,111840820.0
1968,23,104237476.0
1968,24,16184350.0
1968,25,157022485.0
1968,26,42284077.0
1969,1,21037620.0
1969,2,205392026.0
1969,3,49233192.0
1969,4,42323700.0
1969,5,93045768.0
1969,6,94364810.0
1969,7,69102481.0
1969,8,138734484.0
1969,9,83045234.0
1969,10,21614679.0
1969,11,349153994.0
1969,12,113924905.0
1969,13,35787778.0
1969,14,59530849.0
1969,15,31488525.0
1969,16,142011021.0
1969,17,63773422.0
1969,18,533880545.0
1969,19,46620394.0
1969,20,821577083.0
1969,21,160688065.0
1969,22,114964571.0
1969,23,105475169.0
1969,24,16490434.0
1969,25,161371189.0
1969,26,43424278.0
1970,1,21440022.0
1970,2,207890376.0
1970,3,50814958.0
1970,4,43262057.0
1970,5,95375656.0
1970,6,96479501.0
1970,7,70822901.0
1970,8,142212217.0
1970,9,85530406.0
1970,10,22279990.0
1970,11,351064986.0
1970,12,114865441.0
1970,13,36638458.0
1970,14,59919732.0
1970,15,32339243.0
1970,16,142830703.0
1970,17,65920974.0
1970,18,545864271.0
1970,19,47714980.0
1970,20,843417315.0
1970,21,164512352.0
1970,22,118163128.0
1970,23,106712370.0
1970,24,16890010.0
1970,25,165670833.0
1970,26,44621757.0
