,inflow_steel,inflow_steel,inflow_steel,inflow_steel,inflow_steel,inflow_steel,inflow_steel,inflow_steel,inflow_steel,inflow_steel,inflow_steel,inflow_steel,inflow_steel,inflow_steel,inflow_steel,inflow_steel,inflow_steel,inflow_steel,inflow_steel,inflow_steel,inflow_steel,inflow_steel,inflow_steel,inflow_steel,inflow_steel,inflow_steel
Region,class_ 1,class_ 2,class_ 3,class_ 4,class_ 5,class_ 6,class_ 7,class_ 8,class_ 9,class_ 10,class_ 11,class_ 12,class_ 13,class_ 14,class_ 15,class_ 16,class_ 17,class_ 18,class_ 19,class_ 20,class_ 21,class_ 22,class_ 23,class_ 24,class_ 25,class_ 26
time,,,,,,,,,,,,,,,,,,,,,,,,,,
1971,86417275.01553297,772953075.5933697,82731389.14366935,17692734.94070349,85775047.31170179,134540764.04950747,51268310.92792751,35505605.580527864,20183462.333553497,31973732.68708002,1067552533.6887488,145853067.34940517,51467688.7452257,65155096.295178816,38059054.68884569,203918934.1272598,103302475.28200352,272245438.8845543,39768602.36369568,371974435.5532766,94212147.79090302,23648885.145523813,209273597.48479465,66211628.93795785,29517121.3514279,12960431.94794782
1972,4708098.602455619,45118605.52672526,4681071.917463757,578113.1259832523,8834033.36505957,3899495.267506365,2259538.6318546687,1139488.4942203052,549540.9597678318,844300.7546008406,39199252.88692642,4208564.667904564,2712683.91832249,1853402.8861321828,1184659.349563112,6057565.919121224,8418835.229548842,6203051.892586005,1011329.6441556948,9989038.476436429,2537952.3944825567,956563.7799507265,15137769.620569207,1722515.8800397043,565951.0188318519,533176.2057115624
1973,4973860.790267417,47605460.111483574,5089089.992949998,812190.5170031843,11082468.917436915,3988411.624456182,1290286.3006469742,1296244.4181056896,587969.6612524312,897488.3523603401,45346103.30573881,4617885.250425689,2097117.3200448456,2377178.563595062,1665766.9512935674,7273512.28180841,3800726.5507150725,5569870.685684584,1740201.1160920574,11060086.262344588,2832646.6116491864,989046.6443102979,15713087.500178687,2852055.157714278,595633.9719796577,561606.6313324566
1974,4071868.579038743,11640683.43545785,4108213.4173654206,396934.947509564,11245135.664680386,3451735.3627758366,1166241.9560324696,1274357.0916286667,762631.3347374732,426031.35463571805,25249212.582839295,6013883.197090497,2083173.4221670136,2987844.99848754,1920593.2230667658,8716998.301895434,1752312.0998876358,7766639.968275814,1958686.621473857,10710700.448397746,2578580.39585221,1215308.1980911086,6694800.306758494,3278135.6231738254,1186742.4600794516,528470.1176407913
1975,3524154.982555719,11154142.403495342,4094467.8294384703,625530.4473112994,4667437.7471911935,4587048.232547306,2148821.4403432463,1512397.6562704467,826097.9056586212,1245573.660082433,15055732.775807928,6206969.605068291,3234932.628237206,2921138.205986395,1783771.3266389903,8818837.125579754,3972789.681966137,8794390.12824163,1547323.9099895798,10255726.095832547,2951690.777520615,1336888.0207908757,15321959.971176997,1808759.1945219494,1059722.214236415,563991.2060710108
1976,4607634.21498086,52868312.0423376,4354152.460682229,863759.7527758143,9954832.420055224,4085700.8080991204,2709061.4981342275,1811113.4592478152,892781.1654784308,1254592.5250248436,38277207.26648373,6770495.842400652,3001741.70891818,2673545.818571064,1620289.3428312254,8072048.631161955,9863061.698839799,8154248.730800749,1485454.487353191,10700415.928838821,3442939.722075284,1276093.3843945907,12362884.802986016,2232307.36104004,1189327.3980993507,595148.9245094821
1977,3462136.31847718,46496370.21228695,3699972.1943355044,1156286.738378284,5997718.414825443,7714747.356898745,3225136.125379742,2268621.498183184,865004.1084622457,1118777.7554825486,32022026.088706788,7198975.79451123,3579625.2683563777,2408538.7309867977,1576242.704088513,7311325.991442496,19863577.180474274,8949233.871378839,2176109.7781586107,12283829.635611067,4221289.923794416,1459882.56194471,13374405.764842723,1831849.9253222782,1085550.202098881,589442.8591182346
1978,4223080.004318664,52184521.3650904,6541481.5042748535,1016895.1700495537,6893180.078522775,5671590.802037212,3426578.5346602695,1719298.2021736372,853519.9094871425,656974.5231326567,30097334.484495703,7520461.321127342,2827045.9575353377,2202226.1677328846,1311221.8264404386,6557939.135424254,10550773.840312034,10490395.892049966,2245235.6631149547,13139827.459377706,4077825.77297015,1727854.266517166,14981738.108162338,2045798.7579008727,1611249.9249520001,651835.6434134669
1979,5435924.068017341,50334669.77545015,8555735.247726476,889145.1139160572,11079302.906546356,9257391.28441172,2519973.9829582428,1398817.6919360126,869594.6906112421,656732.0574020926,49147534.419225104,6555537.3075447595,1630374.2688537498,2700609.687876769,1708680.3174427736,9387800.925598834,6816776.208269117,9689769.073271831,3741898.9916567137,15134163.33904439,5181421.125611855,1840918.8495364003,19854181.727405097,2405201.175799739,1788588.1495550084,810163.1085349309
1980,5219982.14922593,31629297.964372043,6971113.28291635,801195.3247478775,28055736.703893095,8093325.43009097,2685546.009137187,1704335.6805952152,992900.0965651633,1181678.0737514563,35029427.14645981,4613514.54923107,2396193.2649964215,3355148.8880145308,2057096.403876578,11918911.31469704,4624979.718956821,9230111.94426687,1532292.692276987,16319541.99971791,5338897.183380612,1868791.0400877413,13838680.78678555,3002388.6502707815,1737502.105844648,1034106.5933195229
1981,5066843.744967822,27049816.460835718,9999627.936677715,1050668.3574232277,3802305.491130139,6573101.720011621,3511590.062148433,2034472.4814021103,982301.2714590706,3334158.882523097,24145473.27532727,2497636.126849479,1995157.1348990912,2552378.145782208,1894576.766348306,9631800.643350206,4652709.201421608,10877953.161999647,3362746.69168973,16863298.06790462,4766784.32257594,2186370.5784780225,12161512.284428403,3004519.948090047,1634111.9923351184,913916.0344078896
1982,1389040.957946456,18195268.29181473,3225266.4942985396,684830.1491576183,2700261.3724108846,4537133.624738392,3794397.9714081474,1789456.109934021,1091730.0983896242,1673208.489302756,24477281.206007354,2448999.58363613,1824621.991676497,2167818.4509264454,1742020.0153661286,8123942.187288903,15603946.949177042,10748238.315685686,2412110.4586199257,18460495.564114112,5398201.686699562,2060106.2177698475,13729751.41351037,2916724.826881643,1845811.3574609556,810615.4160407752
1983,1902212.589129639,67447108.89332119,148928.5039958316,849312.3297873427,1265309.3419354968,3396948.6296345126,3995914.6519147377,1513003.0047626733,927551.7551757892,1236690.2827708873,31244545.279057857,2808823.478437639,3448899.2735159555,1921373.7440950563,1456617.0764406293,7662266.417909451,13503635.423690239,11944381.458243642,3329319.952141501,20334551.596521366,5588880.062727813,1596418.5108540629,16381615.376356184,2282889.526833112,1919305.6099882922,772732.2313931892
1984,5439852.685135702,64396453.06765533,1755362.912717468,1193206.5829658106,3035700.7089348854,4339395.768172628,4636409.989507796,1951836.2209400877,978902.9804761666,2133378.9176148893,37845628.319412835,4884060.397102959,3795660.410100517,2380482.5239749583,1793557.322500153,9233466.558855882,8393854.566372646,11481229.669369508,2982729.0036256993,21053025.34842897,5767377.173018825,2049487.814738238,14950380.978075847,3395470.923132749,2140245.17353886,853616.2303632101
1985,7161258.658511635,67852944.9544009,4148494.9862771537,875960.8152202272,6356781.266370613,4841318.390237398,4598243.188663978,2650772.7019335036,1108358.8746758932,1526701.330757246,42638847.492250115,4595221.360598727,3203880.2574566226,2175181.8909017225,1830538.4185936106,8309246.691753043,6578828.058134438,12464378.93950274,3297996.409568341,25017425.5982661,6013891.152472113,2152944.054312516,18905986.734675314,4618687.269001927,2238025.2967957733,743697.0913226263
1986,7766000.301156516,66942986.41472426,10900934.94893059,932807.8856902391,9114620.65711152,11195326.153433856,2865174.1897626747,2222852.022619268,1227812.163268118,684613.3793701769,46860727.337596364,6744005.512714677,2392339.2426704126,2379985.087999107,1858734.7793680697,7954129.1104882555,17118280.118270185,14026466.331481826,3410147.9523994513,24841494.082022503,5695150.06090218,2648099.45850515,17337632.537879728,3728633.4262015894,2114648.8347344017,878863.067889588
1987,6953256.964940703,63619786.96009426,4551594.784841887,1301090.6061174606,9970261.302339308,8806258.11803544,4646909.651579181,1773714.2629483533,1227357.4808688369,1870818.527128751,53620232.09727056,6329466.259955979,5795030.291718541,2246786.795511425,1608117.1564545052,7481966.56110554,9141780.901386537,13817977.806453902,5737771.154965572,26811057.42884716,6521113.245055826,1919587.2070993471,20919536.413502462,4285518.066699657,2327140.492292306,678737.1178231915
1988,8249434.592814989,75822939.37760149,6238352.956056554,1123432.1547521385,4231749.754486078,7358573.492641917,5290619.7659928575,2789129.3101947107,1668326.064849775,2945970.8424053206,67464989.09751208,5270354.61611286,2663983.4441360547,3557741.5246221484,2202769.7587610045,13172950.030043222,4357379.668655598,15752102.188666373,4890014.396378671,30694748.19060417,8438342.875845162,2450215.725197803,24604881.415027585,4361799.558429512,2351244.3241832484,918552.509162879
1989,6634403.1251411075,57762886.67993558,10677627.61280539,1318171.7877342815,9512295.842395378,3662276.942640216,4492019.183378578,2313325.3860960705,1133738.3843263832,2589152.6664029947,57885367.65348195,5532508.19502873,1924883.7466082547,4402920.836685834,2831378.2933771065,16920983.027360503,7935688.091828953,15523238.442474274,5805817.153828034,27654304.51470075,8826039.544833167,3627197.5125020756,24012714.351968065,4926895.574693127,2168819.6062472523,879964.5100610523
1990,4232929.673780476,39695529.78362429,10076224.606072495,891598.067212143,2278514.7280359464,3905007.4750667633,4178942.1482940107,1389388.4278077025,1498805.7756619041,2136936.2434662497,53322167.4865493,3772202.9743202855,7430528.771903297,8550220.059378734,5189104.051342235,26871563.794575963,6122136.485404804,14461194.541835647,6343902.893732292,33213792.295212865,11607732.640309053,4537790.128610411,29284545.61641799,4693359.085302861,2485864.395881004,1013696.8107066741
1991,3220353.7298746067,34206376.48251615,10001277.92180655,423610.5099508603,4267746.077549215,14953814.270926742,3223902.538114873,2760005.683827653,1130777.3245385094,1763714.596699635,47806168.35313594,849278.9335504055,3563657.9771719924,3840528.0630250904,1965321.2023701523,7684685.800809889,17163337.015892487,14385351.483751021,7072784.188326362,30643227.327579282,7707645.441807378,3710998.622930312,23104678.599077303,3212070.9379094713,2145579.5532221496,737116.3069247779
1992,3490900.3634492788,54000903.98605231,8348465.901439622,1165276.4010690318,5268393.261513215,15336982.2859112,4019813.1132289986,3034591.187040515,1223817.5974538357,1096423.3349352363,47991057.313102596,332750.1237122032,4186104.319497568,886756.7554144596,1097360.3754366492,6385611.030622473,11834115.771824319,14374525.79194265,7004764.294817324,36291548.27226981,9863511.06219553,3499461.532056432,20663376.42812032,3554897.9700348005,3121198.885129033,923861.7292583423
1993,5930044.177893119,57637763.36991841,5121577.793156208,951425.580586127,7230096.874902501,10413519.998953559,4711728.070844642,2003194.8446539424,1269960.3940599964,1009382.2960654377,35708742.84822464,1311885.5296794684,7354927.586559939,823015.7070035842,970532.0273966723,79625.3212736189,10795163.242076196,16431605.288435413,7485101.375324417,38614250.31777631,11777661.138853615,4328277.33083544,19194275.115249444,4124001.871993599,3187566.7270580563,606570.7732010399
1994,6469743.400933698,58466946.129021704,5528516.025458149,1342412.154423689,9443118.824224455,10119843.075767739,4226653.029420844,1906025.6940431201,1381790.7331494652,1444674.39969033,46091553.73946597,3859563.014797577,2432227.1738024047,224845.38367004314,555416.460423609,89823.41517323276,7802596.436523349,17680401.71000145,7905366.332351223,37304647.696225844,11052497.073331974,5108399.350467464,22315076.75296838,4534779.483239805,2776662.808623918,581651.1748597705
1995,5268466.061348727,56252825.14404966,3907557.179604479,1783029.91509262,25948136.139240548,9792567.796374364,3885696.1137905708,2214137.248593734,1656443.251223217,2683327.4017275325,41370986.34630039,6548681.501401213,4482655.530243248,108781.45008879145,414892.37635933096,62495.4557895567,6731521.579341389,20223959.549521107,9164517.77115442,45142916.261360735,13641853.211488307,5081791.7890719855,22443151.603199758,5153797.884591935,3243451.3628684757,1106138.8317046005
1996,6555629.873263242,65417833.43552053,1265689.7959887118,1591611.8861933316,14383034.166508788,10426018.373900214,4840509.144560437,3146230.069010977,1773936.5386306331,2520082.636741077,56735928.13366894,12927800.64405672,5151501.178200992,98998.29485752275,410869.5604914257,59503.0244496335,10761302.129439475,21936745.614998933,9701218.985617427,65187444.55241784,13667735.722090922,5565019.388719884,23585327.855632477,5177136.627595475,4112441.1047162535,908959.2455428691
1997,12256343.846413758,76705371.86440495,10720562.323207386,2254860.2545535825,12806166.328871313,17689704.24582139,6096730.597677215,3695780.455392124,1942659.4054445638,2832054.075193205,92445343.67032187,7573916.668213912,7620487.157256398,149902.669575976,1095685.7630093645,920569.2328094115,13408130.365516478,18444278.478394277,6940150.711933523,37347948.671448804,11265387.349729689,5580651.40332857,22022430.509682678,5759508.401147365,2956696.0106646656,1370573.0728431717
1998,10062372.365386434,79344405.94367304,11331408.470872266,2857147.089073264,8451011.97794122,15475625.948609399,7528818.931194345,3986912.055477181,2130632.5999844484,2400845.662750795,95313993.3211051,10683198.859328497,3238573.0430398444,892030.7276520275,1406152.3464295992,2798431.7922543846,28925217.660060726,21199149.506710596,1786999.888833007,40907756.426941305,6246326.359505674,1884989.969421242,16896179.188984033,6201701.413447375,3302562.112285859,1582532.9330016715
1999,6869132.164500566,72131169.39961253,9837475.589813726,2419345.022933625,3163442.266108604,6084613.646524517,4862891.514518634,3247658.8373316955,1828808.6388703294,2577276.3725370103,70297220.26727124,6654479.193884492,3128588.987886838,688071.1878936095,1159719.7763754225,1968142.4665189148,8946005.658426415,26080509.034299787,5816224.271646525,46068682.67364757,8222555.488090237,2056676.252538771,17292526.09043497,6231331.236205541,3441193.121712644,1166157.6745137079
2000,5640540.530307046,66136497.82215784,12812901.736779183,1918421.2259319215,9626245.485510238,2758182.9725385355,3500304.5486055883,2931915.4697758304,1972661.5040173486,2554647.237172694,68731427.37740323,8260249.236654447,6975324.208463838,461962.2491112418,1685049.3805158401,4339135.908641586,5500006.583377838,19677942.25797675,12704420.283884207,72117390.88947396,11301462.726498649,2960398.36231732,21233164.399675645,5409952.755499731,3668741.812689665,1073626.4996728767
2001,6487476.099278966,57290158.27883651,6908852.285611585,1771374.082455273,6879212.816006902,7575494.931865699,4702094.519744274,4722235.394888641,1784687.4305150032,2175264.5809689756,54861508.35622145,9179310.165826296,2726953.80296321,956222.2880042361,1364580.764373518,7226761.558818955,7671717.58168758,22133665.192878004,9497548.795483792,46849652.01605381,12176090.853442373,3429239.676749354,20770760.445478078,3808647.4692584965,3596538.8202087036,1160048.7437054035
2002,11617127.798556076,50806362.93920747,6751590.473630194,1893614.9271414462,8223532.787832122,5830973.235136961,5125012.846123237,4882840.411440778,1955923.139714284,1986245.4850463804,46383407.895640135,10272049.552351426,2464575.4320338084,1131589.7287147641,2030194.2966739843,6573241.374315527,12687392.623839013,20533830.255793076,12292508.485091735,55471190.35442969,12259949.05282304,4233357.611405002,16405869.933617983,6472026.52281799,3865536.749187199,1586445.2368034222
2003,8701934.681098025,59506487.79945612,10022522.516642045,1623197.1963808578,4732757.403572851,1910153.7280575784,5127731.176231106,4459857.246512382,2107530.05541796,2647623.6839740914,52302195.801702596,10794771.713423518,6445327.676441511,1551850.3848920232,2402276.740528247,9045443.837000066,16671268.778408216,24201958.162616357,5795612.898400271,61652560.851338394,13758590.767015062,5159994.661943812,19353423.368639175,5356022.861571355,4170604.043147958,1688983.7425721597
2004,8566645.005361855,62911648.63332789,8900162.21033173,2416394.5416384446,14716916.851110324,11179976.915353276,5029337.723180602,5221479.544309873,2392071.3264309336,4699310.777740189,69598336.30731525,14695899.37226015,9479423.787593177,2211378.2850752464,2859333.4391225595,12085463.870792396,23118672.538731515,24053833.47266642,5028136.024527526,67057900.28883005,16296253.868865928,4428049.280937893,24027177.57368248,7711542.653371637,4812785.482407458,1632917.4978685505
2005,10193403.00683024,71398845.30158433,10939276.863514356,2631893.588468176,15655500.387279507,16216964.138633784,5405373.455217686,4530046.6051735515,2616469.262827593,4581456.31248472,68455350.43634167,15045469.4011529,9805711.684478384,1810430.9308647835,2082124.6945276607,11255824.311779633,15738370.716030575,27699944.521987114,9754255.898147993,75786650.8239008,14447071.300241625,4322135.855524143,23076264.99575367,5205401.169284721,4293392.899100274,1476538.6242055288
2006,10253650.617536455,62634358.37121683,10515618.853764364,3102586.8634724226,16751038.913752476,18637178.857812643,5759509.317653374,5027580.399904636,2914604.4753174884,5156395.209643478,79178118.8305716,16218302.58506063,9335515.977860412,2921142.2886597733,2784682.0937054395,18979717.50155196,18592449.135391556,27363222.701309606,10587959.087083511,86008553.05404855,12138327.698605223,3271882.7955134134,21137113.737197034,5348147.742862251,4666304.191268731,1780478.10968525
2007,15525469.945847701,61301166.24021288,10994184.305629939,3420869.385464762,21956727.23679794,25164418.37641878,10003457.172089368,5977949.910243682,2250343.0497305393,4910694.2119042985,72865149.56441478,16823071.083506234,10319000.592119085,4564801.022241211,4389630.122847721,22963667.0073014,29488870.16815072,35863920.38795121,10271413.737616042,95778096.0458382,18329202.337945078,5372719.618649706,18102188.491546452,6326413.430921558,5648446.766294393,1916811.3918827237
2008,6458331.577167453,39874293.745212056,9187929.630727943,1808544.71931189,20421341.937254418,19408307.133686252,7749268.864871128,5424960.637441893,2903140.8364157933,2577906.909652302,46463685.23503681,15241744.3771558,3788093.115752852,4376297.681790457,2958404.7294163555,20362845.727841325,20459796.36248015,31580314.10092492,8061865.093735864,83604801.28954361,14233161.084902178,4671426.706924773,13547526.712361166,6051058.372653759,3676409.6765456027,1950591.0604820433
2009,8539524.233031416,37006975.43400541,5150048.555092056,1941973.4506744102,15540167.004325598,14153249.31607541,13878814.357675403,7001042.848218527,3575081.6511398745,1956410.208093439,40062074.2822013,5115731.305907198,2684812.106138164,790394.8096417306,2410428.966306008,10552437.262638247,43784537.97210843,34956638.01842718,4968572.672530223,94135485.61158037,13195818.526694445,7322745.933807704,11904249.24834643,4886462.828492661,4515828.9578795815,2786500.4725532355
2010,11413919.695289942,78198244.48429985,5187210.611128264,2187427.7574216453,25655231.956306063,13730476.448766321,8167437.438170615,6836710.344308178,3914840.453884354,2664581.2540439786,53001174.20948962,8505334.1664884,8061889.156902632,1404334.4231725188,3130083.2250697166,10787282.801214391,18763197.4933532,35756573.847963445,9361012.581698345,99766761.51024385,15598069.42756214,10760318.505798878,19140418.833092008,7083133.073781127,4800203.9021704625,1694691.4571919052
2011,8686352.529769596,71639904.25505526,9407804.306310166,2174509.3504737862,20250788.419447456,21431352.779717166,5755785.274691025,5771888.091289952,3232632.5467995047,4497201.188259943,64428976.540708885,10162430.97534785,14487691.588531215,3029328.2369633545,3017546.15169473,13195849.366078466,8728763.056862755,40315657.350627266,9561928.791171899,122498785.86940818,16276443.681266962,13372437.42210844,19959090.50119792,6205142.036644838,4955441.846376115,2211043.790683603
2012,11563684.691386292,72899250.55774477,12044043.450845463,2992364.5545980376,22107452.093678027,25507873.670222905,12239027.484008722,7524273.06498251,3238953.5367864715,4443212.157547991,58762549.692008644,11584340.971047265,11818735.950152438,2550073.573100402,4841917.680766342,18053213.9262318,20199069.89948669,39434798.27815052,8645654.187511241,129725708.28392518,21815372.728721026,16038610.872139508,27908630.536551297,8462690.50406758,5571702.696012482,2913266.7003693962
2013,11443135.386310812,80759718.02622046,13048005.810604485,2741409.0655785603,22362353.925704814,24410286.301467527,9313899.632967694,10963840.996078953,3364912.6249773735,4659083.012291561,59601796.87543132,10087176.104470547,15345082.830184164,3883295.8723657695,4712575.594934571,18484016.582324915,22608267.887173373,43691676.7092722,9222013.262092428,145185718.34964117,23655973.444947273,10404833.3987307,25977466.302072927,8320857.109762052,5092452.423968057,2973602.1119068037
2014,10677418.598801928,77692659.235241,11298894.809635904,3072990.515043247,18741844.334004145,19036850.541498862,11607260.42311135,8733521.132195495,3703019.5366823804,3147912.8812564095,77453809.19522999,13308438.07032188,10735372.278064623,1286248.344721876,3930136.6083093756,14089095.747877527,36664948.24858053,50768969.48371517,9468065.59952102,146822898.7436016,21010565.79755198,8741897.617296576,19993121.33733687,7625694.918467743,6041324.585845572,2811730.9871064336
2015,13866040.870813329,94700691.80538097,13783053.136173006,4632559.121193473,8813525.344314422,19109886.32446485,12664353.69466117,8511006.386457995,4356747.234872677,4178757.1308357934,81137715.23557453,16709546.392791968,16524646.727995673,1514244.4371253331,4746471.522783105,7327406.668594935,69818647.17096399,59245281.34319998,9516557.44712669,175333848.22663522,27826594.89709836,6747074.749829598,22157479.352476418,8968854.111975035,7563089.948555218,2947471.711610085
2016,10615434.479705753,78473522.56775026,13825460.15656423,3356625.709057187,5697836.193916837,13089253.879709136,12996066.800323268,7839220.130102676,4140988.131391616,2497605.493854036,78216990.55382842,19355949.31907889,12018896.30554441,2341256.125311433,3928918.5723880795,6278701.779455957,38503079.47043994,58369352.47141311,8982875.210397433,168991348.46186295,27356033.16575965,9175307.900251012,19097690.86670282,8930189.980117232,8460175.440466842,2234851.3805325744
2017,12096541.304520335,69254754.58147793,8544803.861235287,2875244.9206682383,9137239.34175924,6563807.112593094,10297913.198620465,5276718.230581195,3591777.4785143705,4335230.837027519,76631370.17005976,24949360.37051931,15530856.709589206,2113883.432495159,3082593.974120318,11128395.398817519,17853626.27985512,57036267.82255495,9617459.605469285,163278917.18519205,26255124.061277088,10159106.971907388,22275884.169061407,7578177.567859668,8059918.879816571,2006964.5154355508
2018,12892789.238713847,79207356.79446566,9336491.935031826,3040378.300867294,9240345.451045636,7737604.359551314,8131631.02683566,6364326.599870184,3968664.286762588,4240709.255250617,72770196.02379905,20439693.866136964,9378450.835557254,2237589.671470162,5357691.971613137,10662353.528369056,10404198.261826348,61993383.36519652,11831829.477245145,178442419.78053984,26694969.15578533,15768189.78986949,21190149.11510428,9214621.141414016,7224345.62211904,2186087.296411505
2019,10607963.923153544,68870657.54554744,9998047.252507187,3725730.4543966716,18861574.872188468,5169377.342127646,8420396.701585734,6777749.221869534,3984052.5910401675,2748742.783113962,73536499.58241412,19781026.893409442,9253483.84984973,4325577.947744542,4528847.462633257,17082101.704924777,12888970.094615003,55937969.81304417,14017219.799687007,168472700.49639943,30373623.59175558,13363231.273364231,17974789.234213788,8611342.23993741,6151197.648376144,2569745.427112268
2020,4098977.078772661,29671857.64361615,3444386.086904183,486938.23807230557,7853287.18332563,1050648.1257721195,8299262.353250543,3980138.6929391227,2613317.129296538,1630609.3577297295,24443855.462927826,6441633.953463128,6720650.892432447,1529486.0826224647,4431157.337866484,7653244.268364296,11885497.515863515,17377001.860291164,4370696.712172532,88910032.43998976,10416921.40531488,3155769.2333923797,10498784.159177484,5663144.875587151,6032761.376690918,1522182.1771694045
2021,8398467.177051019,95929171.39543729,1655862.6713048625,3630550.8043201906,16610330.265598668,7170455.787237342,14001628.015022764,6552310.5448035505,4428793.305276544,1994004.5567514093,67777829.85966748,22113485.595482435,26797070.16847571,2439893.174669354,5381702.6587153105,21363934.80703331,30374980.420851637,35657850.0137585,9953249.359496381,226707991.22541857,9453133.628358234,10923524.098943528,16174135.577644097,9235055.559560027,8790728.656379167,3319509.859637311
2022,17808789.03902352,79704811.00692482,18449224.43290525,3679661.646662665,12156277.51986944,28000575.226609383,14461750.441683162,10190273.610198405,4493922.532576182,3916620.651888044,102544471.351426,19205717.212603003,13911577.822527824,531966.2092098333,4869237.664914351,8404419.01232305,59776206.89088773,68912122.70438421,9963938.546865765,139410508.56748164,38415323.986979924,11630521.856363364,25878555.355048224,10744330.072587073,8215516.626327116,3378183.598879353
2023,9101638.225468235,71972378.03747977,13252831.692739435,3402563.1720104637,20505236.442239765,12271337.227319691,13135281.986306036,8113649.9472077,3127057.1830153833,2579603.7092947653,75628333.87135267,14142686.58387049,12172017.870444832,749646.8958717473,5301374.457104685,13328835.618474884,24492403.249037,59943581.338627204,8429163.148611251,211933768.07483828,25294530.254336875,11384325.962701421,24046182.117624216,7729453.235940053,5953032.488695981,2823134.7663247916
2024,9422870.75580634,70392764.56512289,11887062.561952557,3864563.6574984887,15601440.420866769,17299265.152994607,12484797.847511588,8403833.616628831,4203500.838277363,3375184.6025578273,90494187.86385852,20509671.348380536,13539319.328178076,989469.383630447,4976669.950333856,12227293.60610574,32428456.37036458,67398140.31621413,9952643.89227201,220879370.3845878,28416073.41801625,12104673.534143388,22882497.86840381,8246427.345209588,8494442.237235434,3250953.8870528354
2025,11109548.268344257,71923238.93059643,12362869.422246335,5406425.2772853635,16827365.094099335,16964548.670811802,12095048.611731878,8811672.604570547,5629781.621115737,4321809.371970232,87941970.8680369,18732291.818567652,10884463.778856866,1102271.6591667612,4420008.970753771,10366101.044644013,37206010.4958772,63728068.950511426,8604274.372168714,156292284.88615507,24356557.336602468,13917031.271559851,21566452.095823422,8888695.868140195,9343195.281500164,3434563.745745261
2026,10623292.546233851,71446772.14845674,13309457.075076014,4337294.541438623,14820515.226116382,16758583.656318972,13570872.65030476,10518533.9405285,6126299.648294965,3938963.200674495,73004263.45186083,17772860.373365626,11955275.037340112,863884.450577962,5397063.746814348,10881382.8505374,40553235.68087851,73072145.5498695,8535246.608451193,159927747.1865279,27276535.758263223,15390422.011778155,22713273.452327453,8772395.53208187,11037139.457366304,3793155.729285976
2027,9990228.600629115,69093561.83858661,13666272.854082424,4684779.530752354,16151266.18431056,19348890.765030943,14433048.028559957,11330462.327486726,6681740.954154016,3946640.2622297453,74624257.1316908,17547596.244490225,13804398.354018215,1699979.9331446127,7154982.970540522,12678244.351769974,43189986.1634711,89959169.19328685,8820795.910689374,214978297.72595268,33489912.954033878,16983831.24518182,22920430.983987853,9030861.462742824,11349806.839771971,3767300.9749749824
2028,9805837.449731668,69558286.04375462,15277929.44122758,4891465.64608335,16271254.256115029,19915076.689835403,14889910.377835255,11581829.871545253,7026138.46208783,4270770.971982629,76850111.2256791,21358022.88211945,14479406.315103915,2807804.1295722597,7052792.051973463,12652224.24437846,44351297.79321101,95767050.42601633,11844213.941219427,198375340.99057484,35866779.29431988,17690022.562217947,22934464.38603384,9047321.368019106,13107830.758191086,3796772.132851204
2029,10410183.525210125,74618668.46095559,15310220.667242298,5204989.619247109,17454626.775266048,21300147.014660638,15609646.770616887,13035440.761124555,7352217.183491175,4226482.81556674,80263732.81088084,24911474.366950624,15577261.012033042,3008130.521336821,7550232.385101267,12982448.402987685,46643088.17655754,100387351.11421825,11576439.991632117,201264029.0541219,38198211.00598394,19744082.45464444,37457980.22993728,9190044.159619413,14081855.47447725,4078177.9957933617
2030,11490412.591407828,81719213.71185414,16009062.303448858,5702877.606164822,17713912.036674075,22773093.728496138,16274367.767606257,14298803.8766049,7359589.665440468,8831469.772970682,90737447.31512177,25483819.239236787,16222630.53650941,3254409.824712972,7620302.714721896,13796849.678666143,50094994.38316836,100136866.59169853,13759844.446459224,204251736.5125105,41788306.72964931,20080649.026719578,21829764.440056268,9399876.044345057,14382770.147418397,4245127.413158441
2031,11487838.713389939,71993970.22379416,17239532.819139432,6155592.165080805,19012301.954383913,23447043.438671313,17690151.131449446,15934486.540588249,7577646.52975396,4741022.549435847,102755290.6363086,26387521.08197085,16205640.332559416,3467372.581641809,7907147.799490741,15141278.169412084,45008005.947446644,102009673.8919801,13435351.03346341,194983914.3632048,43449270.079141155,18834806.250821944,21813784.866161324,9247185.89304941,15741418.883120066,4527166.098836882
2032,11098806.215744097,69377949.42269246,16915843.20691667,6241199.214934483,19628851.228998624,23724046.660742894,18697758.297124736,15932879.76343381,7706319.204333688,4777826.1813744,120131751.59761104,31308022.47578082,16757845.662735704,3867913.0160661316,7669419.4463789165,15164530.920828596,44139107.30667924,104060316.3910978,13938636.149495075,192561036.72032973,42681643.84631259,17835208.98907258,21201960.130923253,8910191.673655367,16161492.35251193,4751037.118810995
2033,11674719.989674268,68089564.40537739,16098453.790619105,6209371.310078036,20698829.54689717,24012084.529388744,20296104.559164092,16197092.29421411,7915395.136254861,4863629.393885895,109420764.00577354,36943417.32444026,17081519.30268825,4379008.176297439,7277841.317198445,15148362.092597853,44695701.83748307,109003442.57522054,12927115.535151787,192690009.19408327,42762542.6379694,18696483.621345855,21080066.59726575,8979719.30014859,16818859.341822155,4875538.526333006
2034,13042138.474557793,69856191.06954591,15840535.79913339,6245655.304440949,21916863.349361926,25306983.135300845,22213884.94960764,16442898.566323705,8145495.807413046,5193317.407176894,112269540.19980945,39961014.757979766,17044298.18943498,4392387.769635739,7259528.2775554145,15337582.81898995,46168890.76669789,114166630.04463084,12599616.866472572,194399019.2540256,43240641.98175799,19253085.25697606,21938275.01664509,9104113.554952087,18236239.83605755,5098964.032254172
2035,13531025.081383191,71559563.36248839,16222489.669993049,6175306.854534879,23056492.282068223,26259456.91062967,24169564.500601087,17374842.767252542,8494139.120088914,5630204.2022406915,114708993.35809347,44398301.154252574,17228518.555213947,4346022.43551058,7423007.164681599,15527274.931512607,46986536.598098114,116398489.8091434,11044564.42697161,200440491.72771424,44241582.362386964,20822127.071282,22183257.912347034,9444628.679934572,19255269.40530635,5509421.195819098
2036,14175117.711758455,79021583.10171926,16827101.496938594,6841487.354091328,26037380.713130526,28081316.42572458,26877551.89598332,19586870.698937494,9142250.338800725,6432680.911049249,111001021.26717842,30678086.09895186,16810998.552050035,4261348.284139594,8061332.592761426,16408088.001213254,49907876.832955085,117025808.28635052,10462981.101462334,201165744.4982937,44722893.257637694,22700072.364170842,22694388.719085954,10019644.729895929,21903198.29611866,6175011.228816685
2037,15004473.41518375,87758647.45789796,16969817.99613483,7120749.047697503,27618423.44633116,29315078.702179432,27770877.236695394,20128049.141833555,9400943.72047332,6843609.096117604,100106102.10971935,27135956.07196957,16454956.508675894,4260782.019818492,8679888.775356317,15528380.479072625,50567313.811964974,118252626.82212093,8406306.444916349,201658676.3773567,44667475.74176186,24048313.54144575,22605044.96096322,10200354.461306484,23071651.48087868,6432899.701277494
2038,16114922.629206358,89457986.08402164,18305945.17399252,7455713.19769724,27731884.5513856,31443475.828746244,28661249.87630459,21124147.3968859,9819491.210212756,7688248.624123827,98997334.53585492,24266288.46322721,16887755.26583833,4544906.667423557,9078819.026233548,15557300.37719918,52343287.298481666,121418397.13114692,8573276.997924663,201220149.30111706,46352506.499933876,25298522.838365708,22310034.302631862,10394702.325892,24273707.8973528,6857650.821891493
2039,17074120.720591243,103735536.10938188,20950927.47408608,8090999.142692354,28970427.20200014,33296559.881522328,27997240.588911876,22285832.141578913,10235784.762061654,8317128.487602203,101697667.58154918,23244049.46278074,17584133.62646636,4864207.910733018,9631092.621550718,16153091.722205523,55273467.480958745,128437831.58719495,8725710.522682797,205441283.7168858,48064422.92844182,26216178.088101845,22220654.116635412,10745678.814805528,24980558.728336107,7130183.851000198
2040,17160817.754104882,109771953.64077458,21278961.101400837,8780579.723133126,30597354.24378093,34573464.192866825,27847359.247234914,23318872.32559599,11047484.50303003,8348854.81720581,107069255.0693789,24368125.898817763,18810061.785947513,5481572.272152036,9975654.817564927,16904664.410799086,56608764.61593351,135067816.72100464,8568379.606133979,212508308.68377468,49650986.73966735,27267555.211444892,21520161.252088338,11044976.09916806,26198824.54070676,7430156.6483887555
2041,15866016.955470048,103337498.00403869,20509881.170332592,9380103.511007216,31860092.979179844,34671492.52263844,29381253.089211877,25295063.645910185,12083151.17517045,8522615.882347407,104776391.56074798,19759548.333048116,19023169.747589543,5817303.4873467125,10182148.786310162,17095895.51865511,56717031.42098054,143823342.45510903,8535343.878987433,212099319.7480909,49916147.59461491,28764469.02667342,20460038.36376443,10841268.395717893,29040099.12277116,7921307.191227411
2042,15725287.446803134,103195032.73156825,21620778.90917872,9795603.070705049,33075603.97470355,36218762.01988983,30002926.642151974,26382748.29255313,12713797.71959732,8806998.36137653,103196971.25972533,18863231.185122903,19604267.537563704,6483178.433191494,10131618.696413727,16871989.148563113,57704910.254424125,150683238.33138907,9144073.948469868,214874347.7259253,52337711.41663478,29664432.709213912,20120289.584387735,11052229.882035403,30427693.693955503,8125129.780327498
2043,15968380.876370898,106314213.12288035,22778742.969681688,10226690.97869745,34945903.55005799,37495705.60922547,31565317.088359233,27707496.681115963,13079995.20126358,9342983.27487299,101667911.86392272,17958479.145365186,19786987.26449301,6593118.740751352,10140755.45123136,17430794.262534045,59163222.79135915,153896095.4603675,9644145.677390756,218981508.44613296,54762341.862017706,30439456.582223058,20160248.647814494,11198774.10119694,31615510.80905338,8678372.367655206
2044,16561642.569146525,111649999.91036212,22992061.931255348,10774186.572657237,37000562.78281268,39577015.4622228,33004041.31268593,28991702.568113774,13733540.748131653,10063219.617860965,101632253.65921228,17946183.935030323,19598290.269997895,6665344.213649735,10550104.31523587,17132881.431001775,59936330.334105924,157602172.81446597,9863601.134049758,215383165.25142977,56281369.5361081,31608071.01824275,20360630.734155126,11337105.512819981,33116937.72317164,9166492.604150897
2045,17265747.054430958,113077794.21465029,23807121.441174213,11171926.061317373,38301979.879687086,40303731.72256889,34490904.11080812,30037508.771748587,16451062.258717123,10497322.027315136,99807752.05425711,17050483.59101399,19689919.173252538,6971841.520887723,11071958.923568688,17567968.874689493,60290502.186467275,159466727.9770187,10003001.324943092,211376711.21351668,56986104.23800649,30598769.422724046,20174694.43411992,11268918.93167116,34483104.630178496,9463254.387067411
2046,18186517.454547554,111801383.4530074,23483861.197643064,12084683.225712087,41011463.946411096,41702444.325239584,38196380.824560545,32965059.09575682,17363032.138080444,11092589.161691321,97563303.16829224,16602355.852265963,19218202.291571483,7176010.145344916,11308674.214727582,18255578.727245517,59661201.42225565,161129474.8762516,9810662.293501107,211616262.24060458,57356383.9780668,29352961.042760886,19872015.849168487,11385293.398167059,37310021.68784214,10331082.920689287
2047,18895569.04793547,113106674.60604735,24442118.635365713,12631520.908534156,43315028.05181799,42383216.625143975,40193528.93466377,34115946.46385881,18825986.754601706,11629994.883231247,97085602.929139,17022601.844141353,19321201.700416945,7292331.236648267,11599628.809600146,18626341.100579187,60253451.12006606,165256847.65591276,9838617.5186082,214001703.20826834,59967995.64929363,29955495.597231034,20166339.267707784,11324063.445456967,38951247.068121314,10941549.77948605
2048,20268648.957348272,125474043.35664949,23953376.65107103,13269240.581456322,46098387.20156871,44331594.47262457,41182985.27565018,35522311.0577146,20935780.245698866,12488105.68988595,97275601.10622837,17329343.579867423,19590010.929824866,7304711.685530098,11949683.695286708,20453768.04317102,60232730.79400576,168628194.52002305,9864768.882310372,213493445.5392838,64025504.90709752,29144671.022748027,21023746.608078096,11642554.02817695,40147849.819613725,11453429.522682566
2049,20253009.881331854,131972955.84267397,23497543.977848727,13645863.686709058,47699558.63540984,44555596.5806756,42167943.48924701,37334021.09345276,24631085.790249642,13126800.730443519,98833881.12655494,17230015.555627365,20093115.399435535,7305696.976116603,12186473.50562191,22019560.34501861,59576718.48729929,167327856.66859025,10073556.561467608,220705976.60899997,66882591.52494899,29526639.976657994,21166357.408036336,11896329.103712087,41549181.00503529,11985122.933826655
2050,18338690.15618498,129402910.70217828,22168970.9313298,14303937.306123495,48101276.43463424,45274899.69385953,42561613.09700533,38567478.44409831,24919388.27483356,13416133.474803371,98595324.82414012,17436615.079165775,20566080.117748614,7349821.182456391,12240110.956749707,20716675.945132986,58909483.44604776,163539156.14204696,9247466.88527667,220781216.8164783,67994543.96384415,30049727.47677403,21645297.064249795,12194500.866305282,42777762.30105888,12455080.412327632
2051,18075330.957509313,133513865.64195065,22123302.408022407,14912822.972845763,49271931.27320681,46070956.45815668,44386577.67200428,41989942.7814419,26287896.084946293,14112699.886748744,102349906.65112633,17893431.23124533,20580301.480726853,7711043.886121958,11679560.383301377,20246553.947916068,58608896.297106184,162252280.71621296,9327122.104026942,211702828.69208875,65491627.63949489,32935316.51447792,22898269.111295577,12671532.766071875,47583760.34236546,13538826.286678419
2052,18389967.40382665,138621021.25445676,22404644.4222084,15015155.267787293,49681812.12225365,47913827.80567851,45528640.45352485,44123709.2221272,25876838.982895873,14581039.232102945,101837757.33972731,17939477.821206324,20825775.36540078,8096676.250742059,12021165.244584423,21554028.58029607,58898734.19230027,160092332.65730417,9127197.865547309,211129459.42981958,63338840.11973909,35310563.443998106,25452457.20489487,13367122.445785686,50065248.70281554,14116634.762441402
2053,17104237.806125324,129162862.29807003,22914343.235649228,15019873.324359136,49257803.214286245,47541713.71449009,46586568.25665175,46285626.91792613,25354917.832296893,14632642.505984914,92257122.60067196,16095478.838483853,21092990.83958018,8270507.400893061,12655683.759203589,22720093.3331952,60938061.051858224,160778074.5887957,9102818.479523841,212564763.1308669,61953655.93473776,34900585.97381437,25447645.353865933,13194541.468496608,52713387.73730055,14669918.597651463
2054,15060687.74655083,121618920.58492598,23232072.466158614,16033180.975844549,49505679.11387338,46559321.00774168,48466975.852359354,47677662.22928377,23149247.895973347,15004636.476174274,82836419.50341894,15244887.92174903,20761045.512793284,8513644.718840966,13366875.124327945,23688739.21542327,61805249.90395088,162498530.58891186,9246043.377230637,209393103.30719712,61798493.62158539,34001926.74818489,23949651.107115842,12945153.28391173,56743343.53093016,15302550.024136595
2055,14373250.14152808,117132270.4077439,23962353.610975325,17320626.914356716,50433434.931608535,47229313.04905585,49946779.636066236,49012029.06852195,21638636.516464576,15080619.065686887,85459021.30198084,15645137.264746621,20286729.954777475,8578993.5815345,13924140.002774023,24526403.195506603,64678530.80189504,164330783.46634614,9303546.176701635,210442762.83063173,63758966.928871244,33793882.81359585,24455051.058253236,13241336.689625323,59199646.61349299,15966172.728358818
2056,13715758.341885496,116336932.64833456,24870365.618605275,17935226.95057485,51073261.09411298,47660475.804656275,52940778.25824645,53440589.53964366,23377660.86721438,15446107.4390447,88587135.0844376,16106716.268330462,19649614.585719958,8627819.423551926,14432081.870085647,25376705.4980942,68801043.79266348,170552114.99136895,9015758.434373124,204666383.81209406,65005576.57519714,33621578.5657417,23654820.22137349,13230720.48578256,62721689.71923381,17490136.814758725
2057,13091688.123572662,114373298.2765371,25322748.741343446,17733076.673670918,52138510.663386114,48243759.68967144,53540095.231836304,55251517.71430853,23554150.315428644,15759109.959132172,92646938.56839782,16855012.18684391,19701168.063666355,8628940.587194975,14852667.514909316,26486342.245896827,70727249.26918477,176931763.7051251,9049040.598571492,207567612.51099253,65385053.646447554,33447340.075439095,23660965.771266196,13326915.355216676,63612142.14814201,18302606.290687297
2058,12987119.99019159,109107904.40716903,25641771.482919563,17476519.95936391,53792706.65447397,48310809.93100761,54279083.42902793,56614594.992315404,25338312.6432275,15673840.20244345,97849471.82041061,17044224.18723194,19957542.005370166,8648714.664676668,15277554.006625636,26062675.90756637,70060972.12740439,181957152.80471104,9331187.401085986,209804361.6029148,66588216.33995876,34279202.10904514,23632443.694367718,13657508.491769247,64270437.621716484,18983045.055326205
2059,13011209.40033321,98665621.26372139,25559445.403449915,16436518.829331566,54792008.398111016,49038116.5736784,53617664.12421773,58192129.04383197,31255450.49045399,15108407.882764349,101880153.49499558,17096339.143181562,20027457.82232708,8570883.08279886,15577413.191013157,25004653.744148746,71102073.56463012,184197534.76013198,9165393.657098034,210567153.14177817,66585482.35331126,35513899.46365053,23330244.555602986,13938506.165062893,65820635.403146915,19674870.15224175
2060,13066427.55634446,97112970.5636237,25640956.04545463,15271351.868218644,54489923.10415346,47733121.63682706,52350712.49220743,59631552.55773554,36743723.1220033,15021907.874492353,103417760.83007093,17733642.77928935,19633302.797525138,8605532.121869305,15695039.030470526,25979279.113792274,68446544.70596069,187329278.91345942,9443575.995828819,207482991.2434692,66607715.09297158,36280819.38535109,24372284.242725372,13870895.433948355,68645889.31835173,20292156.516048726
2061,13420438.117191061,100186211.53339866,25433978.275820266,15445798.69824465,54753068.60932327,47767954.41008115,52704810.26118826,65008798.228746824,42828113.704483375,15359267.517056726,101909197.04102829,18537351.102619197,18762955.31210638,8761022.817468168,16137177.39254181,26760664.639525726,73519806.64041898,191028870.00090352,10172223.482507478,204600603.22024038,67164613.42943244,36400883.589964844,23821354.430051774,14031663.787573602,76691550.73761556,21810462.459395446
2062,13983924.93091674,100775537.38186632,26038769.047731753,15552090.304502731,54802346.09303365,48259585.81732221,52387350.376480095,67595930.73403956,46490549.40809633,15285821.950917637,100926023.59069605,19545868.183211807,18594475.164221603,8907226.965574423,16376080.743209891,27296356.41361571,66101686.26214769,194495582.96402898,8952648.130389543,203750407.9326384,68493626.4179943,37603062.56763132,23380021.427391756,14100870.791275948,80411305.50445718,22709387.850950524
2063,13916868.298668394,102288619.41193332,27385460.495158013,15568111.077616856,54412674.435090706,49285472.53527529,52866096.338384874,70700329.71713273,48435121.217599414,15626686.484574525,98755467.43309988,20716664.731155884,18470283.897194806,8997104.56029591,16655130.514941774,27633583.03283029,67231098.54096659,194249015.83527923,9585445.017293956,197195931.81288934,68882210.8769215,37449138.10419544,23042423.799701236,13757900.671798298,83306640.92646511,23598361.335503478
2064,13773055.800914979,105066915.41248089,28615463.003141608,15709747.016471455,54446668.475272216,50250358.26347465,54029544.491218224,73244134.65064721,45540881.35704206,15751366.58106568,101716904.72136153,22824431.198428366,18724823.203302562,8939678.880326359,16729803.638722038,27475353.11057987,71343613.63518752,197022319.1317759,9316325.963455742,195728326.3750842,69484081.55343346,36754795.37196878,22649627.406497523,13897402.099196674,84155478.73643415,24507756.188166935
2065,14070114.367687633,111128413.92381716,28647659.546119954,16014880.600732874,54645732.57136835,49177946.2296363,55430253.92650843,75471235.64757131,43371965.9510399,15659185.101147972,107666248.57921885,25566470.042249534,19292663.04215116,8747646.572511895,16787070.514905084,27573600.889980182,73406331.66808482,196023128.90558234,8974185.153620487,195748681.73214036,72619285.72688738,37087750.60255868,22507454.77714711,14135161.18569886,85397678.54328044,25334982.9761485
2066,14447031.299275298,114429460.06231488,28582677.891084928,16635722.40456981,54534396.433627255,48587213.50167155,57222176.15474737,81626633.0155958,42416659.404173404,15285709.421721283,110721160.12841709,26141646.270850983,19272779.882129308,8400047.30790517,17125254.496736486,27394667.23301796,74234095.88874193,194340281.72895178,8776798.926346594,201134081.12050095,72344822.36167973,37772329.02269866,22486680.424270194,14489091.714698266,89564859.17143646,27156846.919617396
2067,14876685.846294336,116812551.28129327,28804418.468317084,16922351.50648778,54820546.91484719,48300400.340768814,59078443.41666086,83401273.09559576,41387049.143479794,14960201.727730626,109178251.9900151,26205254.390456192,19487713.149585173,7897727.851793781,17449242.42206859,27625639.57195132,77007532.01857638,192513772.58296326,8530129.086174786,206777674.18060225,71495209.67857258,38938690.66066747,22363486.43176162,14848541.206706824,91088754.67260556,28118216.526341293
2068,14943461.039850118,117973110.26145065,29278960.96233155,17048380.741078936,55006288.98858806,48664223.30147281,60587053.80451529,84740170.33115174,42177613.98423532,14662190.806494936,107937574.71022157,26158923.57581458,19470927.066945057,7471976.973224987,17605805.930030506,28258137.419942565,80207025.43282896,193118393.69472504,8441903.07330681,213909986.3568308,70068598.04252258,40371639.07849877,21761053.947060477,14941617.374326188,94307272.8512077,28842195.26952793
2069,15690362.016232705,121461898.53328128,28686893.4598764,17065360.863933463,55669134.38816962,48940375.83846456,61730151.42706617,86800317.72735825,41410417.54185035,14671008.781375673,109195128.7939002,25581110.171159238,19347723.89530058,7169910.335016227,17881492.958302505,28413191.173264474,80975460.96813396,196782635.67275742,8372443.089476471,215573429.48609522,69346159.74086735,42368121.37029518,21381139.22316442,15096369.828090832,95617159.81979305,29650235.37930868
2070,16151124.008684125,125989581.70051928,30183322.72870457,16853058.27605191,56601551.195372835,48511680.66430191,60971693.68088105,89481079.11311112,40855713.92829899,14887865.968590574,117983733.47296365,24853955.984615635,19235520.77045079,6984383.544096263,18041355.18715948,28291451.33367721,80463968.22950323,199020845.33886355,8273353.6737933215,212110842.68414,68188689.57506897,44278981.8579032,21283906.57825674,15204953.366024064,97100280.26765835,31048872.18987062
2071,16707167.65190211,124866249.30315094,28892966.599589415,16629140.671291392,56257233.277444966,50102830.2561562,59810064.048048206,98555591.75151877,42388779.147160135,15426352.076457394,119556915.53392765,24236005.160788573,18807652.294175778,6875402.224306794,18686406.899204228,28203872.267505117,78491464.79087082,198740499.41978383,8292287.758966194,211550788.28812838,66656700.99582976,44868372.37650711,21208558.306128528,15152778.580249103,103670137.07704842,33827436.63701575
2072,17440623.438639138,124548977.08617558,31502838.061214037,16340669.427218702,56442008.01023207,54764178.04515111,58587685.592166945,102666300.70114459,43624392.557787806,15094135.30295688,119383486.04532051,26045142.30233654,18883954.04108059,6801229.439707399,19148457.074259587,27854530.890596986,79846032.79353945,203375223.0600151,7920393.99426093,208676609.2042959,65574485.38253663,44842147.18594014,21048509.13642633,15336936.89617275,105110817.87760787,35657785.38002442
2073,18286174.206164714,127339874.19945677,32376264.299889877,16398248.345015975,56586210.95041194,55551172.83214161,57732572.842798114,106197624.80278143,47060598.40601574,15320518.443358678,122471007.6718051,25091781.363444645,18863526.504990958,6650802.273080281,19463226.164432004,27745280.999432504,81294880.48105142,205239462.3092878,7873779.219944988,207996132.5900518,67069160.7507726,43914546.67813665,20942602.072609045,15532073.753416263,106614653.68686168,37886216.90988646
2074,18556539.242802955,131291003.17181295,31943487.250868984,17005449.84180179,56983678.73684011,49319665.76568573,57319271.35792952,110780161.62418748,51883711.33660805,15317157.842114203,121558414.9869617,24563941.785044577,19150026.413141947,6605503.058728859,19601934.151031043,27330776.667963624,82574161.65219666,203424611.05807158,8218828.898459928,211855355.53421375,69882726.55086336,43782490.95777206,20517336.397559416,15784978.599756764,110548793.62173845,39474149.72056791
2075,18909552.33460986,130329169.21111469,31461692.991676837,17513750.96133604,56518147.31600242,49447863.241574325,58856912.43114277,114560662.40166886,54470753.50968817,15448544.690986238,119319834.61182894,22507111.5512989,19116014.581417892,6597304.8147983,19697530.184910756,26982416.012905948,84069453.58691382,201670293.83965233,7938428.000149438,211647054.5475679,73210339.32965295,44058077.92262367,20319239.39858025,16032859.716751192,112057894.79447548,40042057.10432891
2076,19388804.8661302,128242460.35112447,32377241.255045395,17750079.444563255,57971775.839591235,50782314.39271296,61607575.03205023,123826240.06050496,58878687.48353825,14785689.106730828,116701392.59228182,20504878.8860457,18446618.37913345,6682263.220674407,19749377.776493233,26690945.467461724,83919631.139683,199191790.57653046,7751078.249674166,219771037.7316507,74130460.44038086,44399818.22474351,20634132.815633655,15970215.125806475,113240561.2894197,41714263.577365786
2077,20147322.63139426,130023579.06241046,32652765.955658622,17852796.382372234,57633210.68990143,52567466.27636989,63692180.76238117,127338349.20882952,60983759.93164043,14625967.140908333,118156454.61283763,19222002.058232494,18237043.862307742,6840039.5274883695,19937149.421031237,26643748.54444238,84735584.94213241,197956596.37302303,7825479.14710342,224431789.2501289,73391872.61991242,45025913.98275953,20802945.565541387,16192758.042816337,113543433.96499598,42462206.19677482
2078,21034131.777430918,129738818.22820398,35062503.13296299,18538226.568154827,56684671.771720774,53717494.566818364,65044722.79914708,130931862.90635784,64718146.11202231,14522068.589796405,117004564.9291448,18296519.07292968,18305298.77190636,7199958.897058211,20221514.450420048,26814429.056584027,85914681.46045159,198957203.9899764,7662488.724903831,214607889.04256266,71124048.01108277,45388744.65424388,21137705.034397695,16364125.997740002,114059066.57943948,43314064.68702011
2079,24425331.842358757,129118459.32903747,36370017.020685844,19345092.615848545,56300197.71145597,54065098.0393853,65091326.60577055,132978284.1814832,67089391.27708701,15021510.614624102,109455003.51491435,17649659.963582356,18470889.24414898,7283581.265229879,20418197.795746144,27135917.332976654,87675671.72341132,200113991.75989193,7518456.323294057,207194556.818541,68789356.51374097,45415752.43030322,20372173.466332335,16163563.54508476,111844557.995552,44759714.9861553
2080,25161302.213912185,127249885.67854445,38942188.9365247,19745086.965639688,55670458.85643846,53903076.13113494,63316840.6096498,134635316.1128646,69299381.13976005,15661535.162396558,104886872.69595513,17040370.820698407,18706580.33451126,7321858.582406608,20593043.313653827,26936504.683202423,86879462.19121337,200816299.170741,7472136.692570467,204253844.69407472,67556504.7092405,43978747.67003137,20209556.173622116,16265242.685293343,108727526.80444057,46284752.47340499
2081,24480175.360876977,122416174.60147935,38182892.35953734,19942273.267803524,53738024.50135716,52506946.30867375,64226438.10989274,141003654.6183289,70194739.39414497,15909362.53181198,103128106.79330711,17145507.20839122,18769556.03809454,7483218.630098337,20985058.947801955,26994063.089770097,86359387.18152341,198941400.04086053,7684573.70522055,202325659.83529773,65035139.580293484,42662916.766678296,20765693.81901505,16175738.095992517,105686569.29417498,49095998.912137955
2082,23852001.425693594,121087845.77647878,37617597.29876423,20102488.38773656,54016292.728446305,52296485.01123817,66608099.12413553,143611537.3966839,70257277.70407769,16311147.344061349,104245424.16105539,16943422.567956544,19117020.68691437,7648728.508488466,21191839.440502916,26688147.046078898,85672778.07786268,198891618.3954156,7735569.00143941,204020622.12157872,66354544.989055716,41761750.19426767,21192995.297259934,16590063.033651702,102672756.61281441,50781031.06993143
2083,22125099.490243785,120377374.03217475,36703575.48089702,19987385.0589383,55014327.98602069,52854688.96619458,68571603.2950666,150414383.4033517,71788298.57395521,16550052.713634515,105477568.53025115,17072569.53901406,19606824.928683467,8096863.030111564,21318381.57363137,26532787.59839925,84531950.75051497,197381771.63668257,7970611.253698833,206096161.06208992,67848673.19283268,41584539.19671061,21259639.1668448,17059054.276140694,97249521.50501445,52006202.299886025
2084,19342978.43706054,118277439.5318698,35825964.03193195,19148393.652797293,56225363.67444828,52862839.96634356,70773005.36218682,158445320.44818205,72224750.53012528,16575900.309576822,106443532.55977271,17156497.081352055,19784066.064864025,8238651.297140644,21823474.380179968,26809822.61393923,84047598.2855944,196211936.97041926,8145840.92607382,207426490.32474682,68617630.60590713,42514250.22734323,21083160.18059572,17697664.49874811,95613557.06947754,53301723.84704192
2085,17833493.24364696,117652012.81475998,34426307.41912434,18540692.814836692,58002966.71711422,53058422.96961809,71415777.88868663,163788606.20769632,73604891.99392492,16634630.035453832,107495057.15947364,16981311.718667902,19263961.664203357,8335288.318250694,22090164.299974345,27651441.58374163,87090963.88006403,194358978.6768046,8261626.485844273,203805375.9417915,69474858.2581952,43339608.466515504,21487489.539607823,18112118.974100634,111456918.23516059,53883856.80206993
2086,17432494.14862069,118222051.01363266,33773602.274819985,17831568.923120398,59494265.40349412,53347410.37560671,70139442.72743805,174610014.9362907,77248805.73793314,16563924.117691986,107930975.20339145,17077780.48607014,18630354.970729735,8569801.393662607,22366393.752725586,29931338.151109666,88696078.81235221,190901555.42920765,8163662.075358633,201493101.98118332,70055501.07323918,44037535.700635575,21517551.17812333,18043684.060872793,119933109.51984555,55881840.72230714
2087,17698636.523388818,122169881.54859439,33825998.1943279,17139310.22929996,60814506.6732134,53309376.304023854,68414575.46656413,180103435.93493116,79740830.01868519,16702717.880520057,108701999.3648235,16920599.195300143,18239110.59859283,8700730.418016974,22355998.217582695,31944719.9122138,87521547.79212664,191620810.62292656,8054630.068444703,197695755.50750527,71081455.3879961,44761294.8485755,21072961.834068835,18360814.838354353,116296006.87427491,56438609.91961571
2088,16725505.353663037,118521049.79508218,34265462.72076601,16818226.1526365,61571213.51200128,53268554.3179114,67842023.57423389,181876022.16375917,81449492.28933567,16644330.85129345,109437867.31009096,16971719.180029057,17883925.739804853,8769213.814569486,22296409.36209376,32662350.69108763,86307662.44532935,192729049.07003063,7932066.809642736,191664496.83220556,72522935.1011627,45420718.966638505,20688529.836615738,18230009.524414055,116062824.54554117,58690195.37244572
2089,15319110.757187007,111444122.02761315,34842560.141245455,16216030.879169488,60918015.876798995,53388514.51972642,69093595.95339899,184070304.2030399,84355126.50159697,16452374.716156341,110729185.0783976,17882238.000551485,17825509.080220688,8866211.79166282,22588936.20670962,33278899.51437482,84719943.33553162,192978899.53186435,7706212.769642452,187219448.4278683,74988967.97214466,45985454.022229694,20525155.35733582,18351323.209655758,112273791.14607024,60796033.230731934
2090,15191173.969755106,108688448.79764107,35710293.21697293,15798221.270082826,58549086.58058144,53779400.992201835,70999585.52994181,187565505.51056963,86317954.5348594,16395424.49263142,110530494.2741865,18302155.433508076,18245847.830985337,8907967.766502533,22889050.737961043,33597993.51808019,83575300.38686742,193068672.08130404,7693850.168766974,184321129.02823162,77097307.49059784,46108130.360762715,20547797.9902021,18942010.269849464,117119398.68951562,64075055.11341659
2091,14811915.486801293,111299325.42701952,35352395.4679359,15836752.874310505,57073451.32385082,53252018.68038199,70904850.85576501,197281408.14590997,91052374.92679003,16277774.843569621,109095902.48252667,19329245.58258397,18777507.282709368,8882014.660316799,23039762.68942243,33814202.47019137,83148953.80360356,191297571.42183092,7628915.584877532,185280276.0516266,78492339.95088677,45742784.26040861,20571163.154672667,18520869.174051277,111700227.03820065,68425366.8995784
2092,15367572.787339743,117149799.48025739,34797901.41050434,16383270.498830382,56047663.324942015,54420219.728790246,72031633.35940352,197883016.883212,94149084.98377877,16688920.042593256,115649472.5153649,19614811.277423352,18974253.193078984,8800457.18042493,22831043.33681306,33336485.81559719,85349977.46867256,192826581.86945117,7470216.079735999,182738966.3600249,77994037.79476787,46863347.03119469,21562734.405523073,18943273.189170912,111854595.15244982,70271691.74604096
2093,15517488.504452681,113370228.09504801,34746314.159697674,16968005.276097815,56417494.01494722,54673986.92812151,73126543.98204389,202044943.22838575,96969100.4660502,16771865.672988527,119252878.66896826,19933383.153553274,18785656.73366123,8785322.559429448,22836487.395119708,33086993.823028073,87387547.1009795,194644761.43784267,7392530.516776838,182766240.74606937,77502191.3449397,47272881.17289201,23626627.645436462,19057591.93371331,115947219.36996834,71148058.35007812
2094,14687135.518583905,105882024.94261067,34508695.85479604,17413265.69797239,56375615.00649357,52989004.199106805,75150001.85514341,205677769.28611577,99464612.59735851,17066006.344528113,116297923.33113365,20765017.757572755,18387849.224916957,8829045.262020174,22847355.902348157,33235491.377088733,88143616.50036696,194859959.72904643,7376496.555332567,181211234.07867205,75548462.18845053,46501533.14105633,23073991.28847042,21266893.82810303,120225693.34954782,72054596.58197594
2095,13972757.930813521,107392916.81573153,34171510.33949155,17622420.761673514,57545238.77880921,50380154.2523276,76535112.83331206,213256140.8866835,102191118.43832964,16846135.22509352,112190752.89219156,22061148.66162633,17904096.07649346,8849714.950542051,23090661.99006613,35027112.29074951,87347889.12071991,196363823.86406532,7452883.996651294,175764485.8508354,74692496.19690315,45157393.30239458,22297536.473220922,17888493.962856133,119592277.74552768,73610714.4570681
2096,14186694.182100905,104481267.71235791,32649611.652523395,17642952.696604602,59383018.98281634,49275475.8176119,76642999.23489149,227076800.39932463,104512255.6282701,16674818.170307737,110278652.37236407,22774557.533715636,17445957.27484935,8732258.944536643,22686777.553939465,35269963.070158124,85428387.23888703,197565275.69295493,7529770.681685482,170200362.70320722,72200057.8190372,44790206.36510195,22032007.258162785,17571522.689960465,115926440.585013,78201724.63196269
2097,14061541.656363538,102373654.68668471,33539399.788439732,17559521.987911724,60013234.451705724,48569313.17683698,77340998.93643294,229880139.75183624,103219729.16628034,16693136.620073698,112015577.91693763,23247306.064751554,17547280.936328527,8529069.772225786,23400779.841109995,34300099.034984194,84700870.19714317,198622738.44375595,7159459.283797673,171490805.6290146,70293696.78080085,45498543.7285109,21112069.33785465,18621548.17878022,113150285.17059608,80684646.90546499
2098,14411385.47881663,106716066.83453515,41102511.154820465,17736598.465638265,58410925.37507667,47963015.40939181,76891023.45991758,231022352.33993796,103694485.84670526,16696490.958775667,113225063.40176597,23503932.29626371,17805335.940299086,8333658.712498526,24175320.022747893,34203189.890386306,85057545.80111204,199020555.02772823,6934757.815093721,168417406.13844943,68575460.03403574,45790624.090906434,20058452.979847413,19230856.86472624,113493707.43638276,82663871.57814413
2099,14760238.915834166,109198700.66015436,33430604.07263441,18144889.80050278,58005776.83676123,48202668.23759617,76694042.66124532,232507717.3582522,103388603.57241108,16568047.877729539,114848267.26036783,23940247.088567406,18113513.744593192,8043005.04251341,24582738.018012285,34438698.426786974,85778416.40720989,199473183.0491994,6831776.736947385,165706493.24468017,69310118.75671443,46289293.14369601,19503377.468265314,20272575.37099321,111868154.26516719,84896557.97980669
2100,14708087.832013378,111957864.72311231,32785461.626650214,18318494.137900315,56885504.57904057,49187784.91230918,78136982.39521776,235157518.85514846,101002406.71740969,16578740.052682754,114589520.41622423,24405145.928215023,18390533.239634708,8331538.754531166,24775507.009694573,33507432.331886295,85644782.09883669,200330218.09902215,6746736.864148803,159791068.62254798,69749715.16487637,46618728.32115868,19166436.96566555,18711778.31296937,121040899.7127445,85857490.89985272
