NLC_count;GID_0;population;SSP5;SSP32;ADM0_NAME;ADM0_area_sq_km;GFA_NR_C;GFA_NR_M;GFA_NR_S;GFA_NR_T;GFA_NR_U;GFA_RS_C;GFA_RS_M;GFA_RS_S;GFA_RS_T;GFA_RS_U;GFA_RM_C;GFA_RM_M;GFA_RM_S;GFA_RM_T;GFA_RM_U
695;ARM;2774306.0;REF;CAS;Armenia;29690.06898;3406801.882;2790732.101;281288.9188;114543.539;230633.8122;461081.1113;140337844.9;3229.437783;624218.0759;4237127.602;34634888.16;33027146.26;0.0;1720537.657;0.0
3033;AZE;10188649.3;REF;CAS;Azerbaijan;86235.79212;10681131.28;7721850.559;2320142.905;263526.9286;547218.6556;11003.7075;541952907.5;85694.76958;3064610.934;11819752.26;155536140.6;30716292.37;10842.10511;5188246.739;0.0
1818;GEO;3680675.131;REF;CAS;Georgia;69844.1164;6496443.436;4747353.435;1250517.038;165501.8096;342161.4649;1048.619804;300939781.9;0.0;4923755.026;5416978.841;43364854.37;43456260.34;15.84734814;2390856.605;0.0
8738;KAZ;16419627.05;REF;CAS;Kazakhstan;2730535.474;24737362.26;18108984.66;4021740.65;8141866.332;25558488.63;146255382.7;973832837.1;0.0;90246638.68;305453510.9;204005213.7;183208903.9;56314802.85;701.1417218;0.0
1992;KGZ;5478946.575;REF;CAS;Kyrgyzstan;190795.4232;3623704.652;1928513.031;785670.6091;959085.3054;2908617.228;47108990.9;257203208.9;0.0;39400902.3;107158272.8;68354658.42;24501919.86;7035702.225;0.0;0.0
1694;TJK;9296150.0;REF;CAS;Tajikistan;142113.4366;3426704.616;1831648.605;656517.1778;875113.9089;2679837.826;67082028.65;237984703.0;0.0;36374693.73;99213484.17;72172441.03;29352923.09;8335696.824;0.0;0.0
2889;TKM;9519352.722;REF;CAS;Turkmenistan;489597.6664;3975352.038;2328557.389;409132.1134;949389.54;3033716.445;46864309.64;272527884.7;49719.64137;46866925.2;112602497.3;69994763.17;21998914.09;5997031.368;0.0;0.0
6493;UZB;33396359.68;REF;CAS;Uzbekistan;434391.9889;16019304.41;9187684.828;2924149.696;4247646.922;13117393.98;41666179.74;1698850039.0;0.0;78827727.54;414290953.1;302099378.1;291927286.3;51082134.72;0.0;0.0
5139;BLR;8962684.0;REF;EEU-FSU;Belarus;207070.5391;59440973.27;38160404.11;18011320.94;20197803.47;0.0;158245.1709;463869678.4;0.0;208758806.9;8555.704265;214426846.6;5430.413599;1.783594965;999.8150093;0.0
1180;MDA;3663866.0;REF;EEU-FSU;Moldova;33908.18064;5548321.492;5351593.247;3361355.587;153.7575373;410.2443932;276664110.6;7225752.134;0.0;10199.94257;0.0;2753190.427;60613685.08;0.0;121.0545708;0.0
18476;UKR;43264572.8;REF;EEU-FSU;Ukraine;601359.4187;138256305.8;163141434.0;45108267.78;342221.2358;456.2458972;1924557.848;2773491622.0;0.0;8952369.763;9535.157428;818968623.5;21319.72506;0.0;6678.396608;0.0
80564;RUS;134928608.5;REF;RUS;Russia;16856829.64;310180693.4;722218068.0;241093898.0;113702953.8;568.606763;23879154.88;5202989961.0;1.546489567;3366831926.0;435137024.9;1520723005.0;1472073827.0;6467995.523;221727025.0;0.0
9705;AUS;21141080.53;OECD;AUNZ;Australia;7688081.933;186573019.2;31390523.07;100252469.7;0.0;981410.1387;0.0;1115239562.0;0.0;1583791324.0;0.0;481289227.5;186196937.8;0.0;418101695.2;0.0
4;CXR;2053.027969;OECD;AUNZ;Christmas Island;139.4908445;6589.244208;1108.626656;3540.640592;0.0;34.66069799;0.0;142704.3622;0.0;202659.5347;0.0;8365.754538;3236.469441;0.0;7267.430798;0.0
3;CCK;550.268158;OECD;AUNZ;Cocos Islands;13.68040381;0.0;0.0;0.0;0.0;0.0;0.0;20317.63901;0.0;28853.80099;0.0;0.0;0.0;0.0;0.0;0.0
19;COK;17885.33835;OECD;AUNZ;Cook Islands;284.3536969;528.911094;6074.850698;223.0406404;1823.772976;0.0;0.0;411170.8236;3282.255036;269418.4342;0.0;0.0;0.0;0.0;0.0;0.0
1841;NZL;4391315.296;OECD;AUNZ;New Zealand;268708.051;4838475.291;2007277.134;1133707.488;12544812.17;0.0;13845504.09;19971833.34;490106.3396;374155348.1;0.0;343353585.6;0.0;3398167.177;0.0;0.0
0;NFK;2035.869362;OECD;AUNZ;Norfolk Island;40.74458276;0.0;0.0;0.0;0.0;0.0;0.0;0.0;0.0;0.0;0.0;0.0;0.0;0.0;0.0;0.0
32763;CAN;37613295.76;OECD;CAN;Canada;9867951.049;243667570.1;254486189.9;181418068.1;1175247.049;90754147.93;39759.65822;166222624.7;616893.7703;2881623195.0;0.0;65554462.59;162000812.7;9630050.382;845809222.8;0.0
1263;ALB;2784621.211;OECD;EEU;Albania;28728.24328;925108.8652;3735279.855;891985.6515;0.0;64.47758952;159410066.8;11322182.68;0.0;0.0;1619.050498;1574465.754;28181980.4;0.0;300570.1632;0.0
2362;BIH;3309867.916;OECD;EEU;Bosnia and Herzegovina;51068.86679;7176595.167;4948970.781;2450565.803;0.0;161016.6745;208232724.6;64221727.44;0.0;0.0;0.0;3798022.466;22603098.1;0.0;0.0;0.0
3977;HRV;4132617.566;OECD;EEU;Croatia;57099.23028;19808646.3;7276528.375;3524874.395;5255.461856;7.308958259;282653014.6;119716345.5;0.0;139.4065894;55520.06823;7274336.201;45606646.84;0.0;1262.216223;1972.212848
835;XKO;2117985.0;OECD;EEU;Kosovo;10836.60857;2566695.395;1083371.922;766961.9691;0.0;544676.7358;56396738.28;27699645.59;0.0;0.0;2643201.973;2818282.753;6219668.451;0.0;0.0;475681.6423
324;MNE;604629.7338;OECD;EEU;Montenegro;13336.63171;1661114.693;602494.8542;182282.6233;0.0;0.0;29544590.86;3611820.348;0.0;0.0;0.0;1610930.606;4600541.448;0.0;0.0;0.0
1196;MKD;2084146.0;OECD;EEU;North Macedonia;24909.69367;5578617.732;2032439.217;1759952.363;0.0;0.0;100503586.7;49329928.76;0.0;0.0;2956.389066;9687236.503;14648109.78;0.0;0.0;0.0
4366;SRB;6921078.0;OECD;EEU;Serbia;78232.03996;26699920.1;5638571.011;4755289.373;8.856900017;490.8618533;442242633.7;184516717.5;0.0;487.2379263;2748.451589;13096.7163;79366170.84;0.0;8468994.833;10196765.08
209;ISL;329454.7677;OECD;EFTA;Iceland;102227.2598;4919809.387;58616.44542;828395.7013;514330.2907;0.0;23879605.8;16407.73052;0.0;707657.8193;0.0;3697622.458;165961.3469;0.0;404941.509;0.0
9;LIE;37561.0;OECD;EFTA;Liechtenstein;159.297562;384501.9574;232337.6006;171172.9198;10864.74946;0.0;4187419.162;0.0;0.0;0.0;0.0;0.0;610409.8522;122281.4864;17314.58897;0.0
3800;NOR;5051909.236;OECD;EFTA;Norway;325204.2492;28376824.53;6446303.92;17573730.61;16206347.21;0.0;2991.337891;117113172.4;2698917.188;170121811.9;495.229194;30839079.96;432417.2402;2921287.902;4393017.711;0.0
0;SJM;77.86252022;OECD;EFTA;Svalbard and Jan Mayen;60343.74704;0.0;0.0;0.0;0.0;0.0;0.0;0.0;0.0;0.0;0.0;0.0;0.0;0.0;0.0;0.0
2435;CHE;8673149.063;OECD;EFTA;Switzerland;41084.40892;62921310.5;10321612.22;20858164.85;4886155.227;0.0;486522145.2;153245382.9;204157.3691;86962124.63;61702.79851;36345441.88;118266349.5;0.0;28715933.32;165.02775
28;XAD;29101.16653;OECD;EU12-H;Akrotiri and Dhekelia;233.7097514;263471.7619;5763.8198;211313.3985;0.0;0.0;3535270.278;0.0;0.0;0.0;0.0;119199.6417;94912.53987;0.0;0.0;0.0
457;CYP;951924.9619;OECD;EU12-H;Cyprus;5718.853662;4510680.301;98677.5518;3617720.461;0.0;0.0;81223639.51;0.0;0.0;0.0;0.0;19597038.08;6789311.324;0.0;0.0;0.0
8118;CZE;10771038.0;OECD;EU12-H;Czechia;78837.24676;133861527.6;30975558.56;80277895.17;72599.11188;2.48862291;1100874732.0;147223180.8;49111.60831;54675.22075;1253032.508;2845.989357;195918793.4;0.0;1334517.947;606.3013531
1145;EST;1362280.346;OECD;EU12-H;Estonia;43454.0913;13584658.04;2480523.107;8534244.799;1567467.156;0.0;89952467.48;9428148.399;0.0;1371.669232;5312788.09;0.0;12877102.79;0.0;1964552.304;0.0
5194;HUN;9290235.0;OECD;EU12-H;Hungary;93039.94276;60977598.09;12118738.51;29727971.31;158543.0123;134353.6365;646104152.6;319329199.1;0.0;3979009.095;0.0;36359626.16;135178394.3;0.0;840362.4322;0.0
44;MLT;459435.9187;OECD;EU12-H;Malta;324.3677188;4306787.456;579135.7589;1750669.951;0.0;0.0;30715966.8;4437923.379;0.0;0.0;0.0;4571058.027;11258598.53;0.0;0.0;0.0
227;ZNC;377685.5856;OECD;EU12-H;Northern Cyprus;3312.596553;1768759.542;38694.13251;1418605.877;0.0;0.0;25456598.93;0.0;0.0;0.0;0.0;3107242.769;1037939.064;0.0;0.0;0.0
25992;POL;38915568.55;OECD;EU12-H;Poland;312005.9922;244291659.3;57282730.52;107543097.5;14217796.59;0.0;2251274673.0;926499467.5;138342.1306;69377.28027;59996710.48;2821.33647;453405162.8;0.0;28389843.04;0.0
2779;SVK;5405703.0;OECD;EU12-H;Slovakia;49096.01473;40373977.55;10017357.85;29841464.74;110673.2811;74723.90108;450894533.2;74648318.28;0.0;1414382.505;2254.554453;276867.1291;85840619.8;0.0;1796107.133;4161.167008
1497;SVN;2172040.253;OECD;EU12-H;Slovenia;19956.90794;16187511.61;3251763.892;3171225.511;1397570.779;0.0;125341975.4;68842666.77;0.0;2341.563153;13124890.91;1308129.95;17301309.7;0.0;1001498.434;1889900.886
5030;BGR;6839695.219;OECD;EU12-M;Bulgaria;111586.7694;57278958.21;18923938.95;30103898.74;170205.9508;10.02199678;415037778.5;256527564.6;0.0;0.0;41.4765549;10300965.36;121232736.0;0.0;2479288.62;475985.0156
1119;LVA;2421847.391;OECD;EU12-M;Latvia;64709.14755;19359174.52;4412342.141;10210239.43;2747623.917;0.0;134973976.3;13759361.29;0.0;51810.15924;11617556.68;0.0;16899445.72;0.0;7864028.387;0.0
1598;LTU;2689111.216;OECD;EU12-M;Lithuania;65016.64754;24008006.57;7526566.765;13428956.92;4523742.826;0.0;202523808.0;27336292.75;0.0;80635.27437;19518541.09;11577.98853;41794486.53;0.0;15689439.24;0.0
11964;ROU;33699792.01;OECD;EU12-M;Romania;238338.0764;98899521.4;11438159.71;19735764.98;290.6798634;1517095.317;1187621586.0;462579004.6;0.0;123.3322676;0.0;59282848.74;157822162.9;0.0;15149686.49;17735.38129
21;AND;113616.0;OECD;EU15;Andorra;451.1008848;12809.0851;18601.20135;10302.48905;563.4271702;0.0;3239301.691;9426.815138;0.0;0.0;0.0;0.0;465250.9452;39947.87088;10257.58233;0.0
4299;AUT;8713615.0;OECD;EU15;Austria;83947.25278;80162018.33;37199766.91;19933875.07;4407774.569;17.36894798;888611538.0;868561.4832;4256.586267;43143512.4;15603.29231;1815019.149;154626905.2;0.0;15774788.9;5291664.691
3395;BEL;11584484.38;OECD;EU15;Belgium;30707.98468;132761675.3;47650495.54;74439406.14;28112786.68;0.0;1180754749.0;94502805.43;16752.7382;23278.42132;492931.4533;29637310.85;320622605.0;0.0;3088502.558;10489.88474
2624;DNK;5887331.751;OECD;EU15;Denmark;43144.98137;63626421.53;14690223.31;19524989.26;7316509.378;0.0;351389023.9;104788811.3;0.0;0.0;14005243.86;0.0;92191479.51;0.0;10658998.03;0.0
39;FRO;51501.29459;OECD;EU15;Faroe Islands;1440.070673;949.130998;219.1376787;291.2590728;109.1421721;0.0;28419.54627;8091.415382;0.0;0.0;1074.846632;0.0;0.0;0.0;0.0;0.0
3837;FIN;5307963.13;OECD;EU15;Finland;336977.7207;53511027.3;12352189.55;32634624.96;22543967.51;0.0;307420699.1;19182423.08;2.608840667;188.0661388;31620317.8;0.0;36410714.51;0.0;9822188.121;0.0
32956;FRA;67606528.28;OECD;EU15;France;549518.1176;684990394.4;147251850.2;231265332.3;16749031.86;0.0;2325588219.0;2274177753.0;180967.5122;44498752.55;1705621501.0;613154964.7;935456120.3;0.0;36232118.98;98216527.13
29206;DEU;78084423.76;OECD;EU15;Germany;357546.5223;1040128930.0;201347797.7;282922020.2;215403253.5;0.0;5395757538.0;1080784349.0;967969251.8;735769690.7;477729.3385;430771816.7;1041603446.0;0.0;750389599.0;19183.56544
1;GIB;39327.40625;OECD;EU15;Gibraltar;7.182798681;89056.8274;108901.9422;116837.8066;10555.90743;0.0;1027045.526;0.0;0.0;0.0;0.0;0.0;910392.5781;138322.8799;26890.13995;0.0
9526;GRC;10620483.78;OECD;EU15;Greece;132594.6961;69773951.19;34717544.86;13220441.71;619306.5884;1793.259006;934281806.3;41262636.77;0.0;0.0;5472.102474;209128976.3;76407762.41;0.0;1907041.307;0.0
29;GRL;55272.45132;OECD;EU15;Greenland;2150935.681;133367.5586;138995.8713;98496.61013;0.0;49879.68624;0.0;86177.05501;410.3669286;1965247.221;0.0;373.1161774;2412.389078;75.05210465;18582.90111;0.0
12;GGY;66264.83139;OECD;EU15;Guernsey;88.74919218;163165.106;212057.8023;146482.9935;11975.81833;0.0;1505947.506;1884089.844;0.0;0.0;95145.49159;0.0;229635.61;0.0;11755.75971;0.0
3758;IRL;5353639.778;OECD;EU15;Ireland;70273.6141;21144757.28;15422807.3;6824723.589;1683706.443;0.0;166847800.8;161102915.2;0.0;0.0;23357740.72;0.0;49808374.48;0.0;7244670.833;0.0
15;IMN;93901.53134;OECD;EU15;Isle of Man;579.9098411;176327.0609;239399.3444;51909.97341;0.0;0.0;68530.56261;4530836.055;0.0;0.0;0.0;0.0;579700.9723;0.0;0.0;0.0
26081;ITA;61966868.47;OECD;EU15;Italy;300726.6407;881379110.2;226498578.0;208903827.8;48724.06975;0.0;3361931645.0;2693736042.0;0.0;270867.3942;237941.2567;537963768.2;1140134224.0;0.0;134865.3706;82523.01197
17;JEY;109874.9362;OECD;EU15;Jersey;125.1322971;161066.0268;209329.7305;144598.5256;11821.75236;0.0;2143909.977;2682244.234;0.0;0.0;135451.8454;0.0;769857.1411;0.0;39411.37682;0.0
358;LUX;587189.0;OECD;EU15;Luxembourg;2581.378153;7530979.669;8124776.771;2766036.554;207066.0742;0.0;19291540.31;44391112.06;14569.03186;25591.33686;1308603.101;24446.73776;14957937.51;0.0;337018.6298;2547.266523
3189;NLD;17305541.8;OECD;EU15;Netherlands;35689.20659;171916052.4;78829645.56;193436214.9;18209336.16;0.0;1410358300.0;27031129.22;246989.6842;114988.8198;0.0;23496517.66;476351928.0;0.0;13454108.89;0.0
8112;PRT;10666295.84;OECD;EU15;Portugal;91877.56935;99133309.87;3004734.595;45774417.18;0.0;0.0;1066220728.0;261230502.6;0.0;0.0;4406302.863;130714184.5;138141743.8;0.0;0.0;1953253.05
2;SPM;5612.738209;OECD;EU15;Saint Pierre and Miquelon;226.3873046;926.699671;965.807799;684.4001431;0.0;346.5872009;0.0;8152.055486;38.81931184;185905.6844;0.0;0.0;0.0;0.0;0.0;0.0
5;SMR;34289.0;OECD;EU15;San Marino;61.24117176;170127.8704;43726.87386;40324.34538;0.0;0.0;1110817.215;1384279.853;0.0;0.0;0.0;98960.42289;368054.3147;0.0;0.0;0.0
0;SGS;0.0;OECD;EU15;South Georgia and the South Sand;4098.433029;0.0;0.0;0.0;0.0;0.0;0.0;0.0;0.0;0.0;0.0;0.0;0.0;0.0;0.0;0.0
25382;ESP;52797205.42;OECD;EU15;Spain;506039.7966;326270918.5;323170005.8;300257916.7;619.4880518;0.0;2206143054.0;1210485383.0;0.0;892.6979068;27162.49271;184213827.0;985240819.2;0.0;0.0;0.0
8414;SWE;9925779.492;OECD;EU15;Sweden;450131.5079;90149176.6;27099134.07;57833364.87;36747140.23;0.0;482596152.7;65261482.44;0.0;0.0;92169960.18;0.0;89357279.96;0.0;41676287.69;0.0
14520;GBR;67368022.94;OECD;EU15;United Kingdom;245313.5449;216367154.8;281166863.1;194210266.3;15881068.73;0.0;1659778871.0;2064700923.0;0.0;0.0;104353643.8;0.0;1157934088.0;0.0;59301041.63;0.0
43;ALA;29210.23191;OECD;EU15;Åland;1522.010725;123624.4923;28536.79399;75394.53356;52082.4712;0.0;1529384.786;91600.08505;0.0;0.0;150776.9292;0.0;40887.70511;0.0;12996.98797;0.0
20872;JPN;128738771.3;OECD;JPN;Japan;371525.2139;254065131.5;1710193.665;507588954.1;47988571.25;1859095.212;577485227.4;47128406.55;485678598.1;7404755839.0;2846127.537;5455635243.0;4136189.315;445752374.5;277256888.8;0.0
11138;KOR;52243065.99;OECD;KOR;South Korea;100545.4489;334975192.0;84845389.12;125380126.7;0.0;0.0;1155402173.0;1336334426.0;126558916.5;430415821.7;0.0;2503844928.0;466382508.1;9889836.847;39401126.55;0.0
45932;TUR;80372262.95;OECD;TUR;Turkey;780697.0214;367793811.2;46238795.18;1150670.958;4847135.114;5839310.096;2266592934.0;598522244.0;149036.5296;5458.699128;29443281.53;576563373.1;640483979.4;234875.4685;26328924.57;0.0
870;PRI;3659652.907;OECD;USA;Puerto Rico;8969.996251;10980755.61;3841880.085;2946179.625;929440.2662;0.0;147705.782;280345574.3;0.0;88808101.45;0.0;77697387.96;54977808.57;0.0;4769324.894;0.0
331633;USA;340738520.2;OECD;USA;United States;9315632.978;1010970684.0;1585501895.0;2197235769.0;1167042540.0;2697195.443;243619317.2;6733157155.0;34689717.87;33327659870.0;62741.4215;710737001.6;2758375280.0;387486117.3;7918877434.0;0.0
37;VIR;105603.3193;OECD;USA;Virgin Islands, U.S.;362.2550085;58750.60195;1109475.438;187418.948;434117.4425;0.0;148853.3558;14127879.26;0.0;4563580.097;0.0;2258318.471;3338197.513;40403.6376;484843.6512;0.0
98;BHR;2336012.514;MAF;MEA-H;Bahrain;714.9081937;4153384.576;3295610.792;1352493.839;0.0;0.0;48530068.09;20069608.17;0.0;0.0;5787307.322;39945804.51;1943671.696;0.0;0.0;0.0
1149;ISR;8890446.818;MAF;MEA-H;Israel;22159.0112;43967054.86;2136250.755;3994455.188;0.0;0.0;363521658.5;27495713.12;0.0;5221.672304;111711.7492;242310667.6;7968854.185;0.0;0.0;0.0
605;KWT;3623931.923;MAF;MEA-H;Kuwait;17427.26334;12401396.68;12445447.02;2897643.232;0.0;0.0;64847097.33;78482214.15;0.0;0.0;2656949.958;113885188.2;10430048.35;0.0;0.0;0.0
2930;OMN;3588401.202;MAF;MEA-H;Oman;309144.8217;7277440.397;6561565.274;1923009.202;0.0;0.0;127968488.9;104114848.7;0.0;0.0;36706079.16;64106841.87;3566378.725;0.0;0.0;0.0
536;QAT;6734752.082;MAF;MEA-H;Qatar;11582.55527;19712098.49;12514601.16;7772818.232;0.0;0.0;121088868.1;14177685.8;0.0;0.0;4140386.12;66672731.09;926104.0413;0.0;0.0;0.0
20648;SAU;34139242.49;MAF;MEA-H;Saudi Arabia;1923014.668;81382126.38;76845021.53;22599024.91;0.0;0.0;1126530251.0;695480377.5;0.0;6.3134654;84456351.64;822355816.6;102158873.2;0.0;0.0;0.0
1950;ARE;9248285.674;MAF;MEA-H;United Arab Emirates;71096.9693;73086799.5;52238787.16;18287010.44;0.0;0.0;349321138.0;107174958.2;0.0;0.0;1583605.45;236394670.8;12075657.98;0.0;0.0;0.0
36566;IRN;79244436.05;MAF;MEA-M;Iran;1621750.322;62613909.82;47351398.35;100649537.3;13.71474786;28.47893353;63715221.41;2437264812.0;497017178.0;8742366.108;111669232.5;197462726.2;437737948.1;593368345.6;1394.248234;4240.356712
11014;IRQ;44244297.98;MAF;MEA-M;Iraq;436454.7824;10559313.74;17725679.7;1647438.222;452671.3402;2022901.985;314223191.2;556214731.5;55061089.28;439.6190715;113630966.2;73832938.11;206411446.8;14.97250545;738.6436023;0.0
1334;JOR;7102526.054;MAF;MEA-M;Jordan;89194.48725;5704581.285;8410524.931;771294.1615;0.0;0.0;60742410.36;199796367.3;0.0;10.491933;5751154.812;125747132.1;47291442.4;0.0;0.0;0.0
944;LBN;10058031.83;MAF;MEA-M;Lebanon;10238.28054;3820263.219;3849835.119;891205.408;0.0;11.27965675;56700478.62;233254611.5;0.0;2104509.944;5611059.022;127664982.8;41831006.19;0.0;0.0;0.0
510;PSE;5754911.315;MAF;MEA-M;Palestine;6219.916941;6097235.444;1148813.335;1092702.077;30.01847843;236.9535;194906729.4;18041654.76;0.0;4753.022656;3189309.609;89475569.0;78757.83993;0.0;868.9118966;0.0
3583;SYR;26733119.06;MAF;MEA-M;Syria;186917.5203;13009737.64;13043039.94;2695065.003;0.0;838708.7895;187306242.2;346078701.7;635.7700292;2156237.636;32109506.83;94559853.24;132474608.3;0.0;0.0;0.0
1588;YEM;30119753.47;MAF;MEA-M;Yemen;452176.6538;812416.8544;847996.9242;152109.2971;0.0;102427.3409;38414314.09;101237748.2;0.0;1855946.665;11903121.52;27668371.52;31464715.72;0.0;0.0;0.0
12598;DZA;43414841.03;MAF;NAF;Algeria;2308022.015;21187344.9;43736572.65;9468379.859;1275319.527;6778667.319;1316762612.0;297368734.9;0.0;31929694.14;20317.02429;77037617.2;324445033.6;0.0;2699691.216;77857166.32
8934;EGY;96070347.55;MAF;NAF;Egypt;983762.8373;15387797.39;59634063.81;11466798.2;1644131.715;12978098.31;255062322.4;2153640163.0;0.0;39782950.73;373000431.7;1039082342.0;400045960.8;0.0;42523403.98;0.0
4582;LBY;6463791.953;MAF;NAF;Libya;1616069.101;5844649.256;10592677.05;2028819.438;348273.2406;1650288.412;120879695.9;490210223.5;0.0;10249751.98;61976637.73;137159438.7;28206514.41;0.0;3031147.817;0.0
7411;MAR;35526180.39;MAF;NAF;Morocco;413489.5129;11451247.14;42555237.28;7318665.317;305901.0489;3327126.536;68279952.51;528835978.4;0.0;4093889.602;28592404.54;163488155.9;60475313.16;0.0;1102824.84;0.0
4090;TUN;11707546.64;MAF;NAF;Tunisia;154255.9611;6469608.324;14599908.4;3549910.971;373036.9676;2096664.696;95588201.73;453826557.5;0.0;9206158.57;63362136.39;151325899.8;35449140.25;0.0;3811735.511;0.0
75;ESH;476000.5195;MAF;NAF;Western Sahara;267318.8585;120868.1446;449171.388;77248.66006;3228.791743;35117.8877;1300506.478;10074126.29;0.0;77982.39953;544677.0675;3511791.103;1299033.961;0.0;23689.1195;0.0
20861;ZAF;59608181.41;MAF;SAF;South Africa;1219709.193;18526821.22;107534091.1;12936053.12;1220329.387;7158114.285;75461596.31;2919517037.0;0.0;62392088.39;404318790.2;625021147.2;405685992.8;0.0;0.0;0.0
514;BEN;12983615.61;MAF;SSA-L;Benin;115286.67;99457.13364;1621621.495;284443.5543;46805.84763;968047.4963;3278746.784;165583108.7;0.0;73314446.1;10137641.41;27987017.98;60125660.57;0.0;7330429.447;0.0
583;BFA;22614626.0;MAF;SSA-L;Burkina Faso;272946.9476;42928.42622;912579.0853;226253.8681;0.0;995270.8529;2446115.775;121844050.1;0.0;45258858.71;82626617.5;27348109.68;58520273.14;0.0;1977.071447;0.0
94;BDI;11342738.0;MAF;SSA-L;Burundi;25074.08359;5106.891503;282830.7262;72956.08325;5842.289742;561941.364;63079.10551;33381462.64;0.0;5555166.559;3057233.98;873414.6534;19731231.03;0.0;1449074.311;0.0
194;CPV;544219.4183;MAF;SSA-L;Cabo Verde;4090.173996;23293.2941;387323.2602;58179.81948;5788.639889;208153.6321;289732.541;11839368.42;0.0;4337365.123;779518.5032;2023136.987;3392051.481;0.0;343812.3487;0.0
498;CMR;27963202.45;MAF;SSA-L;Cameroon;466042.963;1847649.66;7008628.652;1230228.141;1121355.474;3043018.592;25149552.45;212295134.5;0.0;60810881.88;48747416.39;104175525.2;44121020.39;0.0;41783200.6;0.0
54;CAF;5108368.0;MAF;SSA-L;Central African Republic;620198.9223;4253.229016;76482.08099;13716.96714;20360.61716;93245.24926;332141.6572;18846572.65;0.0;7945091.522;5761506.766;2386882.98;5607883.564;0.0;7197113.098;0.0
162;TCD;15925405.44;MAF;SSA-L;Chad;1269956.168;32806.88567;291100.8603;25621.08913;0.0;745286.5258;1119606.288;41149166.15;0.0;8186212.206;22239452.17;12157151.25;19167639.4;0.0;0.0;0.0
41;COM;891782.481;MAF;SSA-L;Comoros;1673.455951;1682.840203;56502.81833;10167.41402;25705.68578;17391.12598;81987.22061;5932893.418;0.0;3491377.875;1140367.705;630576.955;1901061.227;0.0;1356012.589;0.0
3646;CIV;26351336.61;MAF;SSA-L;Côte d'Ivoire;321543.6863;510830.5402;7505874.884;1046401.115;248822.3859;5172673.789;7595067.132;381163834.4;0.0;172172004.9;18785473.17;66628983.11;141761394.3;0.0;17164744.8;0.0
589;COD;113118540.9;MAF;SSA-L;Democratic Republic of the Congo;2328867.826;337788.8638;4655057.811;1012972.414;906424.7409;4185197.804;3995998.448;205700447.1;0.0;110334644.3;36425636.17;53041913.62;114165575.1;0.0;141317207.7;0.0
60;DJI;1163225.935;MAF;SSA-L;Djibouti;22372.60886;7192.182178;612502.4461;73095.55181;327414.5842;244565.9967;33123.71704;4123902.771;0.0;2869618.019;4015698.629;731492.6631;3985659.69;0.0;159953.0623;0.0
97;ERI;4130328.069;MAF;SSA-L;Eritrea;120467.9131;3454.59296;250269.15;19458.72433;17496.20994;6530.544046;142029.0181;17392536.54;0.0;4381234.119;2156915.259;1172435.077;6230977.08;0.0;649026.5606;0.0
1444;ETH;103150363.0;MAF;SSA-L;Ethiopia;1129021.404;6847.980295;2954022.094;508793.6196;2348752.348;122179.8192;118006.9185;47330509.97;0.0;327881821.0;78592538.84;962192.4133;31737392.81;0.0;119340030.9;0.0
76;GMB;2430806.679;MAF;SSA-L;Gambia;10670.63386;20988.94579;191066.7305;23641.91659;1627.877618;110031.0433;1346866.795;34191697.43;0.0;9429831.087;919884.6619;8853639.821;9909733.559;0.0;229839.7363;0.0
4752;GHA;33077205.72;MAF;SSA-L;Ghana;239473.6563;1072742.055;7787707.934;1386239.91;263418.7992;2903738.582;43037559.48;725317330.4;0.0;183961390.2;133217479.1;225660593.1;169033347.3;0.0;44476886.49;0.0
281;GIN;12240793.77;MAF;SSA-L;Guinea;244819.9525;121262.2566;1066398.52;178795.0515;0.0;2283135.636;2046796.053;73088948.62;0.0;43272934.47;34352569.58;36278298.05;55962480.11;0.0;0.0;0.0
33;GNB;1863588.362;MAF;SSA-L;Guinea-Bissau;33895.80793;5782.111135;110690.2375;15457.93114;3787.725039;85439.19251;257246.1432;14534407.09;0.0;7101347.478;672450.4444;2863427.076;6797874.871;0.0;869875.2352;0.0
3328;KEN;55057260.15;MAF;SSA-L;Kenya;585987.1418;668424.516;7597353.543;739018.9181;1690805.096;6369702.098;14294159.18;351055952.4;0.0;172410913.9;139619334.2;39022625.75;51414289.04;0.0;48483077.21;0.0
241;LSO;1848843.0;MAF;SSA-L;Lesotho;30544.33583;26468.85743;992677.5811;87607.39426;0.0;57660.95269;965316.1242;54763875.3;0.0;1713768.655;682896.5395;4200726.207;10048684.26;0.0;0.0;0.0
93;LBR;4511015.886;MAF;SSA-L;Liberia;95915.67928;17061.77875;1314842.532;124033.0919;25227.54782;600597.4117;198134.5837;26106135.14;0.0;31883906.5;3272788.245;4176303.123;25161170.09;0.0;1619643.871;0.0
325;MDG;27534089.61;MAF;SSA-L;Madagascar;591452.5177;76008.83996;1640426.704;273384.802;701401.2748;523216.8348;1455095.016;82030981.51;0.0;46605014.4;9821891.356;11649142.05;27711864.09;0.0;17078635.59;0.0
910;MWI;18266311.32;MAF;SSA-L;Malawi;93376.87408;38610.86711;2013171.236;268728.6786;20978.10862;1212939.194;1129083.858;184477252.0;0.0;25671967.51;19387900.64;5227495.874;35817905.79;0.0;1454324.499;0.0
404;MLI;22743036.0;MAF;SSA-L;Mali;1251193.621;25729.20724;814006.9649;143148.6468;0.0;1244797.494;760517.4705;178478925.6;0.0;8325242.086;12199083.05;8488654.593;82194479.37;0.0;0.0;0.0
188;MRT;4260335.171;MAF;SSA-L;Mauritania;1041173.193;71250.1848;486929.2602;73689.91894;43890.11415;71119.47302;1638883.203;43062013.55;0.0;7896824.114;8227250.05;7138102.328;8539852.393;0.0;6828412.985;0.0
55;MYT;271235.7984;MAF;SSA-L;Mayotte;391.0425933;5926.579752;198990.0517;35807.31548;90529.56817;61247.58306;62168.33151;4498726.535;0.0;2647402.065;864704.9747;405094.5457;1221277.638;0.0;871128.0982;0.0
1431;MOZ;30575272.16;MAF;SSA-L;Mozambique;787466.824;387306.5652;4367851.765;878923.4042;1541953.151;2012184.74;10032550.77;339758932.2;0.0;176449976.4;13591304.6;59546998.94;86905804.0;0.0;6340173.022;0.0
271;NER;23515960.15;MAF;SSA-L;Niger;1183670.608;9930.057754;407889.72;68852.81791;20056.66009;388078.7661;444182.0406;60739311.6;0.0;40162320.32;1952335.016;4669906.12;26579787.75;0.0;4562469.63;0.0
5103;NGA;216004671.0;MAF;SSA-L;Nigeria;903202.4528;4031379.391;24079895.4;3477613.471;3453650.33;25478393.12;83776821.05;1414875875.0;0.0;911185655.0;364142317.0;771003342.9;578399191.6;0.0;220954293.0;0.0
205;COG;3859404.874;MAF;SSA-L;Republic of the Congo;341732.7692;115802.6856;1169028.218;263252.4573;170051.8331;881261.5492;2233391.098;75249059.86;0.0;35172790.54;12102733.89;16306115.32;23065673.59;0.0;22699453.26;0.0
283;RWA;13498994.0;MAF;SSA-L;Rwanda;25279.94889;2792.904749;258858.3453;45080.62922;4366.830555;336405.4045;215133.2391;64529358.07;0.0;45622235.19;512995.1965;2288212.866;29287892.95;0.0;1947467.847;0.0
7;SHN;3891.321262;MAF;SSA-L;Saint Helena, Ascension and Tris;411.3922278;253.008172;4207.045583;631.9402363;62.8753147;2260.932684;3225.469746;131802.6774;0.0;48286.05006;8678.049553;826.4681172;1385.680959;0.0;140.4501753;0.0
942;SEN;16386024.18;MAF;SSA-L;Senegal;196889.3613;539284.1216;3798687.467;321352.8255;53352.89635;544970.5358;13641337.41;211676601.6;0.0;19568858.11;2639193.209;62222340.64;43155602.29;0.0;1634112.212;0.0
93;SLE;6835443.529;MAF;SSA-L;Sierra Leone;72603.5832;45263.3144;605076.0012;70951.02792;869.1757278;626648.18;962092.425;38426353.74;0.0;20235798.29;4090485.674;18868897.9;31527394.67;0.0;177006.5469;0.0
139;SOM;10726396.84;MAF;SSA-L;Somalia;633529.3985;32551.80331;416523.7634;26116.05887;72084.86736;120763.7213;1442274.099;28999735.89;0.0;31915134.87;14762099.6;16013583.9;13120240.42;0.0;6022232.542;0.0
136;SSD;16396488.0;MAF;SSA-L;South Sudan;628098.4526;3127.612225;143657.564;32898.15263;50359.83087;31714.26255;127673.5565;12556930.71;0.0;9414742.626;1543904.303;1021541.489;4218620.064;0.0;3416969.709;0.0
2553;SDN;41666865.43;MAF;SSA-L;Sudan;1872134.18;96711.6286;2316322.322;422003.2185;943326.7337;682255.2125;4978906.152;307088583.6;0.0;186192318.4;37019256.45;34115110.68;89062157.54;0.0;58468504.55;0.0
673;SWZ;1086332.0;MAF;SSA-L;Swaziland;17383.21453;14690.86822;407703.4816;46841.8669;2091.514243;27937.4586;805933.5876;40422633.42;0.0;13147782.33;1167980.963;1484451.545;3114074.765;0.0;145171.6755;0.0
25;STP;216285.3392;MAF;SSA-L;São Tomé and Príncipe;1002.072644;1132.608231;11591.52398;1995.455296;2146.426541;12004.91304;113855.0345;3525460.46;0.0;1587613.096;553092.7312;190646.2971;248436.1651;0.0;230556.7969;0.0
2122;TZA;55908356.55;MAF;SSA-L;Tanzania;885805.4013;913069.0034;6929320.89;771004.0088;101111.8616;3250073.101;33122002.41;610614255.6;0.0;204383011.4;1937419.588;130600507.3;105855125.2;0.0;4334458.644;0.0
411;TGO;8656454.688;MAF;SSA-L;Togo;56903.94933;76245.76899;1375267.244;241467.2651;43356.77466;881176.0323;1605775.903;103159780.0;0.0;54207479.6;4505971.757;21213372.41;57713181.32;0.0;8005024.317;0.0
662;UGA;42057906.43;MAF;SSA-L;Uganda;209849.9119;445925.6249;4221239.632;784826.8322;34070.80598;4043347.514;6629446.285;212852513.5;0.0;87200805.26;3270662.627;40461944.76;55905317.16;0.0;1209662.469;0.0
1757;ZMB;18243329.92;MAF;SSA-L;Zambia;751174.218;650320.3572;8499655.799;896910.5852;24276.70241;3806265.525;8832450.89;303342203.3;0.0;27876369.33;31346486.1;41177486.52;60497302.89;0.0;0.0;0.0
1964;ZWE;14114458.76;MAF;SSA-L;Zimbabwe;390044.3207;584920.1229;8600195.357;985190.469;1411597.047;4437980.665;4458869.676;166664682.2;0.0;41818348.35;28053823.35;15167034.77;24225858.96;0.0;4646115.47;0.0
1012;AGO;35679237.86;MAF;SSA-M;Angola;1246912.671;1075964.182;7707667.795;704112.6347;1044669.118;3133028.751;13721775.14;291070076.2;0.0;53505314.34;48635772.5;122258665.7;114595350.4;0.0;18097954.99;0.0
961;BWA;2103845.44;MAF;SSA-M;Botswana;577884.859;554779.6914;2967084.087;344538.3439;7837.899738;574272.3699;5153409.545;213114389.7;0.0;10480894.54;18922794.02;27719767.03;24435080.36;0.0;395948.0992;0.0
134;GNQ;1286646.301;MAF;SSA-M;Equatorial Guinea;26958.98295;148420.1604;1410094.36;279408.9672;50452.4603;649490.8917;1028003.653;26633649.4;0.0;5975498.263;2691698.61;5849125.097;6388336.963;0.0;1695661.087;0.0
169;GAB;2892923.978;MAF;SSA-M;Gabon;264551.2735;136762.494;1042715.978;149102.5708;180633.3434;1089264.359;2039304.825;53457090.92;0.0;21945991.68;7884174.304;17156935.62;18969359.68;0.0;14784492.89;0.0
208;MUS;1292224.181;MAF;SSA-M;Mauritius;2029.597054;374831.9763;2412625.362;345913.6865;373820.6127;264920.4204;1011912.971;36389732.21;0.0;8995403.153;9509745.658;8098312.396;5386484.07;0.0;4216432.815;0.0
1326;NAM;2270324.353;MAF;SSA-M;Namibia;824037.8876;824004.5153;3963523.235;495086.7907;1030626.153;353024.7738;1499931.179;49425609.25;0.0;23919812.97;23508146.84;16647354.29;9937369.903;0.0;0.0;0.0
143;REU;963683.0765;MAF;SSA-M;Réunion;2512.454611;485749.3435;3126550.721;448273.778;484438.7051;343313.6136;1428105.526;51356568.35;0.0;12695148.02;13421035.91;16076212.02;10692877.2;0.0;8370172.028;0.0
39;SYC;107754.1122;MAF;SSA-M;Seychelles;494.9220822;0.0;78052.00461;8181.5192;38187.01034;35970.05932;71303.82131;3123107.373;0.0;1354772.605;368321.1183;162260.2827;59394.58827;0.0;176432.1818;0.0
88994;BRA;214433674.4;LAM;BRA;Brazil;8509078.022;208066740.8;256772997.1;54090205.58;16.66916353;0.0;17.0034513;7734624502.0;71.1053418;200992763.3;1682889764.0;3939886623.0;1106681451.0;0.0;0.0;0.0
266;BLZ;405990.79;LAM;LAM-L;Belize;22046.62292;283253.4696;294251.5791;363141.6886;26915.13466;0.0;1602089.593;20611909.58;0.0;1763682.917;459395.6168;907370.195;2185683.776;0.0;0.0;0.0
3162;GTM;18207720.08;LAM;LAM-L;Guatemala;108283.1697;381347.583;9878800.503;906959.7402;926777.2915;0.0;2127944.914;412377727.8;0.0;74939048.77;5999795.645;50649420.28;93929037.4;0.0;0.0;0.0
275;HTI;14798908.81;LAM;LAM-L;Haiti;27106.85878;630973.0308;1183012.737;981366.5693;231393.1619;0.0;8380990.891;62445327.71;0.0;4713728.578;17067586.97;40919008.08;9368577.123;0.0;0.0;0.0
3923;HND;9536801.459;LAM;LAM-L;Honduras;112290.7977;1542065.915;2695813.055;2244578.767;260231.2638;0.0;10203516.21;266369781.9;0.0;29849084.03;1850959.512;45169380.76;42914435.07;0.0;0.0;0.0
1291;NIC;6770446.263;LAM;LAM-L;Nicaragua;119395.4204;436420.8014;1837098.892;1834431.336;634209.7648;0.0;10325555.35;100159774.0;0.0;43549086.51;4370579.331;7353788.216;39042351.95;0.0;0.0;0.0
9;AIA;15377.6523;LAM;LAM-M;Anguilla;79.95984561;8347.3823;696.0373232;3665.172977;10159.38726;0.0;3083799.165;0.0;0.0;29933.74316;4365.337544;17407.14608;0.0;0.0;0.0;0.0
41;ATG;97147.35616;LAM;LAM-M;Antigua and Barbuda;436.1268369;70736.48245;14277.38102;64912.92384;97963.0887;0.0;3233989.666;0.0;0.0;5292253.227;1377788.553;1193927.923;0.0;0.0;0.0;0.0
16097;ARG;43963909.48;LAM;LAM-M;Argentina;2779063.221;47383502.13;40274812.1;14938227.74;940.7353307;0.0;0.0;1897807710.0;0.0;70679522.78;387114564.2;297646834.9;738975987.7;0.0;0.0;0.0
13;ABW;117006.7699;LAM;LAM-M;Aruba;182.0917106;616963.386;84811.69267;424781.0607;147643.425;0.0;315483.13;842857.9144;0.0;10613417.54;0.0;5409766.372;0.0;0.0;0.0;0.0
358;BHS;401710.2064;LAM;LAM-M;Bahamas;13406.57379;1038986.49;124524.9087;679228.3447;111363.2241;0.0;0.0;10771596.39;0.0;13610901.49;3372195.21;2027119.494;3012958.811;0.0;0.0;0.0
57;BRB;290228.4406;LAM;LAM-M;Barbados;434.8147279;359052.6683;708853.5983;131244.5148;84617.71318;0.0;1242820.2;20161305.46;0.0;6164388.191;49712.80799;1970613.369;5712089.824;0.0;0.0;0.0
20;BMU;70442.2077;LAM;LAM-M;Bermuda;67.73526511;676190.1473;81042.93672;442053.4038;72477.08762;0.0;0.0;3298177.805;0.0;4167550.62;1032539.56;431649.5049;641571.5416;0.0;0.0;0.0
3883;BOL;11333329.46;LAM;LAM-M;Bolivia;1084381.785;3002650.683;10522335.85;105388.4935;0.0;0.0;0.0;336216355.3;0.0;20661278.64;18257348.7;16920859.25;136209860.5;0.0;0.0;0.0
17;BES;31355.61582;LAM;LAM-M;Bonaire, Sint Eustatius and Saba;323.7606037;92440.31697;33337.57599;135997.2003;96968.30948;0.0;1093426.185;2005686.991;0.0;282414.8152;4740.776274;659484.0509;0.0;0.0;0.0;0.0
30;VGB;34670.99136;LAM;LAM-M;British Virgin Islands;170.4426257;51825.915;8098.913044;44442.10407;11690.94688;0.0;475392.0694;1260976.578;0.0;1785999.438;23042.8669;325061.7039;0.0;0.0;0.0;0.0
37;CYM;76474.67519;LAM;LAM-M;Cayman Islands;280.5521658;364474.7838;7042.423503;96684.55471;18343.73642;0.0;5469251.237;0.0;0.0;9873.665614;2116002.492;184050.9823;668036.8986;0.0;0.0;0.0
5518;CHL;20275751.01;LAM;LAM-M;Chile;752749.317;42027312.43;7373182.421;9257842.977;0.0;0.0;39392646.76;331313278.8;0.0;396724025.6;9558832.677;285252428.5;0.0;0.0;0.0;0.0
6933;COL;62726916.02;LAM;LAM-M;Colombia;1137241.141;43188264.36;14345665.26;8466058.705;0.0;649897.1952;981218.93;831915233.8;4103449.649;37142026.28;19713607.01;196583885.4;326908329.5;0.0;0.0;0.0
2637;CRI;4826970.696;LAM;LAM-M;Costa Rica;51174.48721;3754880.508;5005086.431;3099252.898;175635.7268;0.0;27198328.43;180578738.6;0.0;40532290.97;3525776.025;34764478.34;33076598.1;0.0;0.0;0.0
3772;CUB;11134838.38;LAM;LAM-M;Cuba;110754.1156;17737879.35;10100074.4;3443667.042;3723735.446;0.0;21700814.81;198364141.9;0.0;30669137.58;1894716.078;28358283.34;42149631.48;0.0;0.0;0.0
36;CUW;175446.905;LAM;LAM-M;Curaçao;437.954202;920880.1756;126590.0185;634028.6419;220372.7259;0.0;560612.0528;1497754.589;0.0;18859993.54;0.0;10090581.99;0.0;0.0;0.0;0.0
47;DMA;71014.1452;LAM;LAM-M;Dominica;754.139504;24783.56611;14169.64941;31577.4346;25655.67094;0.0;563588.8299;4337593.139;0.0;331769.0976;0.0;562373.7852;0.0;0.0;0.0;0.0
2043;DOM;12114968.76;LAM;LAM-M;Dominican Republic;48089.75324;1136242.641;3657732.823;4182639.964;2544.774814;0.0;50667753.82;218907300.3;0.0;49756053.43;5891393.081;69706044.62;44716221.66;0.0;0.0;0.0
3898;ECU;17559730.21;LAM;LAM-M;Ecuador;256338.9745;16946372.52;9361056.889;2635163.645;0.0;0.0;2.3395779;509810075.1;9.7836894;51070582.89;112071.4095;107720106.4;155280361.6;0.0;0.0;0.0
1254;SLV;6749078.359;LAM;LAM-M;El Salvador;20150.23895;1188483.166;922775.7252;2650279.693;287210.239;0.0;1093568.717;182273240.0;0.0;10727354.58;2612671.8;9570543.226;54212759.39;0.0;0.0;0.0
9;FLK;2291.713074;LAM;LAM-M;Falkland Islands;12417.32045;4242.308866;3602.84604;1338.187071;0.0;0.0;0.0;59625.82678;0.0;2229.210515;12205.11272;0.0;0.0;0.0;0.0;0.0
116;GUF;323757.5787;LAM;LAM-M;French Guiana;83300.8753;808849.6356;834630.5395;195465.8825;6288.024479;0.0;0.0;13731524.5;0.0;2306734.08;177.0663849;3374192.308;1114377.123;0.0;0.0;0.0
35;GRD;103708.7681;LAM;LAM-M;Grenada;359.5567722;37186.27292;16688.15132;61458.91938;44297.67918;0.0;1340790.987;8507050.655;0.0;858106.2317;20380.023;727553.1437;0.0;0.0;0.0;0.0
149;GLP;430265.2249;LAM;LAM-M;Guadeloupe;1650.825434;730186.012;190291.0;768269.6716;327469.3552;0.0;18103332.82;33004451.35;0.0;4395413.733;0.0;10689142.75;0.0;0.0;0.0;0.0
185;GUY;698601.974;LAM;LAM-M;Guyana;209746.4364;313535.7976;321935.0162;80265.4873;2101.825731;0.0;6672097.271;4185917.491;0.0;28517314.98;1311327.792;1043942.53;5492954.968;0.0;0.0;0.0
965;JAM;2781847.436;LAM;LAM-M;Jamaica;10998.88692;674808.8891;1849230.292;717879.8746;525631.2541;0.0;8113453.627;126838268.4;0.0;18324682.34;956338.6405;2467619.336;25928460.48;0.0;0.0;0.0
116;MTQ;421468.723;LAM;LAM-M;Martinique;1116.938567;1097958.803;70935.10085;346868.659;277867.6009;0.0;13117622.79;21308215.77;0.0;5176549.816;0.0;9459980.651;0.0;0.0;0.0;0.0
3;MSR;5324.585236;LAM;LAM-M;Montserrat;100.9173348;4052.672187;236.5338588;2185.931835;1785.47062;0.0;112272.0965;224647.9565;0.0;179562.72;2334.678532;12811.04202;0.0;0.0;0.0;0.0
1877;PAN;4067833.548;LAM;LAM-M;Panama;74829.8652;5414401.894;5058794.684;5340753.513;823630.7264;0.0;16684447.87;178390091.3;0.0;16344112.14;2200374.546;39910177.99;37963340.04;0.0;0.0;0.0
6031;PRY;7299542.35;LAM;LAM-M;Paraguay;399226.9405;4588491.173;4798561.45;1203823.509;30547.90861;0.0;0.0;273322263.6;0.0;1779.127596;11450.79638;71275616.01;0.0;0.0;0.0;0.0
8812;PER;35160948.26;LAM;LAM-M;Peru;1287176.873;14375543.03;13132947.61;4867795.905;0.0;0.0;0.0;633641487.4;0.0;203798948.7;731.2793821;58386011.9;305616556.0;0.0;0.0;0.0
28;KNA;62043.58199;LAM;LAM-M;Saint Kitts and Nevis;266.8652826;101506.6627;36607.25309;149335.5106;106478.7508;0.0;2476929.811;4543467.101;0.0;639752.0788;10739.24353;706758.4562;0.0;0.0;0.0;0.0
49;LCA;176116.9615;LAM;LAM-M;Saint Lucia;615.2352619;303844.5421;112116.2772;329153.4968;330767.2783;0.0;1708962.197;13201252.93;0.0;1080102.512;11201.06309;1930081.616;0.0;0.0;0.0;0.0
38;VCT;110686.0824;LAM;LAM-M;Saint Vincent and the Grenadines;398.7564404;66105.71437;5852.972233;28696.39612;70070.31719;0.0;2038510.809;4136533.287;0.0;2341736.931;929515.5869;2122161.812;0.0;0.0;0.0;0.0
2;BLM;14759.80691;LAM;LAM-M;Saint-Barthélemy;20.96272375;3160.573656;1139.825867;4649.801977;3315.387641;0.0;380129.1748;697276.2781;0.0;98181.39726;1648.128971;64832.39974;0.0;0.0;0.0;0.0
8;MAF;46530.79736;LAM;LAM-M;Saint-Martin;56.19619492;78402.86696;15532.67646;67910.45167;89968.64594;0.0;793772.0042;1456027.123;0.0;205018.8453;3441.563351;342187.3278;0.0;0.0;0.0;0.0
7;SXM;31011.02783;LAM;LAM-M;Sint Maarten;37.94288085;102588.3151;20324.14334;88859.23541;117721.866;0.0;1106028.115;2028802.887;0.0;285669.6958;4795.414557;880518.4458;0.0;0.0;0.0;0.0
233;SUR;591226.3041;LAM;LAM-M;Suriname;146425.9657;823591.1813;861676.04;221931.6029;5716.78848;0.0;975.0148716;40133649.21;0.0;8194188.473;24365.24465;1634250.488;8599002.413;0.0;0.0;0.0
345;TTO;1391459.85;LAM;LAM-M;Trinidad and Tobago;5157.635123;1347014.631;4770651.129;5012738.49;307231.4101;0.0;13798172.19;101313726.3;0.0;20840279.82;245179.7626;14081235.12;32437546.25;0.0;0.0;0.0
38;TCA;45621.356;LAM;LAM-M;Turks and Caicos Islands;993.1953856;17406.85711;6393.03741;17482.93032;18818.36936;0.0;428103.4981;864927.2475;0.0;526459.8205;208474.8442;43479.4376;0.0;0.0;0.0;0.0
1401;URY;3346381.015;LAM;LAM-M;Uruguay;177597.2039;3200520.935;3212044.133;801707.1523;20386.45062;0.0;0.0;223512365.2;0.0;2697.544236;15671.59493;107600365.3;0.0;0.0;0.0;0.0
7900;VEN;31714643.17;LAM;LAM-M;Venezuela;911972.1052;27889383.91;18278413.15;18862984.6;0.0;0.0;3190.850376;948258219.2;109144.8489;12479038.93;64107.08483;84106904.85;440891852.2;0.0;0.0;0.0
43330;MEX;139676744.7;LAM;MEX;México;1951207.459;118028767.6;168449415.4;634793.7779;338095.2955;773.2963119;781135255.3;4958621244.0;1009.27526;211775027.0;58038429.13;579504259.5;1511687772.0;9484.700176;4027223.087;0.0
0;Z03;227.0;ASIA;CHN;Aksai Chin;30948.25746;0.0;0.0;0.0;0.0;0.0;0.0;0.0;0.0;0.0;0.0;0.0;0.0;0.0;0.0;0.0
147176;CHN;1448110128.0;ASIA;CHN;China;9349206.905;3343491416.0;2147724186.0;1134375.983;578626953.2;305500659.9;21169455025.0;14625742480.0;605.9088472;12001695746.0;4889833994.0;20133542025.0;8536703612.0;899192.4284;160448.1427;0.0
0;Z02;82.0;ASIA;CHN;Shaksgam Valley;4576.978342;0.0;0.0;0.0;0.0;0.0;0.0;0.0;0.0;0.0;0.0;0.0;0.0;0.0;0.0;0.0
25023;IDN;283027680.4;ASIA;IDN;Indonesia;1889029.868;138829444.8;80260298.03;20120819.16;10473788.86;0.0;446989616.0;4790051778.0;0.0;1335572015.0;11697.06215;1538538362.0;0.0;0.0;0.0;0.0
154;Z07;1114891.0;ASIA;IND;Arunachal Pradesh;67128.84145;3192.071805;3476.96958;1497.892621;4513.652764;17169.6323;1129360.854;2128216.798;0.0;7930769.167;9708827.484;1980046.435;1317296.742;0.0;1123139.868;0.0
267043;IND;1391195572.0;ASIA;IND;India;2978379.857;72740011.79;79201610.49;34127736.14;102791800.2;390993012.7;3979989809.0;16163169051.0;4628113.246;793922721.0;2252354139.0;3123151118.0;2032814284.0;0.0;132829344.0;0.0
2260;Z01;15072577.0;ASIA;IND;Jammu and Kashmir;104242.5051;283645.8725;308961.7435;133101.9743;401080.8825;1525684.769;47696065.87;220681445.9;0.0;10854744.37;9411727.703;21128619.71;25976358.52;0.0;14980.12807;0.0
0;Z04;567.0;ASIA;IND;Kaurik;307.5408458;0.0;0.0;0.0;0.0;0.0;0.0;0.0;0.0;0.0;0.0;0.0;0.0;0.0;0.0;0.0
0;Z05;1110.0;ASIA;IND;Lapthal;258.0969993;0.0;0.0;0.0;0.0;0.0;0.0;0.0;0.0;0.0;0.0;0.0;0.0;0.0;0.0;0.0
0;Z08;2266.0;ASIA;IND;Pa-li-chia-ssu;1418.166696;0.0;0.0;0.0;0.0;0.0;0.0;0.0;0.0;0.0;0.0;0.0;0.0;0.0;0.0;0.0
0;Z09;11000.0;ASIA;IND;Sang;1084.675811;0.0;0.0;0.0;0.0;0.0;0.0;0.0;0.0;0.0;0.0;0.0;0.0;0.0;0.0;0.0
675;KHM;19530890.22;ASIA;OAS-CPA;Cambodia;179148.1366;8193042.453;3063040.67;1003572.805;2600508.61;4139.119693;7582248.804;33009276.56;0.0;123737739.4;29274453.77;53397900.5;0.0;0.0;0.0;0.0
1328;LAO;7443891.0;ASIA;OAS-CPA;Laos;229870.9194;619144.8034;704820.9072;417725.486;368608.629;783.8104737;8557696.934;53787377.84;0.0;76801567.73;1163111.935;17437393.37;0.0;0.0;0.0;0.0
983;MNG;2683682.0;ASIA;OAS-CPA;Mongolia;1566250.919;2136137.232;1160444.444;236920.2269;1500663.042;91183.62594;5042330.603;15215239.49;2543650.997;84718471.62;1795681.457;29153263.64;16295916.97;1390459.377;0.0;0.0
9357;VNM;99126760.13;ASIA;OAS-CPA;Vietnam;329280.5919;63151914.79;34445598.56;4278555.595;13417641.08;11177958.13;317989034.6;2075325014.0;0.0;269941504.0;158327175.9;747629160.4;10713.7654;0.0;0.0;0.0
6440;BGD;165290558.7;ASIA;OAS-L;Bangladesh;139397.7486;10092296.72;7024635.55;3215248.354;3545336.019;31840.94091;481991.4821;380299856.4;437176733.2;179641300.0;139629922.9;215814547.4;42153.06421;0.0;24587.52147;0.0
226;FJI;918889.8687;ASIA;OAS-L;Fiji;18971.1699;310303.4256;61229.22762;0.0;146950.1477;653259.7481;12949387.49;7111510.058;0.0;14582856.84;12703183.41;30711018.93;0.0;0.0;0.0;0.0
24;MHL;55245.18685;ASIA;OAS-L;Marshall Islands;311.2264988;45174.56871;10135.513;6764.196186;22907.66138;0.0;0.0;705957.318;6645.725715;797789.1643;0.0;90891.97988;0.0;156.0068311;28957.26795;0.0
35;FSM;104462.142;ASIA;OAS-L;Micronesia;782.4971858;571.4071773;2066.466512;1113.788244;2150.386786;0.0;0.0;664525.4725;5846.265154;828670.6095;0.0;170973.3563;0.0;2356.67105;35204.07727;0.0
4928;MMR;48224783.01;ASIA;OAS-L;Myanmar;669329.8334;10541351.21;2277165.375;3339628.524;1152619.247;594371.1174;26293649.55;100675133.2;0.0;503216157.2;4099340.672;119196422.7;13217640.96;0.0;0.0;0.0
4;NRU;11164.84547;ASIA;OAS-L;Nauru;22.17960733;7883.204686;19587.40616;7976.273316;16330.0238;0.0;0.0;217058.9516;2570.918208;114255.6118;0.0;3353.427692;0.0;0.0;607.157748;0.0
2061;NPL;40740380.0;ASIA;OAS-L;Nepal;147662.7164;2035085.798;983775.3983;724592.6301;201782.8857;2546.726955;381056.4674;194623794.6;0.0;78844997.29;582739.2949;21986268.8;53650724.81;0.0;13327.78914;0.0
2;NIU;1226.862549;ASIA;OAS-L;Niue;266.8561061;0.0;0.0;0.0;0.0;0.0;0.0;4245.382896;27.61524;4933.002372;0.0;0.0;0.0;0.0;0.0;0.0
549;PRK;23477451.12;ASIA;OAS-L;North Korea;122707.2008;9201597.769;4135471.776;4677534.061;3831.886695;2022.944182;99813391.56;41986320.85;17.9390052;10869787.69;44524.99132;73795165.65;29819084.02;0.0;3709678.793;0.0
426;PNG;8988811.062;ASIA;OAS-L;Papua New Guinea;463642.734;1084064.117;530711.8692;2782.932979;1155993.902;0.0;63637.91701;664220.7588;0.0;33242856.9;5802982.557;5389536.0;0.0;0.0;0.0;0.0
7215;PHL;110335821.8;ASIA;OAS-L;Philippines;294038.9334;20997771.88;66763460.82;410419.2654;11391231.68;15044954.79;150599876.6;800295212.0;0.0;404227217.0;27658379.54;338390791.3;78500660.36;0.0;0.0;0.0
74;WSM;200521.8273;ASIA;OAS-L;Samoa;2853.475915;5205.626707;13193.56374;4368.519122;19614.77215;0.0;0.0;1969379.167;1009409.824;5261291.206;0.0;491364.8824;0.0;3012.789098;206341.0208;0.0
27;SLB;674858.7211;ASIA;OAS-L;Solomon Islands;28563.82651;100109.4734;275714.9847;73764.35022;183953.88;0.0;0.0;507203.0516;43368.76979;4738302.543;0.0;2309133.084;0.0;0.0;3016358.345;0.0
439;TLS;1416192.85;ASIA;OAS-L;Timor-Leste;14916.04631;61360.40599;39118.3066;6499.542474;15088.73535;0.0;1028430.777;9460527.446;0.0;9695162.791;1136409.427;3416727.274;0.0;0.0;0.0;0.0
2;TKL;1308.466583;ASIA;OAS-L;Tokelau;16.17647672;0.0;0.0;0.0;0.0;0.0;0.0;4089.700524;469.727076;6044.952732;0.0;0.0;0.0;0.0;0.0;0.0
58;TON;106755.7843;ASIA;OAS-L;Tonga;766.0313671;234.4843293;610.6045588;95.11634031;511.8098316;0.0;0.0;1840983.533;32552.91375;3939483.865;0.0;266218.069;0.0;1211.681125;123474.2152;0.0
2;TUV;12220.41161;ASIA;OAS-L;Tuvalu;42.25392234;0.0;0.0;0.0;0.0;0.0;0.0;120399.0105;412.6079866;154287.8798;0.0;48169.06177;0.0;0.0;14064.86816;0.0
4;UMI;0.0;ASIA;OAS-L;United States Minor Outlying Isl;48.16966053;4280.599108;960.409123;640.9538151;2170.657466;0.0;0.0;11376.48818;107.0957381;12856.35656;0.0;0.0;0.0;0.0;0.0;0.0
23;VUT;300050.9543;ASIA;OAS-L;Vanuatu;12327.84108;40251.57745;37713.23425;9279.263954;65349.74997;0.0;0.0;1991354.769;36048.24488;2116073.409;0.0;999619.4208;0.0;1730.193718;79913.32236;0.0
7;WLF;10477.61368;ASIA;OAS-L;Wallis and Futuna;156.0827277;0.0;0.0;0.0;0.0;0.0;0.0;128975.9778;66106.93425;344565.5307;0.0;2430.337741;0.0;14.90154326;1020.582439;0.0
23;ASM;57043.02733;ASIA;OAS-M;American Samoa;204.3638729;49289.2219;14523.83194;11835.26006;4314.462365;0.0;1768270.636;1929694.374;0.0;192152.5944;0.0;211571.4194;0.0;1297.243838;88846.11864;0.0
228;BTN;833550.0;ASIA;OAS-M;Bhutan;38762.69518;65395.802;70115.92771;14363.71132;25594.78757;34167.06888;67154.67174;8031205.451;0.0;2359651.059;884438.6541;1309095.061;25314.31377;0.0;3687.23898;0.0
169;BRN;456805.0652;ASIA;OAS-M;Brunei;5777.179213;3146042.159;335648.9632;310841.5172;128449.2173;185592.5195;15081514.86;27869149.64;0.0;3738681.486;162303.7253;10338986.94;0.0;0.0;0.0;0.0
159;PYF;308344.6987;ASIA;OAS-M;French Polynesia;4070.791066;82197.61536;341221.7546;46246.79379;244153.0633;0.0;0.0;4832627.545;555056.7805;7143067.056;0.0;1747706.821;0.0;37398.59534;925208.7281;0.0
55;GUM;166279.6841;ASIA;OAS-M;Guam;549.9527343;302710.2205;102268.7949;87169.71728;25732.45072;0.0;4863443.594;4738196.033;0.0;498970.1216;0.0;920914.7713;0.0;9662.72751;206213.973;0.0
13;KIR;134902.0;ASIA;OAS-M;Kiribati;1017.133464;2009.407308;9243.485376;2852.007685;5475.727144;0.0;0.0;79002.10825;5849.804702;113446.5515;0.0;0.0;0.0;0.0;0.0;0.0
7166;MYS;34630334.18;ASIA;OAS-M;Malaysia;329587.852;164924383.7;32756802.35;26846272.82;18342008.35;19386490.47;790304997.6;551767853.8;0.0;165825577.2;71657393.87;663093216.0;0.0;0.0;0.0;0.0
271;MDV;590747.7188;ASIA;OAS-M;Maldives;316.1144351;0.0;435933.5734;45695.16079;213280.8754;200898.8311;63036.66912;2761006.107;0.0;1197696.713;325617.0012;140651.1627;51484.67487;0.0;152935.7098;0.0
279;NCL;288438.2094;ASIA;OAS-M;New Caledonia;18828.13695;1369799.612;0.0;61802.62515;372662.9568;152562.1624;16189349.61;127010.8683;0.0;4635896.693;1728255.029;9667628.891;0.0;0.0;0.0;0.0
25;MNP;41825.21672;ASIA;OAS-M;Northern Mariana Islands;505.1982275;69829.6414;22698.01921;17941.31108;5835.978641;0.0;2494592.973;2438616.234;0.0;249822.1095;0.0;283420.3508;0.0;2973.79704;63464.32741;0.0
24;PLW;28372.6653;ASIA;OAS-M;Palau;486.380043;2222.027556;942.9061819;234.7517664;925.7259418;0.0;0.0;481730.94;2881.165909;667854.2577;0.0;0.0;0.0;0.0;0.0;0.0
75;SGP;4559329.838;ASIA;OAS-M;Singapore;699.2364176;53449335.16;70400.15389;5218431.524;39421.29076;37548513.19;7013749.128;84910.77362;0.0;25507.27421;125403991.8;279088043.6;0.0;0.0;0.0;0.0
2401;LKA;21632637.43;ASIA;OAS-M;Sri Lanka;65836.13997;5174389.374;2053148.117;1201851.554;130928.664;0.0;0.0;398777821.6;0.0;3761647.021;29833752.24;131369477.0;0.0;0.0;0.0;0.0
25982;THA;74817648.76;ASIA;OAS-M;Thailand;513110.5396;132039203.1;23516426.27;29435851.2;10405067.67;16408625.88;1471293687.0;1878519895.0;0.0;1098244193.0;31385168.5;875852480.0;14781.7253;0.0;0.0;0.0
1049;AFG;29932547.0;ASIA;PAK;Afghanistan;643838.5913;273678.367;1204241.486;64931.42644;0.0;89693.27618;57810594.26;142847841.5;217.4767524;27682.33871;69845.84018;113105.2846;38442611.86;1383.180874;0.0;12492710.15
976;Z06;4975938.0;ASIA;PAK;Azad Kashmir;81805.01335;30803.51109;48396.17053;9025.159905;0.0;0.0;5907283.687;80378146.55;0.0;5754747.993;810401.7725;4179601.345;7925023.206;0.0;373045.0155;0.0
23682;PAK;225698684.8;ASIA;PAK;Pakistan;792384.6635;18367272.55;28857283.57;5381450.552;0.0;0.0;181682152.4;2474990053.0;1502.345159;177230619.7;24888262.64;266820212.5;505908010.8;0.0;23813316.36;0.0
2080;TWN;24110667.33;ASIA;TWN;Taiwan;36406.89463;163346214.5;51591081.78;45923606.07;0.0;0.0;23849918.9;930903977.4;290741868.5;16404706.12;0.0;681675675.7;298413821.5;16949665.77;0.0;0.0
