Time,type_data,unit,Region,sector,technology,sub_technology,material,value,min,max
2020,inflow,kg/MW,World,generation,WON,GB-DFIG,aluminium,3550,500,4200
2020,inflow,kg/MW,World,generation,WON,GB-DFIG,boron,0,0,7.3625
2020,inflow,kg/MW,World,generation,WON,GB-DFIG,cadmium,0,0,0
2020,inflow,kg/MW,World,generation,WON,GB-DFIG,chromium,2600,239,4000
2020,inflow,kg/MW,World,generation,WON,GB-DFIG,cobalt,4.5,3,6
2020,inflow,kg/MW,World,generation,WON,GB-DFIG,concrete,404000,317800,414000
2020,inflow,kg/MW,World,generation,WON,GB-DFIG,copper,2545,1130,10000
2020,inflow,kg/MW,World,generation,WON,GB-DFIG,dysprosium,2,0,42
2020,inflow,kg/MW,World,generation,WON,GB-DFIG,gallium,0.07500000000000001,0.05,0.1
2020,inflow,kg/MW,World,generation,WON,GB-DFIG,glass,7490,7280,7490
2020,inflow,kg/MW,World,generation,WON,GB-DFIG,graphite,10,3,17
2020,inflow,kg/MW,World,generation,WON,GB-DFIG,indium,0,0,0
2020,inflow,kg/MW,World,generation,WON,GB-DFIG,lead,0,6720,6720
2020,inflow,kg/MW,World,generation,WON,GB-DFIG,lithium,1.85,0.7,3
2020,inflow,kg/MW,World,generation,WON,GB-DFIG,manganese,2450,56.5,3000
2020,inflow,kg/MW,World,generation,WON,GB-DFIG,molybdenum,0,75.30000000000001,126
2020,inflow,kg/MW,World,generation,WON,GB-DFIG,neodymium,12,0,217.19375
2020,inflow,kg/MW,World,generation,WON,GB-DFIG,nickel,3500,111,4800
2020,inflow,kg/MW,World,generation,WON,GB-DFIG,niobium,0.4,0.3,37.699999999999996
2020,inflow,kg/MW,World,generation,WON,GB-DFIG,plastics,28500,6300,39000
2020,inflow,kg/MW,World,generation,WON,GB-DFIG,praseodymium,0,0,50.625
2020,inflow,kg/MW,World,generation,WON,GB-DFIG,selenium,0,0,0
2020,inflow,kg/MW,World,generation,WON,GB-DFIG,silver,0.03,0.03,0.03
2020,inflow,kg/MW,World,generation,WON,GB-DFIG,steel,143000,92120,179000
2020,inflow,kg/MW,World,generation,WON,GB-DFIG,tantalum,0,0,0
2020,inflow,kg/MW,World,generation,WON,GB-DFIG,tellurium,0,0,0
2020,inflow,kg/MW,World,generation,WON,GB-DFIG,terbium,0,0,7
2020,inflow,kg/MW,World,generation,WON,GB-DFIG,tin,0.25,0.2,0.3
2020,inflow,kg/MW,World,generation,WON,GB-DFIG,titanium,63,49,77
2020,inflow,kg/MW,World,generation,WON,GB-DFIG,vanadium,0.00035,0.0002,90.39999999999999
2020,inflow,kg/MW,World,generation,WON,GB-DFIG,zinc,70,0,5500
2020,inflow,kg/MW,World,generation,WON,GB-PMSG,aluminium,3550,500,4200
2020,inflow,kg/MW,World,generation,WON,GB-PMSG,boron,0,0,7.3625
2020,inflow,kg/MW,World,generation,WON,GB-PMSG,cadmium,0,0,0
2020,inflow,kg/MW,World,generation,WON,GB-PMSG,chromium,2600,239,4000
2020,inflow,kg/MW,World,generation,WON,GB-PMSG,cobalt,4.5,3,6
2020,inflow,kg/MW,World,generation,WON,GB-PMSG,concrete,404000,317800,414000
2020,inflow,kg/MW,World,generation,WON,GB-PMSG,copper,2545,1130,10000
2020,inflow,kg/MW,World,generation,WON,GB-PMSG,dysprosium,6,0,42
2020,inflow,kg/MW,World,generation,WON,GB-PMSG,gallium,0.07500000000000001,0.05,0.1
2020,inflow,kg/MW,World,generation,WON,GB-PMSG,glass,7490,7280,7490
2020,inflow,kg/MW,World,generation,WON,GB-PMSG,graphite,10,3,17
2020,inflow,kg/MW,World,generation,WON,GB-PMSG,indium,0,0,0
2020,inflow,kg/MW,World,generation,WON,GB-PMSG,lead,0,6720,6720
2020,inflow,kg/MW,World,generation,WON,GB-PMSG,lithium,1.85,0.7,3
2020,inflow,kg/MW,World,generation,WON,GB-PMSG,manganese,2450,56.5,3000
2020,inflow,kg/MW,World,generation,WON,GB-PMSG,molybdenum,0,75.30000000000001,126
2020,inflow,kg/MW,World,generation,WON,GB-PMSG,neodymium,51,0,217.19375
2020,inflow,kg/MW,World,generation,WON,GB-PMSG,nickel,3500,111,4800
2020,inflow,kg/MW,World,generation,WON,GB-PMSG,niobium,0.4,0.3,37.699999999999996
2020,inflow,kg/MW,World,generation,WON,GB-PMSG,plastics,28500,6300,39000
2020,inflow,kg/MW,World,generation,WON,GB-PMSG,praseodymium,4,0,50.625
2020,inflow,kg/MW,World,generation,WON,GB-PMSG,selenium,0,0,0
2020,inflow,kg/MW,World,generation,WON,GB-PMSG,silicon,0,0,0
2020,inflow,kg/MW,World,generation,WON,GB-PMSG,silver,0,0.03,0.03
2020,inflow,kg/MW,World,generation,WON,GB-PMSG,steel,143000,92120,179000
2020,inflow,kg/MW,World,generation,WON,GB-PMSG,tantalum,0,0,0
2020,inflow,kg/MW,World,generation,WON,GB-PMSG,tellurium,0,0,0
2020,inflow,kg/MW,World,generation,WON,GB-PMSG,terbium,1,0,7
2020,inflow,kg/MW,World,generation,WON,GB-PMSG,tin,0.25,0.2,0.3
2020,inflow,kg/MW,World,generation,WON,GB-PMSG,titanium,63,49,77
2020,inflow,kg/MW,World,generation,WON,GB-PMSG,vanadium,0.00035,0.0002,90.39999999999999
2020,inflow,kg/MW,World,generation,WON,GB-PMSG,zinc,70,0,5500
2020,inflow,kg/MW,World,generation,WON,DD-PMSG,aluminium,3550,500,4200
2020,inflow,kg/MW,World,generation,WON,DD-PMSG,boron,0,0,7.3625
2020,inflow,kg/MW,World,generation,WON,DD-PMSG,cadmium,0,0,0
2020,inflow,kg/MW,World,generation,WON,DD-PMSG,chromium,2600,239,4000
2020,inflow,kg/MW,World,generation,WON,DD-PMSG,cobalt,4.5,3,6
2020,inflow,kg/MW,World,generation,WON,DD-PMSG,concrete,404000,317800,414000
2020,inflow,kg/MW,World,generation,WON,DD-PMSG,copper,2545,1130,10000
2020,inflow,kg/MW,World,generation,WON,DD-PMSG,dysprosium,17,0,42
2020,inflow,kg/MW,World,generation,WON,DD-PMSG,gallium,0.07500000000000001,0.05,0.1
2020,inflow,kg/MW,World,generation,WON,DD-PMSG,glass,7490,7280,7490
2020,inflow,kg/MW,World,generation,WON,DD-PMSG,graphite,10,3,17
2020,inflow,kg/MW,World,generation,WON,DD-PMSG,indium,0,0,0
2020,inflow,kg/MW,World,generation,WON,DD-PMSG,lead,0,6720,6720
2020,inflow,kg/MW,World,generation,WON,DD-PMSG,lithium,1.85,0.7,3
2020,inflow,kg/MW,World,generation,WON,DD-PMSG,manganese,2450,56.5,3000
2020,inflow,kg/MW,World,generation,WON,DD-PMSG,molybdenum,0,75.30000000000001,126
2020,inflow,kg/MW,World,generation,WON,DD-PMSG,neodymium,180,0,217.19375
2020,inflow,kg/MW,World,generation,WON,DD-PMSG,nickel,3500,111,4800
2020,inflow,kg/MW,World,generation,WON,DD-PMSG,niobium,0.4,0.3,37.699999999999996
2020,inflow,kg/MW,World,generation,WON,DD-PMSG,plastics,28500,6300,39000
2020,inflow,kg/MW,World,generation,WON,DD-PMSG,praseodymium,35,0,50.625
2020,inflow,kg/MW,World,generation,WON,DD-PMSG,selenium,0,0,0
2020,inflow,kg/MW,World,generation,WON,DD-PMSG,silicon,0,0,0
2020,inflow,kg/MW,World,generation,WON,DD-PMSG,silver,0,0.03,0.03
2020,inflow,kg/MW,World,generation,WON,DD-PMSG,steel,143000,92120,179000
2020,inflow,kg/MW,World,generation,WON,DD-PMSG,tantalum,0,0,0
2020,inflow,kg/MW,World,generation,WON,DD-PMSG,tellurium,0,0,0
2020,inflow,kg/MW,World,generation,WON,DD-PMSG,terbium,7,0,7
2020,inflow,kg/MW,World,generation,WON,DD-PMSG,tin,0.25,0.2,0.3
2020,inflow,kg/MW,World,generation,WON,DD-PMSG,titanium,63,49,77
2020,inflow,kg/MW,World,generation,WON,DD-PMSG,vanadium,0.00035,0.0002,90.39999999999999
2020,inflow,kg/MW,World,generation,WON,DD-PMSG,zinc,70,0,5500
2020,inflow,kg/MW,World,generation,WON,DD-EESG,aluminium,3550,500,4200
2020,inflow,kg/MW,World,generation,WON,DD-EESG,boron,0,0,7.3625
2020,inflow,kg/MW,World,generation,WON,DD-EESG,cadmium,0,0,0
2020,inflow,kg/MW,World,generation,WON,DD-EESG,chromium,2600,239,4000
2020,inflow,kg/MW,World,generation,WON,DD-EESG,cobalt,4.5,3,6
2020,inflow,kg/MW,World,generation,WON,DD-EESG,concrete,404000,317800,414000
2020,inflow,kg/MW,World,generation,WON,DD-EESG,copper,2545,1130,10000
2020,inflow,kg/MW,World,generation,WON,DD-EESG,dysprosium,6,0,42
2020,inflow,kg/MW,World,generation,WON,DD-EESG,gallium,0.07500000000000001,0.05,0.1
2020,inflow,kg/MW,World,generation,WON,DD-EESG,glass,7490,7280,7490
2020,inflow,kg/MW,World,generation,WON,DD-EESG,graphite,10,3,17
2020,inflow,kg/MW,World,generation,WON,DD-EESG,indium,0,0,0
2020,inflow,kg/MW,World,generation,WON,DD-EESG,lead,0,6720,6720
2020,inflow,kg/MW,World,generation,WON,DD-EESG,lithium,1.85,0.7,3
2020,inflow,kg/MW,World,generation,WON,DD-EESG,manganese,2450,56.5,3000
2020,inflow,kg/MW,World,generation,WON,DD-EESG,molybdenum,0,75.30000000000001,126
2020,inflow,kg/MW,World,generation,WON,DD-EESG,neodymium,28,0,217.19375
2020,inflow,kg/MW,World,generation,WON,DD-EESG,nickel,3500,111,4800
2020,inflow,kg/MW,World,generation,WON,DD-EESG,niobium,0.4,0.3,37.699999999999996
2020,inflow,kg/MW,World,generation,WON,DD-EESG,plastics,28500,6300,39000
2020,inflow,kg/MW,World,generation,WON,DD-EESG,praseodymium,9,0,50.625
2020,inflow,kg/MW,World,generation,WON,DD-EESG,selenium,0,0,0
2020,inflow,kg/MW,World,generation,WON,DD-EESG,silicon,0,0,0
2020,inflow,kg/MW,World,generation,WON,DD-EESG,silver,0,0.03,0.03
2020,inflow,kg/MW,World,generation,WON,DD-EESG,steel,143000,92120,179000
2020,inflow,kg/MW,World,generation,WON,DD-EESG,tantalum,0,0,0
2020,inflow,kg/MW,World,generation,WON,DD-EESG,tellurium,0,0,0
2020,inflow,kg/MW,World,generation,WON,DD-EESG,terbium,1,0,7
2020,inflow,kg/MW,World,generation,WON,DD-EESG,tin,0.25,0.2,0.3
2020,inflow,kg/MW,World,generation,WON,DD-EESG,titanium,63,49,77
2020,inflow,kg/MW,World,generation,WON,DD-EESG,vanadium,0.00035,0.0002,90.39999999999999
2020,inflow,kg/MW,World,generation,WON,DD-EESG,zinc,70,0,5500
2020,inflow,kg/MW,World,generation,WOFF,GB-DFIG,aluminium,1600,600,2600
2020,inflow,kg/MW,World,generation,WOFF,GB-DFIG,boron,0,239,845.5
2020,inflow,kg/MW,World,generation,WOFF,GB-DFIG,cadmium,0,0,0
2020,inflow,kg/MW,World,generation,WOFF,GB-DFIG,chromium,345,75.315,510
2020,inflow,kg/MW,World,generation,WOFF,GB-DFIG,cobalt,5,3,6720
2020,inflow,kg/MW,World,generation,WOFF,GB-DFIG,concrete,12121.212121212122,12121.212121212122,12121.212121212122
2020,inflow,kg/MW,World,generation,WOFF,GB-DFIG,copper,7428.535353535353,11007.070707070707,11007.070707070707
2020,inflow,kg/MW,World,generation,WOFF,GB-DFIG,dysprosium,2,6,50.625
2020,inflow,kg/MW,World,generation,WOFF,GB-DFIG,gallium,0.065,0.03,0.1
2020,inflow,kg/MW,World,generation,WOFF,GB-DFIG,glass,9790.90909090909,1484,10000
2020,inflow,kg/MW,World,generation,WOFF,GB-DFIG,graphite,7,5,9
2020,inflow,kg/MW,World,generation,WOFF,GB-DFIG,indium,0,0,0
2020,inflow,kg/MW,World,generation,WOFF,GB-DFIG,lead,7633.737373737374,56.5,8547.474747474747
2020,inflow,kg/MW,World,generation,WOFF,GB-DFIG,lithium,1.45,0.9,2
2020,inflow,kg/MW,World,generation,WOFF,GB-DFIG,manganese,5100,111,7800
2020,inflow,kg/MW,World,generation,WOFF,GB-DFIG,molybdenum,0,37.657000000000004,37.657000000000004
2020,inflow,kg/MW,World,generation,WOFF,GB-DFIG,neodymium,12,12,150
2020,inflow,kg/MW,World,generation,WOFF,GB-DFIG,nickel,4000,116,6100
2020,inflow,kg/MW,World,generation,WOFF,GB-DFIG,niobium,0.8,0.4,7
2020,inflow,kg/MW,World,generation,WOFF,GB-DFIG,plastics,19000,10000,28000
2020,inflow,kg/MW,World,generation,WOFF,GB-DFIG,praseodymium,0,6,88
2020,inflow,kg/MW,World,generation,WOFF,GB-DFIG,selenium,0,0,0
2020,inflow,kg/MW,World,generation,WOFF,GB-DFIG,silicon,0,0,0
2020,inflow,kg/MW,World,generation,WOFF,GB-DFIG,silver,0.03,0,0
2020,inflow,kg/MW,World,generation,WOFF,GB-DFIG,steel,274500,500,419000
2020,inflow,kg/MW,World,generation,WOFF,GB-DFIG,tantalum,0,0,0
2020,inflow,kg/MW,World,generation,WOFF,GB-DFIG,tellurium,0,0,0
2020,inflow,kg/MW,World,generation,WOFF,GB-DFIG,terbium,0,0.4,0.8
2020,inflow,kg/MW,World,generation,WOFF,GB-DFIG,tin,0.7,0.4,1
2020,inflow,kg/MW,World,generation,WOFF,GB-DFIG,titanium,130.5,61,200
2020,inflow,kg/MW,World,generation,WOFF,GB-DFIG,vanadium,0.00035,0.0001,0.0006
2020,inflow,kg/MW,World,generation,WOFF,GB-DFIG,zinc,75,20,478.7878787878788
2020,inflow,kg/MW,World,generation,WOFF,GB-PMSG,aluminium,1600,600,2600
2020,inflow,kg/MW,World,generation,WOFF,GB-PMSG,boron,0,239,845.5
2020,inflow,kg/MW,World,generation,WOFF,GB-PMSG,cadmium,0,0,0
2020,inflow,kg/MW,World,generation,WOFF,GB-PMSG,chromium,345,75.315,510
2020,inflow,kg/MW,World,generation,WOFF,GB-PMSG,cobalt,5,3,6720
2020,inflow,kg/MW,World,generation,WOFF,GB-PMSG,concrete,12121.212121212122,12121.212121212122,12121.212121212122
2020,inflow,kg/MW,World,generation,WOFF,GB-PMSG,copper,7428.535353535353,11007.070707070707,11007.070707070707
2020,inflow,kg/MW,World,generation,WOFF,GB-PMSG,dysprosium,6,6,50.625
2020,inflow,kg/MW,World,generation,WOFF,GB-PMSG,gallium,0.065,0.03,0.1
2020,inflow,kg/MW,World,generation,WOFF,GB-PMSG,glass,9790.90909090909,1484,10000
2020,inflow,kg/MW,World,generation,WOFF,GB-PMSG,graphite,7,5,9
2020,inflow,kg/MW,World,generation,WOFF,GB-PMSG,indium,0,0,0
2020,inflow,kg/MW,World,generation,WOFF,GB-PMSG,lead,7633.737373737374,56.5,8547.474747474747
2020,inflow,kg/MW,World,generation,WOFF,GB-PMSG,lithium,1.45,0.9,2
2020,inflow,kg/MW,World,generation,WOFF,GB-PMSG,manganese,5100,111,7800
2020,inflow,kg/MW,World,generation,WOFF,GB-PMSG,molybdenum,0,37.657000000000004,37.657000000000004
2020,inflow,kg/MW,World,generation,WOFF,GB-PMSG,neodymium,51,12,150
2020,inflow,kg/MW,World,generation,WOFF,GB-PMSG,nickel,4000,116,6100
2020,inflow,kg/MW,World,generation,WOFF,GB-PMSG,niobium,0.8,0.4,7
2020,inflow,kg/MW,World,generation,WOFF,GB-PMSG,plastics,19000,10000,28000
2020,inflow,kg/MW,World,generation,WOFF,GB-PMSG,praseodymium,4,6,88
2020,inflow,kg/MW,World,generation,WOFF,GB-PMSG,selenium,0,0,0
2020,inflow,kg/MW,World,generation,WOFF,GB-PMSG,silicon,0,0,0
2020,inflow,kg/MW,World,generation,WOFF,GB-PMSG,silver,0,0,0
2020,inflow,kg/MW,World,generation,WOFF,GB-PMSG,steel,274500,500,419000
2020,inflow,kg/MW,World,generation,WOFF,GB-PMSG,tantalum,0,0,0
2020,inflow,kg/MW,World,generation,WOFF,GB-PMSG,tellurium,0,0,0
2020,inflow,kg/MW,World,generation,WOFF,GB-PMSG,terbium,1,0.4,0.8
2020,inflow,kg/MW,World,generation,WOFF,GB-PMSG,tin,0.7,0.4,1
2020,inflow,kg/MW,World,generation,WOFF,GB-PMSG,titanium,130.5,61,200
2020,inflow,kg/MW,World,generation,WOFF,GB-PMSG,vanadium,0.00035,0.0001,0.0006
2020,inflow,kg/MW,World,generation,WOFF,GB-PMSG,zinc,75,20,478.7878787878788
2020,inflow,kg/MW,World,generation,WOFF,DD-PMSG,aluminium,1600,600,2600
2020,inflow,kg/MW,World,generation,WOFF,DD-PMSG,boron,0,239,845.5
2020,inflow,kg/MW,World,generation,WOFF,DD-PMSG,cadmium,0,0,0
2020,inflow,kg/MW,World,generation,WOFF,DD-PMSG,chromium,345,75.315,510
2020,inflow,kg/MW,World,generation,WOFF,DD-PMSG,cobalt,5,3,6720
2020,inflow,kg/MW,World,generation,WOFF,DD-PMSG,concrete,12121.212121212122,12121.212121212122,12121.212121212122
2020,inflow,kg/MW,World,generation,WOFF,DD-PMSG,copper,7428.535353535353,11007.070707070707,11007.070707070707
2020,inflow,kg/MW,World,generation,WOFF,DD-PMSG,dysprosium,17,6,50.625
2020,inflow,kg/MW,World,generation,WOFF,DD-PMSG,gallium,0.065,0.03,0.1
2020,inflow,kg/MW,World,generation,WOFF,DD-PMSG,glass,9790.90909090909,1484,10000
2020,inflow,kg/MW,World,generation,WOFF,DD-PMSG,graphite,7,5,9
2020,inflow,kg/MW,World,generation,WOFF,DD-PMSG,indium,0,0,0
2020,inflow,kg/MW,World,generation,WOFF,DD-PMSG,lead,7633.737373737374,56.5,8547.474747474747
2020,inflow,kg/MW,World,generation,WOFF,DD-PMSG,lithium,1.45,0.9,2
2020,inflow,kg/MW,World,generation,WOFF,DD-PMSG,manganese,5100,111,7800
2020,inflow,kg/MW,World,generation,WOFF,DD-PMSG,molybdenum,0,37.657000000000004,37.657000000000004
2020,inflow,kg/MW,World,generation,WOFF,DD-PMSG,neodymium,180,12,150
2020,inflow,kg/MW,World,generation,WOFF,DD-PMSG,nickel,4000,116,6100
2020,inflow,kg/MW,World,generation,WOFF,DD-PMSG,niobium,0.8,0.4,7
2020,inflow,kg/MW,World,generation,WOFF,DD-PMSG,plastics,19000,10000,28000
2020,inflow,kg/MW,World,generation,WOFF,DD-PMSG,praseodymium,35,6,88
2020,inflow,kg/MW,World,generation,WOFF,DD-PMSG,selenium,0,0,0
2020,inflow,kg/MW,World,generation,WOFF,DD-PMSG,silicon,0,0,0
2020,inflow,kg/MW,World,generation,WOFF,DD-PMSG,silver,0,0,0
2020,inflow,kg/MW,World,generation,WOFF,DD-PMSG,steel,274500,500,419000
2020,inflow,kg/MW,World,generation,WOFF,DD-PMSG,tantalum,0,0,0
2020,inflow,kg/MW,World,generation,WOFF,DD-PMSG,tellurium,0,0,0
2020,inflow,kg/MW,World,generation,WOFF,DD-PMSG,terbium,35,0.4,0.8
2020,inflow,kg/MW,World,generation,WOFF,DD-PMSG,tin,0.7,0.4,1
2020,inflow,kg/MW,World,generation,WOFF,DD-PMSG,titanium,130.5,61,200
2020,inflow,kg/MW,World,generation,WOFF,DD-PMSG,vanadium,0.00035,0.0001,0.0006
2020,inflow,kg/MW,World,generation,WOFF,DD-PMSG,zinc,75,20,478.7878787878788
2020,inflow,kg/MW,World,generation,SPV,c-Si,aluminium,10528.5060885,9774,11283.012177
2020,inflow,kg/MW,World,generation,SPV,c-Si,cadmium,0,0,0
2020,inflow,kg/MW,World,generation,SPV,c-Si,chromium,161.21134,152.635477,169.787203
2020,inflow,kg/MW,World,generation,SPV,c-Si,cobalt,0.9294865000000001,0.8844830000000001,0.9744900000000001
2020,inflow,kg/MW,World,generation,SPV,c-Si,concrete,38572.07362,37632.147240000006,39512
2020,inflow,kg/MW,World,generation,SPV,c-Si,copper,5825.663337,5728,5923.326674
2020,inflow,kg/MW,World,generation,SPV,c-Si,gallium,0,0,0
2020,inflow,kg/MW,World,generation,SPV,c-Si,germanium,0,0,0
2020,inflow,kg/MW,World,generation,SPV,c-Si,glass,57250.5,44560,69941
2020,inflow,kg/MW,World,generation,SPV,c-Si,graphite,0,0,0
2020,inflow,kg/MW,World,generation,SPV,c-Si,indium,0,0,0
2020,inflow,kg/MW,World,generation,SPV,c-Si,lead,2.5860749999999997,0.148477,5.023673
2020,inflow,kg/MW,World,generation,SPV,c-Si,lithium,0.9527779999999999,0.9080699999999999,0.997486
2020,inflow,kg/MW,World,generation,SPV,c-Si,manganese,1066.4610675,1025.122135,1107.8
2020,inflow,kg/MW,World,generation,SPV,c-Si,molybdenum,2.3986175000000003,2.287667,2.5095680000000002
2020,inflow,kg/MW,World,generation,SPV,c-Si,nickel,1,1,1.3
2020,inflow,kg/MW,World,generation,SPV,c-Si,plastics,6540.5,5231,7850
2020,inflow,kg/MW,World,generation,SPV,c-Si,selenium,0,0,0
2020,inflow,kg/MW,World,generation,SPV,c-Si,silicon,4000,2941.8032399999997,7000
2020,inflow,kg/MW,World,generation,SPV,c-Si,silver,20,1,80
2020,inflow,kg/MW,World,generation,SPV,c-Si,steel,54140,51701,56579
2020,inflow,kg/MW,World,generation,SPV,c-Si,tellurium,0,0,0
2020,inflow,kg/MW,World,generation,SPV,c-Si,tin,350.54,124.08,577
2020,inflow,kg/MW,World,generation,SPV,c-Si,titanium,26.063547,24.910548000000002,27.216546
2020,inflow,kg/MW,World,generation,SPV,c-Si,zinc,1453.8617985,1388.054266,1519.669331
2020,inflow,kg/MW,World,generation,SPV,AsGa,aluminium,10528.5060885,9774,11283.012177
2020,inflow,kg/MW,World,generation,SPV,AsGa,cadmium,0,0,0
2020,inflow,kg/MW,World,generation,SPV,AsGa,chromium,161.21134,152.635477,169.787203
2020,inflow,kg/MW,World,generation,SPV,AsGa,cobalt,0.9294865000000001,0.8844830000000001,0.9744900000000001
2020,inflow,kg/MW,World,generation,SPV,AsGa,concrete,38572.07362,37632.147240000006,39512
2020,inflow,kg/MW,World,generation,SPV,AsGa,copper,5825.663337,5728,5923.326674
2020,inflow,kg/MW,World,generation,SPV,AsGa,gallium,52,52,52
2020,inflow,kg/MW,World,generation,SPV,AsGa,germanium,0,0,0
2020,inflow,kg/MW,World,generation,SPV,AsGa,glass,57250.5,44560,69941
2020,inflow,kg/MW,World,generation,SPV,AsGa,graphite,262,262,262
2020,inflow,kg/MW,World,generation,SPV,AsGa,indium,15,15,15
2020,inflow,kg/MW,World,generation,SPV,AsGa,lead,2.5860749999999997,0.148477,5.023673
2020,inflow,kg/MW,World,generation,SPV,AsGa,lithium,0.9527779999999999,0.9080699999999999,0.997486
2020,inflow,kg/MW,World,generation,SPV,AsGa,manganese,1066.4610675,1025.122135,1107.8
2020,inflow,kg/MW,World,generation,SPV,AsGa,molybdenum,2.3986175000000003,2.287667,2.5095680000000002
2020,inflow,kg/MW,World,generation,SPV,AsGa,nickel,0,0,0
2020,inflow,kg/MW,World,generation,SPV,AsGa,plastics,6540.5,5231,7850
2020,inflow,kg/MW,World,generation,SPV,AsGa,selenium,0,0,0
2020,inflow,kg/MW,World,generation,SPV,AsGa,silicon,150,150,150
2020,inflow,kg/MW,World,generation,SPV,AsGa,silver,0,0,0
2020,inflow,kg/MW,World,generation,SPV,AsGa,steel,54140,51701,56579
2020,inflow,kg/MW,World,generation,SPV,AsGa,tellurium,0,0,0
2020,inflow,kg/MW,World,generation,SPV,AsGa,tin,0,0,0
2020,inflow,kg/MW,World,generation,SPV,AsGa,titanium,26.063547,24.910548000000002,27.216546
2020,inflow,kg/MW,World,generation,SPV,AsGa,zinc,1453.8617985,1388.054266,1519.669331
2020,inflow,kg/MW,World,generation,SPV,CdTe,aluminium,10528.5060885,9774,11283.012177
2020,inflow,kg/MW,World,generation,SPV,CdTe,cadmium,50,12,244.26
2020,inflow,kg/MW,World,generation,SPV,CdTe,chromium,161.21134,152.635477,169.787203
2020,inflow,kg/MW,World,generation,SPV,CdTe,cobalt,0.9294865000000001,0.8844830000000001,0.9744900000000001
2020,inflow,kg/MW,World,generation,SPV,CdTe,concrete,38572.07362,37632.147240000006,39512
2020,inflow,kg/MW,World,generation,SPV,CdTe,copper,5825.663337,5728,5923.326674
2020,inflow,kg/MW,World,generation,SPV,CdTe,gallium,0,0,0
2020,inflow,kg/MW,World,generation,SPV,CdTe,germanium,0,0,0
2020,inflow,kg/MW,World,generation,SPV,CdTe,glass,57250.5,44560,69941
2020,inflow,kg/MW,World,generation,SPV,CdTe,graphite,0,0,0
2020,inflow,kg/MW,World,generation,SPV,CdTe,indium,9.53888888888889,0,15.9
2020,inflow,kg/MW,World,generation,SPV,CdTe,lead,2.5860749999999997,0.148477,5.023673
2020,inflow,kg/MW,World,generation,SPV,CdTe,lithium,0.9527779999999999,0.9080699999999999,0.997486
2020,inflow,kg/MW,World,generation,SPV,CdTe,manganese,1066.4610675,1025.122135,1107.8
2020,inflow,kg/MW,World,generation,SPV,CdTe,molybdenum,2.3986175000000003,2.287667,2.5095680000000002
2020,inflow,kg/MW,World,generation,SPV,CdTe,nickel,15.795,15.59,16
2020,inflow,kg/MW,World,generation,SPV,CdTe,plastics,6540.5,5231,7850
2020,inflow,kg/MW,World,generation,SPV,CdTe,selenium,0,0,0
2020,inflow,kg/MW,World,generation,SPV,CdTe,silicon,0,0,0
2020,inflow,kg/MW,World,generation,SPV,CdTe,silver,80,80,80
2020,inflow,kg/MW,World,generation,SPV,CdTe,steel,54140,51701,56579
2020,inflow,kg/MW,World,generation,SPV,CdTe,tellurium,52,11,242.87
2020,inflow,kg/MW,World,generation,SPV,CdTe,tin,52.629999999999995,21.4,83.86
2020,inflow,kg/MW,World,generation,SPV,CdTe,titanium,26.063547,24.910548000000002,27.216546
2020,inflow,kg/MW,World,generation,SPV,CdTe,zinc,1453.8617985,1388.054266,1519.669331
2020,inflow,kg/MW,World,generation,SPV,CIGS,aluminium,10528.5060885,9774,11283.012177
2020,inflow,kg/MW,World,generation,SPV,CIGS,cadmium,1.3,1.3,1.3
2020,inflow,kg/MW,World,generation,SPV,CIGS,chromium,161.21134,152.635477,169.787203
2020,inflow,kg/MW,World,generation,SPV,CIGS,cobalt,0.9294865000000001,0.8844830000000001,0.9744900000000001
2020,inflow,kg/MW,World,generation,SPV,CIGS,concrete,38572.07362,37632.147240000006,39512
2020,inflow,kg/MW,World,generation,SPV,CIGS,copper,5825.663337,5728,5923.326674
2020,inflow,kg/MW,World,generation,SPV,CIGS,gallium,5,1,124
2020,inflow,kg/MW,World,generation,SPV,CIGS,germanium,0,0,0
2020,inflow,kg/MW,World,generation,SPV,CIGS,glass,57250.5,44560,69941
2020,inflow,kg/MW,World,generation,SPV,CIGS,graphite,0,0,0
2020,inflow,kg/MW,World,generation,SPV,CIGS,indium,15,3,83.79
2020,inflow,kg/MW,World,generation,SPV,CIGS,lead,2.5860749999999997,0.148477,5.023673
2020,inflow,kg/MW,World,generation,SPV,CIGS,lithium,0.9527779999999999,0.9080699999999999,0.997486
2020,inflow,kg/MW,World,generation,SPV,CIGS,manganese,1066.4610675,1025.122135,1107.8
2020,inflow,kg/MW,World,generation,SPV,CIGS,molybdenum,2.3986175000000003,2.287667,2.5095680000000002
2020,inflow,kg/MW,World,generation,SPV,CIGS,nickel,0,0,0
2020,inflow,kg/MW,World,generation,SPV,CIGS,plastics,6540.5,5231,7850
2020,inflow,kg/MW,World,generation,SPV,CIGS,selenium,35,6,110
2020,inflow,kg/MW,World,generation,SPV,CIGS,silicon,0,0,0
2020,inflow,kg/MW,World,generation,SPV,CIGS,silver,80,80,80
2020,inflow,kg/MW,World,generation,SPV,CIGS,steel,54140,51701,56579
2020,inflow,kg/MW,World,generation,SPV,CIGS,tellurium,0,0,0
2020,inflow,kg/MW,World,generation,SPV,CIGS,tin,5.95,5.95,5.95
2020,inflow,kg/MW,World,generation,SPV,CIGS,titanium,26.063547,24.910548000000002,27.216546
2020,inflow,kg/MW,World,generation,SPV,CIGS,zinc,1453.8617985,1388.054266,1519.669331
2020,inflow,kg/MW,World,generation,SPV,a-Si,aluminium,10528.5060885,9774,11283.012177
2020,inflow,kg/MW,World,generation,SPV,a-Si,cadmium,0,0,0
2020,inflow,kg/MW,World,generation,SPV,a-Si,chromium,161.21134,152.635477,169.787203
2020,inflow,kg/MW,World,generation,SPV,a-Si,cobalt,0.9294865000000001,0.8844830000000001,0.9744900000000001
2020,inflow,kg/MW,World,generation,SPV,a-Si,concrete,38572.07362,37632.147240000006,39512
2020,inflow,kg/MW,World,generation,SPV,a-Si,copper,5825.663337,5728,5923.326674
2020,inflow,kg/MW,World,generation,SPV,a-Si,gallium,0,0,0
2020,inflow,kg/MW,World,generation,SPV,a-Si,germanium,30.9,10,79
2020,inflow,kg/MW,World,generation,SPV,a-Si,glass,57250.5,44560,69941
2020,inflow,kg/MW,World,generation,SPV,a-Si,graphite,62.833333333333336,48,73
2020,inflow,kg/MW,World,generation,SPV,a-Si,indium,3.6909333333333336,0,13.41
2020,inflow,kg/MW,World,generation,SPV,a-Si,lead,2.5860749999999997,0.148477,5.023673
2020,inflow,kg/MW,World,generation,SPV,a-Si,lithium,0.9527779999999999,0.9080699999999999,0.997486
2020,inflow,kg/MW,World,generation,SPV,a-Si,manganese,1066.4610675,1025.122135,1107.8
2020,inflow,kg/MW,World,generation,SPV,a-Si,molybdenum,2.3986175000000003,2.287667,2.5095680000000002
2020,inflow,kg/MW,World,generation,SPV,a-Si,nickel,334,334,334
2020,inflow,kg/MW,World,generation,SPV,a-Si,plastics,6540.5,5231,7850
2020,inflow,kg/MW,World,generation,SPV,a-Si,selenium,0,0,0
2020,inflow,kg/MW,World,generation,SPV,a-Si,silicon,150,75,150
2020,inflow,kg/MW,World,generation,SPV,a-Si,silver,0,0,0
2020,inflow,kg/MW,World,generation,SPV,a-Si,steel,54140,51701,56579
2020,inflow,kg/MW,World,generation,SPV,a-Si,tellurium,0,0,0
2020,inflow,kg/MW,World,generation,SPV,a-Si,tin,83.87,5.32,143.21
2020,inflow,kg/MW,World,generation,SPV,a-Si,titanium,26.063547,24.910548000000002,27.216546
2020,inflow,kg/MW,World,generation,SPV,a-Si,zinc,1453.8617985,1388.054266,1519.669331
2020,inflow,kg/MW,World,generation,SPVR,c-Si,aluminium,25793.753867545456,24711.002225999997,26876.50550909091
2020,inflow,kg/MW,World,generation,SPVR,c-Si,cadmium,0,0,0
2020,inflow,kg/MW,World,generation,SPVR,c-Si,chromium,66.85581100699301,64.323964,69.38765801398601
2020,inflow,kg/MW,World,generation,SPVR,c-Si,cobalt,0,0,0
2020,inflow,kg/MW,World,generation,SPVR,c-Si,concrete,0,0,0
2020,inflow,kg/MW,World,generation,SPVR,c-Si,copper,1592.6304660594403,1476.5875109999997,1708.673421118881
2020,inflow,kg/MW,World,generation,SPVR,c-Si,gallium,0,0,0
2020,inflow,kg/MW,World,generation,SPVR,c-Si,germanium,0,0,0
2020,inflow,kg/MW,World,generation,SPVR,c-Si,glass,45389,45389,45389
2020,inflow,kg/MW,World,generation,SPVR,c-Si,graphite,0,0,0
2020,inflow,kg/MW,World,generation,SPVR,c-Si,indium,0,0,0
2020,inflow,kg/MW,World,generation,SPVR,c-Si,lead,110.87399400349652,87.628861,134.11912700699304
2020,inflow,kg/MW,World,generation,SPVR,c-Si,lithium,0,0,0
2020,inflow,kg/MW,World,generation,SPVR,c-Si,manganese,152.65782402447553,91.574949,213.74069904895106
2020,inflow,kg/MW,World,generation,SPVR,c-Si,molybdenum,2.390491006993007,2.374706,2.406276013986014
2020,inflow,kg/MW,World,generation,SPVR,c-Si,nickel,1,1,1.3
2020,inflow,kg/MW,World,generation,SPVR,c-Si,plastics,11433,6618,16248
2020,inflow,kg/MW,World,generation,SPVR,c-Si,selenium,0,0,0
2020,inflow,kg/MW,World,generation,SPVR,c-Si,silicon,4000,2941.8032399999997,7000
2020,inflow,kg/MW,World,generation,SPVR,c-Si,silver,20,1,80
2020,inflow,kg/MW,World,generation,SPVR,c-Si,steel,4758.5,1538,7979
2020,inflow,kg/MW,World,generation,SPVR,c-Si,tellurium,0,0,0
2020,inflow,kg/MW,World,generation,SPVR,c-Si,tin,350.54,124.08,577
2020,inflow,kg/MW,World,generation,SPVR,c-Si,titanium,2.5297420104895103,0.9715109999999999,4.087973020979021
2020,inflow,kg/MW,World,generation,SPVR,c-Si,zinc,29.445531003496505,27.750849,31.140213006993008
2020,inflow,kg/MW,World,generation,SPVR,c-Si,zirconium,4.380066503496504,3.41545,5.344683006993008
2020,inflow,kg/MW,World,generation,SPVR,AsGa,aluminium,25793.753867545456,24711.002225999997,26876.50550909091
2020,inflow,kg/MW,World,generation,SPVR,AsGa,cadmium,0,0,0
2020,inflow,kg/MW,World,generation,SPVR,AsGa,chromium,66.85581100699301,64.323964,69.38765801398601
2020,inflow,kg/MW,World,generation,SPVR,AsGa,cobalt,0,0,0
2020,inflow,kg/MW,World,generation,SPVR,AsGa,concrete,0,0,0
2020,inflow,kg/MW,World,generation,SPVR,AsGa,copper,1592.6304660594403,1476.5875109999997,1708.673421118881
2020,inflow,kg/MW,World,generation,SPVR,AsGa,gallium,52,52,52
2020,inflow,kg/MW,World,generation,SPVR,AsGa,germanium,0,0,0
2020,inflow,kg/MW,World,generation,SPVR,AsGa,glass,45389,45389,45389
2020,inflow,kg/MW,World,generation,SPVR,AsGa,graphite,262,262,262
2020,inflow,kg/MW,World,generation,SPVR,AsGa,indium,15,15,15
2020,inflow,kg/MW,World,generation,SPVR,AsGa,lead,110.87399400349652,87.628861,134.11912700699304
2020,inflow,kg/MW,World,generation,SPVR,AsGa,lithium,0,0,0
2020,inflow,kg/MW,World,generation,SPVR,AsGa,manganese,152.65782402447553,91.574949,213.74069904895106
2020,inflow,kg/MW,World,generation,SPVR,AsGa,molybdenum,2.390491006993007,2.374706,2.406276013986014
2020,inflow,kg/MW,World,generation,SPVR,AsGa,nickel,0,0,0
2020,inflow,kg/MW,World,generation,SPVR,AsGa,plastics,11433,6618,16248
2020,inflow,kg/MW,World,generation,SPVR,AsGa,selenium,0,0,0
2020,inflow,kg/MW,World,generation,SPVR,AsGa,silicon,150,150,150
2020,inflow,kg/MW,World,generation,SPVR,AsGa,silver,0,0,0
2020,inflow,kg/MW,World,generation,SPVR,AsGa,steel,4758.5,1538,7979
2020,inflow,kg/MW,World,generation,SPVR,AsGa,tellurium,0,0,0
2020,inflow,kg/MW,World,generation,SPVR,AsGa,tin,0,0,0
2020,inflow,kg/MW,World,generation,SPVR,AsGa,titanium,2.5297420104895103,0.9715109999999999,4.087973020979021
2020,inflow,kg/MW,World,generation,SPVR,AsGa,zinc,29.445531003496505,27.750849,31.140213006993008
2020,inflow,kg/MW,World,generation,SPVR,AsGa,zirconium,4.380066503496504,3.41545,5.344683006993008
2020,inflow,kg/MW,World,generation,SPVR,CdTe,aluminium,25793.753867545456,24711.002225999997,26876.50550909091
2020,inflow,kg/MW,World,generation,SPVR,CdTe,cadmium,50,12,244.26
2020,inflow,kg/MW,World,generation,SPVR,CdTe,chromium,66.85581100699301,64.323964,69.38765801398601
2020,inflow,kg/MW,World,generation,SPVR,CdTe,cobalt,0,0,0
2020,inflow,kg/MW,World,generation,SPVR,CdTe,concrete,0,0,0
2020,inflow,kg/MW,World,generation,SPVR,CdTe,copper,1592.6304660594403,1476.5875109999997,1708.673421118881
2020,inflow,kg/MW,World,generation,SPVR,CdTe,gallium,0,0,0
2020,inflow,kg/MW,World,generation,SPVR,CdTe,germanium,0,0,0
2020,inflow,kg/MW,World,generation,SPVR,CdTe,glass,45389,45389,45389
2020,inflow,kg/MW,World,generation,SPVR,CdTe,graphite,0,0,0
2020,inflow,kg/MW,World,generation,SPVR,CdTe,indium,9.53888888888889,0,15.9
2020,inflow,kg/MW,World,generation,SPVR,CdTe,lead,110.87399400349652,87.628861,134.11912700699304
2020,inflow,kg/MW,World,generation,SPVR,CdTe,lithium,0,0,0
2020,inflow,kg/MW,World,generation,SPVR,CdTe,manganese,152.65782402447553,91.574949,213.74069904895106
2020,inflow,kg/MW,World,generation,SPVR,CdTe,molybdenum,2.390491006993007,2.374706,2.406276013986014
2020,inflow,kg/MW,World,generation,SPVR,CdTe,nickel,15.795,15.59,16
2020,inflow,kg/MW,World,generation,SPVR,CdTe,plastics,11433,6618,16248
2020,inflow,kg/MW,World,generation,SPVR,CdTe,selenium,0,0,0
2020,inflow,kg/MW,World,generation,SPVR,CdTe,silicon,0,0,0
2020,inflow,kg/MW,World,generation,SPVR,CdTe,silver,80,80,80
2020,inflow,kg/MW,World,generation,SPVR,CdTe,steel,4758.5,1538,7979
2020,inflow,kg/MW,World,generation,SPVR,CdTe,tellurium,52,11,242.87
2020,inflow,kg/MW,World,generation,SPVR,CdTe,tin,52.629999999999995,21.4,83.86
2020,inflow,kg/MW,World,generation,SPVR,CdTe,titanium,2.5297420104895103,0.9715109999999999,4.087973020979021
2020,inflow,kg/MW,World,generation,SPVR,CdTe,zinc,29.445531003496505,27.750849,31.140213006993008
2020,inflow,kg/MW,World,generation,SPVR,CdTe,zirconium,4.380066503496504,3.41545,5.344683006993008
2020,inflow,kg/MW,World,generation,SPVR,CIGS,aluminium,25793.753867545456,24711.002225999997,26876.50550909091
2020,inflow,kg/MW,World,generation,SPVR,CIGS,cadmium,1.3,1.3,1.3
2020,inflow,kg/MW,World,generation,SPVR,CIGS,chromium,66.85581100699301,64.323964,69.38765801398601
2020,inflow,kg/MW,World,generation,SPVR,CIGS,cobalt,0,0,0
2020,inflow,kg/MW,World,generation,SPVR,CIGS,concrete,0,0,0
2020,inflow,kg/MW,World,generation,SPVR,CIGS,copper,1592.6304660594403,1476.5875109999997,1708.673421118881
2020,inflow,kg/MW,World,generation,SPVR,CIGS,gallium,5,1,124
2020,inflow,kg/MW,World,generation,SPVR,CIGS,germanium,0,0,0
2020,inflow,kg/MW,World,generation,SPVR,CIGS,glass,45389,45389,45389
2020,inflow,kg/MW,World,generation,SPVR,CIGS,graphite,0,0,0
2020,inflow,kg/MW,World,generation,SPVR,CIGS,indium,15,3,83.79
2020,inflow,kg/MW,World,generation,SPVR,CIGS,lead,110.87399400349652,87.628861,134.11912700699304
2020,inflow,kg/MW,World,generation,SPVR,CIGS,lithium,0,0,0
2020,inflow,kg/MW,World,generation,SPVR,CIGS,manganese,152.65782402447553,91.574949,213.74069904895106
2020,inflow,kg/MW,World,generation,SPVR,CIGS,molybdenum,2.390491006993007,2.374706,2.406276013986014
2020,inflow,kg/MW,World,generation,SPVR,CIGS,nickel,0,0,0
2020,inflow,kg/MW,World,generation,SPVR,CIGS,plastics,11433,6618,16248
2020,inflow,kg/MW,World,generation,SPVR,CIGS,selenium,35,6,110
2020,inflow,kg/MW,World,generation,SPVR,CIGS,silicon,0,0,0
2020,inflow,kg/MW,World,generation,SPVR,CIGS,silver,80,80,80
2020,inflow,kg/MW,World,generation,SPVR,CIGS,steel,4758.5,1538,7979
2020,inflow,kg/MW,World,generation,SPVR,CIGS,tellurium,0,0,0
2020,inflow,kg/MW,World,generation,SPVR,CIGS,tin,5.95,5.95,5.95
2020,inflow,kg/MW,World,generation,SPVR,CIGS,titanium,2.5297420104895103,0.9715109999999999,4.087973020979021
2020,inflow,kg/MW,World,generation,SPVR,CIGS,zinc,29.445531003496505,27.750849,31.140213006993008
2020,inflow,kg/MW,World,generation,SPVR,CIGS,zirconium,4.380066503496504,3.41545,5.344683006993008
2020,inflow,kg/MW,World,generation,SPVR,a-Si,aluminium,25793.753867545456,24711.002225999997,26876.50550909091
2020,inflow,kg/MW,World,generation,SPVR,a-Si,cadmium,0,0,0
2020,inflow,kg/MW,World,generation,SPVR,a-Si,chromium,66.85581100699301,64.323964,69.38765801398601
2020,inflow,kg/MW,World,generation,SPVR,a-Si,cobalt,0,0,0
2020,inflow,kg/MW,World,generation,SPVR,a-Si,concrete,0,0,0
2020,inflow,kg/MW,World,generation,SPVR,a-Si,copper,1592.6304660594403,1476.5875109999997,1708.673421118881
2020,inflow,kg/MW,World,generation,SPVR,a-Si,gallium,0,0,0
2020,inflow,kg/MW,World,generation,SPVR,a-Si,germanium,30.9,10,79
2020,inflow,kg/MW,World,generation,SPVR,a-Si,glass,45389,45389,45389
2020,inflow,kg/MW,World,generation,SPVR,a-Si,graphite,62.833333333333336,48,73
2020,inflow,kg/MW,World,generation,SPVR,a-Si,indium,3.6909333333333336,0,13.41
2020,inflow,kg/MW,World,generation,SPVR,a-Si,lead,110.87399400349652,87.628861,134.11912700699304
2020,inflow,kg/MW,World,generation,SPVR,a-Si,lithium,0,0,0
2020,inflow,kg/MW,World,generation,SPVR,a-Si,manganese,152.65782402447553,91.574949,213.74069904895106
2020,inflow,kg/MW,World,generation,SPVR,a-Si,molybdenum,2.390491006993007,2.374706,2.406276013986014
2020,inflow,kg/MW,World,generation,SPVR,a-Si,nickel,334,334,334
2020,inflow,kg/MW,World,generation,SPVR,a-Si,plastics,11433,6618,16248
2020,inflow,kg/MW,World,generation,SPVR,a-Si,selenium,0,0,0
2020,inflow,kg/MW,World,generation,SPVR,a-Si,silicon,150,75,150
2020,inflow,kg/MW,World,generation,SPVR,a-Si,silver,0,0,0
2020,inflow,kg/MW,World,generation,SPVR,a-Si,steel,4758.5,1538,7979
2020,inflow,kg/MW,World,generation,SPVR,a-Si,tellurium,0,0,0
2020,inflow,kg/MW,World,generation,SPVR,a-Si,tin,83.87,5.32,143.21
2020,inflow,kg/MW,World,generation,SPVR,a-Si,titanium,2.5297420104895103,0.9715109999999999,4.087973020979021
2020,inflow,kg/MW,World,generation,SPVR,a-Si,zinc,29.445531003496505,27.750849,31.140213006993008
2020,inflow,kg/MW,World,generation,SPVR,a-Si,zirconium,4.380066503496504,3.41545,5.344683006993008
2020,inflow,kg/MW,World,generation,CSP,parabolic trough,aluminium,740,740,740
2020,inflow,kg/MW,World,generation,CSP,parabolic trough,chromium,2200,2200,2200
2020,inflow,kg/MW,World,generation,CSP,parabolic trough,cobalt,326,326,326
2020,inflow,kg/MW,World,generation,CSP,parabolic trough,concrete,0,0,0
2020,inflow,kg/MW,World,generation,CSP,parabolic trough,copper,3200,3200,3200
2020,inflow,kg/MW,World,generation,CSP,parabolic trough,glass,132810,132810,132810
2020,inflow,kg/MW,World,generation,CSP,parabolic trough,manganese,2000,2000,2000
2020,inflow,kg/MW,World,generation,CSP,parabolic trough,molybdenum,200,200,200
2020,inflow,kg/MW,World,generation,CSP,parabolic trough,nickel,940,940,940
2020,inflow,kg/MW,World,generation,CSP,parabolic trough,niobium,1091.5,0,2183
2020,inflow,kg/MW,World,generation,CSP,parabolic trough,silver,24.849999999999998,6.405,40.355
2020,inflow,kg/MW,World,generation,CSP,parabolic trough,steel,240000,240000,240000
2020,inflow,kg/MW,World,generation,CSP,parabolic trough,titanium,25,25,25
2020,inflow,kg/MW,World,generation,CSP,parabolic trough,vanadium,1.9,1.9,1.9
2020,inflow,kg/MW,World,generation,CSP,parabolic trough,zinc,650,650,650
2020,inflow,kg/MW,World,generation,CSP,solar tower,aluminium,23000,23000,23000
2020,inflow,kg/MW,World,generation,CSP,solar tower,boron,0,0,0
2020,inflow,kg/MW,World,generation,CSP,solar tower,cement,72000,72000,72000
2020,inflow,kg/MW,World,generation,CSP,solar tower,chromium,3700,3700,3700
2020,inflow,kg/MW,World,generation,CSP,solar tower,cobalt,0,0,0
2020,inflow,kg/MW,World,generation,CSP,solar tower,concrete,0,0,0
2020,inflow,kg/MW,World,generation,CSP,solar tower,copper,1400,1400,1400
2020,inflow,kg/MW,World,generation,CSP,solar tower,dysprosium,0,0,0
2020,inflow,kg/MW,World,generation,CSP,solar tower,glass,111800,111800,111800
2020,inflow,kg/MW,World,generation,CSP,solar tower,lead,0,0,0
2020,inflow,kg/MW,World,generation,CSP,solar tower,magnesium,2600,2600,2600
2020,inflow,kg/MW,World,generation,CSP,solar tower,manganese,5700,5700,5700
2020,inflow,kg/MW,World,generation,CSP,solar tower,molybdenum,56,56,56
2020,inflow,kg/MW,World,generation,CSP,solar tower,neodymium,0,0,0
2020,inflow,kg/MW,World,generation,CSP,solar tower,nickel,1800,1800,1800
2020,inflow,kg/MW,World,generation,CSP,solar tower,niobium,140,140,140
2020,inflow,kg/MW,World,generation,CSP,solar tower,plastics,0,0,0
2020,inflow,kg/MW,World,generation,CSP,solar tower,praseodymium,0,0,0
2020,inflow,kg/MW,World,generation,CSP,solar tower,silver,26.5,16,120.19000000000001
2020,inflow,kg/MW,World,generation,CSP,solar tower,steel,400000,400000,400000
2020,inflow,kg/MW,World,generation,CSP,solar tower,tantalum,0,0,0
2020,inflow,kg/MW,World,generation,CSP,solar tower,terbium,0,0,0
2020,inflow,kg/MW,World,generation,CSP,solar tower,vanadium,1.7,1.7,1.7
2020,inflow,kg/MW,World,generation,CSP,solar tower,zinc,1400,1400,1400
2020,inflow,kg/MW,World,generation,HYD,tech1,aluminium,1695.6666666666667,52,3400
2020,inflow,kg/MW,World,generation,HYD,tech1,chromium,6947.5,1500,12395
2020,inflow,kg/MW,World,generation,HYD,tech1,concrete,7655750,5766000,10533000
2020,inflow,kg/MW,World,generation,HYD,tech1,copper,2643.75,1050,6735
2020,inflow,kg/MW,World,generation,HYD,tech1,lead,179.5,59,300
2020,inflow,kg/MW,World,generation,HYD,tech1,magnesium,68.5,37,100
2020,inflow,kg/MW,World,generation,HYD,tech1,manganese,1796.5,200,3393
2020,inflow,kg/MW,World,generation,HYD,tech1,molybdenum,290,250,330
2020,inflow,kg/MW,World,generation,HYD,tech1,nickel,7587,7587,7587
2020,inflow,kg/MW,World,generation,HYD,tech1,steel,83575,24800,177000
2020,inflow,kg/MW,World,generation,HYD,tech1,zinc,326.5,253,400
2020,inflow,kg/MW,World,generation,GEO,tech1,aluminium,14760.375,1448,45200
2020,inflow,kg/MW,World,generation,GEO,tech1,chromium,39034,13663,64405
2020,inflow,kg/MW,World,generation,GEO,tech1,concrete,309000,159000,459000
2020,inflow,kg/MW,World,generation,GEO,tech1,copper,5233.571428571428,597,18885
2020,inflow,kg/MW,World,generation,GEO,tech1,lead,416,416,416
2020,inflow,kg/MW,World,generation,GEO,tech1,magnesium,208,208,208
2020,inflow,kg/MW,World,generation,GEO,tech1,manganese,6890,4325,9455
2020,inflow,kg/MW,World,generation,GEO,tech1,molybdenum,7209,7209,7209
2020,inflow,kg/MW,World,generation,GEO,tech1,nickel,66089,12023,120155
2020,inflow,kg/MW,World,generation,GEO,tech1,niobium,128,128,128
2020,inflow,kg/MW,World,generation,GEO,tech1,plastics,2917,2917,2917
2020,inflow,kg/MW,World,generation,GEO,tech1,steel,544709,124933,1206000
2020,inflow,kg/MW,World,generation,GEO,tech1,tantalum,32.05,0.1,64
2020,inflow,kg/MW,World,generation,GEO,tech1,zinc,1917,1917,1917
2020,inflow,kg/MW,World,generation,GeoCHP,tech1,aluminium,15630.515403194006,1533.3611987381703,47864.58990536277
2020,inflow,kg/MW,World,generation,GeoCHP,tech1,chromium,41335.09739747634,14468.44893533123,68201.74585962144
2020,inflow,kg/MW,World,generation,GeoCHP,tech1,concrete,327215.8911671924,168373.22555205046,486058.55678233434
2020,inflow,kg/MW,World,generation,GeoCHP,tech1,copper,5542.096242676881,632.1938091482649,19998.29160094637
2020,inflow,kg/MW,World,generation,GeoCHP,tech1,lead,440.52365930599365,440.52365930599365,440.52365930599365
2020,inflow,kg/MW,World,generation,GeoCHP,tech1,magnesium,220.26182965299682,220.26182965299682,220.26182965299682
2020,inflow,kg/MW,World,generation,GeoCHP,tech1,manganese,7296.17310725552,4579.963525236592,10012.382689274447
2020,inflow,kg/MW,World,generation,GeoCHP,tech1,molybdenum,7633.978509463722,7633.978509463722,7633.978509463722
2020,inflow,kg/MW,World,generation,GeoCHP,tech1,nickel,69985.01951892744,12731.769124605677,127238.2699132492
2020,inflow,kg/MW,World,generation,GeoCHP,tech1,niobium,135.54574132492112,135.54574132492112,135.54574132492112
2020,inflow,kg/MW,World,generation,GeoCHP,tech1,plastics,3088.9603706624603,3088.9603706624603,3088.9603706624603
2020,inflow,kg/MW,World,generation,GeoCHP,tech1,steel,576820.1969637224,132297.93828864352,1277095.0315457413
2020,inflow,kg/MW,World,generation,GeoCHP,tech1,tantalum,33.939382886435325,0.10589511041009464,67.77287066246056
2020,inflow,kg/MW,World,generation,GeoCHP,tech1,zinc,2030.009266561514,2030.009266561514,2030.009266561514
2020,inflow,kg/MW,World,generation,WAVE,tech1,aluminium,1319,1319,1319
2020,inflow,kg/MW,World,generation,WAVE,tech1,concrete,3146317,3146317,3146317
2020,inflow,kg/MW,World,generation,WAVE,tech1,copper,11679,11679,11679
2020,inflow,kg/MW,World,generation,WAVE,tech1,plastics,76268,76268,76268
2020,inflow,kg/MW,World,generation,WAVE,tech1,steel,999819,999819,999819
2020,inflow,kg/MW,World,generation,OREN,tech1,aluminium,8889.662702839014,8889.662702839014,8889.662702839014
2020,inflow,kg/MW,World,generation,OREN,tech1,concrete,1445720.0357176515,1445720.0357176515,1445720.0357176515
2020,inflow,kg/MW,World,generation,OREN,tech1,copper,4906.018823145778,4906.018823145778,4906.018823145778
2020,inflow,kg/MW,World,generation,OREN,tech1,glass,30278.176136363636,30278.176136363636,30278.176136363636
2020,inflow,kg/MW,World,generation,OREN,tech1,plastics,17717.6875,17717.6875,17717.6875
2020,inflow,kg/MW,World,generation,OREN,tech1,steel,303062.6875,303062.6875,303062.6875
2020,inflow,kg/MW,World,generation,FREE12,tech1,aluminium,0,0,0
2020,inflow,kg/MW,World,generation,FREE12,tech1,concrete,0,0,0
2020,inflow,kg/MW,World,generation,FREE12,tech1,copper,0,0,0
2020,inflow,kg/MW,World,generation,FREE12,tech1,glass,0,0,0
2020,inflow,kg/MW,World,generation,FREE12,tech1,plastics,0,0,0
2020,inflow,kg/MW,World,generation,FREE12,tech1,steel,0,0,0
2020,inflow,kg/MW,World,generation,H2P,tech1,steel,151660,151660,151660
2020,inflow,kg/MW,World,generation,H2P,tech1,aluminium,5241,5241,5241
2020,inflow,kg/MW,World,generation,H2P,tech1,plastics,4883,4883,4883
2020,inflow,kg/MW,World,generation,H2P,tech1,glass,17.08,17.08,17.08
2020,inflow,kg/MW,World,generation,H2P,tech1,copper,145.7,145.7,145.7
2020,inflow,kg/MW,World,generation,H2P,tech1,lead,758.1,758.1,758.1
2020,inflow,kg/MW,World,generation,H2CHP,tech1,steel,160608,160608,160608
2020,inflow,kg/MW,World,generation,H2CHP,tech1,aluminium,5550.2210734537775,5550.2210734537775,5550.2210734537775
2020,inflow,kg/MW,World,generation,H2CHP,tech1,plastics,5171.098931821179,5171.098931821179,5171.098931821179
2020,inflow,kg/MW,World,generation,H2CHP,tech1,glass,18.087726757220093,18.087726757220093,18.087726757220093
2020,inflow,kg/MW,World,generation,H2CHP,tech1,copper,154.29635764209414,154.29635764209414,154.29635764209414
2020,inflow,kg/MW,World,generation,H2CHP,tech1,lead,802.8281999208756,802.8281999208756,802.8281999208756
2020,inflow,kg/MW,World,generation,BioST,tech1,aluminium,600,271,1300
2020,inflow,kg/MW,World,generation,BioST,tech1,cobalt,67.282,67.282,67.282
2020,inflow,kg/MW,World,generation,BioST,tech1,concrete,213360,159000,213360
2020,inflow,kg/MW,World,generation,BioST,tech1,copper,762,454,762
2020,inflow,kg/MW,World,generation,BioST,tech1,manganese,145,112,199
2020,inflow,kg/MW,World,generation,BioST,tech1,nickel,9.666666666666666,8,11
2020,inflow,kg/MW,World,generation,BioST,tech1,steel,72900,33595,72900
2020,inflow,kg/MW,World,generation,BioST,tech1,tantalum,4.756,4.756,4.756
2020,inflow,kg/MW,World,generation,BioCC,tech1,aluminium,263,263,263
2020,inflow,kg/MW,World,generation,BioCC,tech1,cobalt,67.282,67.282,67.282
2020,inflow,kg/MW,World,generation,BioCC,tech1,concrete,89184,89184,89184
2020,inflow,kg/MW,World,generation,BioCC,tech1,copper,762,762,762
2020,inflow,kg/MW,World,generation,BioCC,tech1,manganese,145,112,199
2020,inflow,kg/MW,World,generation,BioCC,tech1,nickel,9.666666666666666,8,11
2020,inflow,kg/MW,World,generation,BioCC,tech1,steel,33421,33421,33421
2020,inflow,kg/MW,World,generation,BioCC,tech1,tantalum,4.756,4.756,4.756
2020,inflow,kg/MW,World,generation,BioCS,tech1,aluminium,263,263,1300
2020,inflow,kg/MW,World,generation,BioCS,tech1,cobalt,74.782,74.782,74.782
2020,inflow,kg/MW,World,generation,BioCS,tech1,concrete,89184,89184,243270
2020,inflow,kg/MW,World,generation,BioCS,tech1,copper,1454,545,1454
2020,inflow,kg/MW,World,generation,BioCS,tech1,manganese,3761,3761,3761
2020,inflow,kg/MW,World,generation,BioCS,tech1,nickel,9.666666666666666,8,11
2020,inflow,kg/MW,World,generation,BioCS,tech1,steel,43139,43139,79560
2020,inflow,kg/MW,World,generation,BioCS,tech1,tantalum,4.756,4.756,4.756
2020,inflow,kg/MW,World,generation,BioCHP,tech1,aluminium,50,50,50
2020,inflow,kg/MW,World,generation,BioCHP,tech1,cobalt,67.282,67.282,67.282
2020,inflow,kg/MW,World,generation,BioCHP,tech1,concrete,243797,243797,243797
2020,inflow,kg/MW,World,generation,BioCHP,tech1,copper,2937,2937,2937
2020,inflow,kg/MW,World,generation,BioCHP,tech1,manganese,145,112,199
2020,inflow,kg/MW,World,generation,BioCHP,tech1,nickel,9.666666666666666,8,11
2020,inflow,kg/MW,World,generation,BioCHP,tech1,steel,6181,6181,6181
2020,inflow,kg/MW,World,generation,BioCHP,tech1,tantalum,4.756,4.756,4.756
2020,inflow,kg/MW,World,generation,BioCHPCS,tech1,aluminium,263,263,263
2020,inflow,kg/MW,World,generation,BioCHPCS,tech1,cobalt,74.782,74.782,74.782
2020,inflow,kg/MW,World,generation,BioCHPCS,tech1,concrete,243797,243797,243797
2020,inflow,kg/MW,World,generation,BioCHPCS,tech1,copper,3629,3629,3629
2020,inflow,kg/MW,World,generation,BioCHPCS,tech1,manganese,3771.8,3771.8,3771.8
2020,inflow,kg/MW,World,generation,BioCHPCS,tech1,nickel,9.666666666666666,8,11
2020,inflow,kg/MW,World,generation,BioCHPCS,tech1,steel,43139,43139,79560
2020,inflow,kg/MW,World,generation,BioCHPCS,tech1,tantalum,4.756,4.756,4.756
2020,inflow,kg/MW,World,generation,NUC,tech1,aluminium,168.88888888888889,18,577
2020,inflow,kg/MW,World,generation,NUC,tech1,cadmium,0.4,0.4,0.4
2020,inflow,kg/MW,World,generation,NUC,tech1,chromium,1038.142857142857,110,5444
2020,inflow,kg/MW,World,generation,NUC,tech1,cobalt,0.121,0.121,0.121
2020,inflow,kg/MW,World,generation,NUC,tech1,concrete,276096.5,170000,383900
2020,inflow,kg/MW,World,generation,NUC,tech1,copper,1374,726,2000
2020,inflow,kg/MW,World,generation,NUC,tech1,dysprosium,1444,1444,1444
2020,inflow,kg/MW,World,generation,NUC,tech1,indium,1.7,1.4,2
2020,inflow,kg/MW,World,generation,NUC,tech1,lead,131.125,4,492
2020,inflow,kg/MW,World,generation,NUC,tech1,magnesium,7.5,6,9
2020,inflow,kg/MW,World,generation,NUC,tech1,manganese,320.1111111111111,148,467
2020,inflow,kg/MW,World,generation,NUC,tech1,molybdenum,58.11,2.5,164
2020,inflow,kg/MW,World,generation,NUC,tech1,nickel,674.2133333333334,12.4,3355
2020,inflow,kg/MW,World,generation,NUC,tech1,niobium,0.77,0.01,2
2020,inflow,kg/MW,World,generation,NUC,tech1,silver,3.0933333333333333,0.06,8
2020,inflow,kg/MW,World,generation,NUC,tech1,steel,36143.71428571428,7407,61104
2020,inflow,kg/MW,World,generation,NUC,tech1,tin,2.65,0.3,5
2020,inflow,kg/MW,World,generation,NUC,tech1,tungsten,5,5,5
2020,inflow,kg/MW,World,generation,NUC,tech1,vanadium,1.725,1,3
2020,inflow,kg/MW,World,generation,NUC,tech1,yttrium,1,1,1
2020,inflow,kg/MW,World,generation,NUC,tech1,zinc,67.33333333333333,2,100
2020,inflow,kg/MW,World,generation,NUC,tech1,zirconium,22.5,14,31
2020,inflow,kg/MW,World,generation,ClST,tech1,aluminium,504,255,1033.5
2020,inflow,kg/MW,World,generation,ClST,tech1,chromium,308,308,308
2020,inflow,kg/MW,World,generation,ClST,tech1,cobalt,115,115,201
2020,inflow,kg/MW,World,generation,ClST,tech1,concrete,352800,74300,352800
2020,inflow,kg/MW,World,generation,ClST,tech1,copper,1146,454,1510.5
2020,inflow,kg/MW,World,generation,ClST,tech1,manganese,3.795,3.795,199
2020,inflow,kg/MW,World,generation,ClST,tech1,nickel,836,721,836
2020,inflow,kg/MW,World,generation,ClST,tech1,steel,84600,44425,84600
2020,inflow,kg/MW,World,generation,ClST,tech1,tantalum,8.757,8.757,8.757
2020,inflow,kg/MW,World,generation,IGCC,tech1,aluminium,504,255,1033.5
2020,inflow,kg/MW,World,generation,IGCC,tech1,chromium,0,0,0
2020,inflow,kg/MW,World,generation,IGCC,tech1,cobalt,115,115,201
2020,inflow,kg/MW,World,generation,IGCC,tech1,concrete,165000,74300,178320
2020,inflow,kg/MW,World,generation,IGCC,tech1,copper,1146,454,1510.5
2020,inflow,kg/MW,World,generation,IGCC,tech1,manganese,3.795,3.795,199
2020,inflow,kg/MW,World,generation,IGCC,tech1,nickel,836,721,836
2020,inflow,kg/MW,World,generation,IGCC,tech1,steel,34900,34900,77036
2020,inflow,kg/MW,World,generation,IGCC,tech1,tantalum,8.757,8.757,8.757
2020,inflow,kg/MW,World,generation,ClCS,tech1,aluminium,504,255,624
2020,inflow,kg/MW,World,generation,ClCS,tech1,chromium,0,0,0
2020,inflow,kg/MW,World,generation,ClCS,tech1,cobalt,123,123,123
2020,inflow,kg/MW,World,generation,ClCS,tech1,concrete,352800,272830,352800
2020,inflow,kg/MW,World,generation,ClCS,tech1,copper,1630,545,1630
2020,inflow,kg/MW,World,generation,ClCS,tech1,manganese,3765,112,3765
2020,inflow,kg/MW,World,generation,ClCS,tech1,nickel,1981,1981,1981
2020,inflow,kg/MW,World,generation,ClCS,tech1,steel,109200,61648,109200
2020,inflow,kg/MW,World,generation,ClCS,tech1,tantalum,8.757,8.757,8.757
2020,inflow,kg/MW,World,generation,ClCHP,tech1,aluminium,504,504,504
2020,inflow,kg/MW,World,generation,ClCHP,tech1,chromium,0,0,0
2020,inflow,kg/MW,World,generation,ClCHP,tech1,cobalt,115,115,115
2020,inflow,kg/MW,World,generation,ClCHP,tech1,concrete,352800,352800,352800
2020,inflow,kg/MW,World,generation,ClCHP,tech1,copper,5591,5591,5591
2020,inflow,kg/MW,World,generation,ClCHP,tech1,manganese,14.595,14.595,14.595
2020,inflow,kg/MW,World,generation,ClCHP,tech1,nickel,836,836,836
2020,inflow,kg/MW,World,generation,ClCHP,tech1,steel,84600,84600,84600
2020,inflow,kg/MW,World,generation,ClCHP,tech1,tantalum,8.757,8.757,8.757
2020,inflow,kg/MW,World,generation,ClCHPCS,tech1,aluminium,504,504,504
2020,inflow,kg/MW,World,generation,ClCHPCS,tech1,chromium,0,0,0
2020,inflow,kg/MW,World,generation,ClCHPCS,tech1,cobalt,123,123,123
2020,inflow,kg/MW,World,generation,ClCHPCS,tech1,concrete,352800,352800,352800
2020,inflow,kg/MW,World,generation,ClCHPCS,tech1,copper,6283,6283,6283
2020,inflow,kg/MW,World,generation,ClCHPCS,tech1,manganese,3776,3776,3776
2020,inflow,kg/MW,World,generation,ClCHPCS,tech1,nickel,1981,1981,1981
2020,inflow,kg/MW,World,generation,ClCHPCS,tech1,steel,109200,109200,109200
2020,inflow,kg/MW,World,generation,ClCHPCS,tech1,tantalum,8.757,8.757,8.757
2020,inflow,kg/MW,World,generation,OlST,tech1,aluminium,600,517.6,600
2020,inflow,kg/MW,World,generation,OlST,tech1,chromium,904,904,904
2020,inflow,kg/MW,World,generation,OlST,tech1,cobalt,67.282,67.282,67.282
2020,inflow,kg/MW,World,generation,OlST,tech1,concrete,213360,213360,213360
2020,inflow,kg/MW,World,generation,OlST,tech1,copper,762.112903199999,762.112903199999,1513
2020,inflow,kg/MW,World,generation,OlST,tech1,lead,0,0,9
2020,inflow,kg/MW,World,generation,OlST,tech1,manganese,0,0,359
2020,inflow,kg/MW,World,generation,OlST,tech1,nickel,425.782,425.782,676
2020,inflow,kg/MW,World,generation,OlST,tech1,steel,72900,72900,72900
2020,inflow,kg/MW,World,generation,OlST,tech1,tantalum,4.756,4.756,4.756
2020,inflow,kg/MW,World,generation,OlST,tech1,zinc,40,40,40
2020,inflow,kg/MW,World,generation,OlCC,tech1,aluminium,600,517.6,600
2020,inflow,kg/MW,World,generation,OlCC,tech1,chromium,0,0,0
2020,inflow,kg/MW,World,generation,OlCC,tech1,cobalt,67.282,67.282,67.282
2020,inflow,kg/MW,World,generation,OlCC,tech1,concrete,213360,213360,213360
2020,inflow,kg/MW,World,generation,OlCC,tech1,copper,762.112903199999,762.112903199999,1513
2020,inflow,kg/MW,World,generation,OlCC,tech1,lead,0,0,9
2020,inflow,kg/MW,World,generation,OlCC,tech1,manganese,0,0,359
2020,inflow,kg/MW,World,generation,OlCC,tech1,nickel,425.782,425.782,676
2020,inflow,kg/MW,World,generation,OlCC,tech1,steel,72900,72900,72900
2020,inflow,kg/MW,World,generation,OlCC,tech1,tantalum,4.756,4.756,4.756
2020,inflow,kg/MW,World,generation,OlCC,tech1,zinc,425.782,425.782,676
2020,inflow,kg/MW,World,generation,OlCS,tech1,aluminium,600,600,600
2020,inflow,kg/MW,World,generation,OlCS,tech1,chromium,0,0,0
2020,inflow,kg/MW,World,generation,OlCS,tech1,cobalt,74.782,74.782,74.782
2020,inflow,kg/MW,World,generation,OlCS,tech1,concrete,213360,213360,213360
2020,inflow,kg/MW,World,generation,OlCS,tech1,copper,1454.112903,1454.112903,1454.112903
2020,inflow,kg/MW,World,generation,OlCS,tech1,lead,0,0,0
2020,inflow,kg/MW,World,generation,OlCS,tech1,manganese,3761,3761,3761
2020,inflow,kg/MW,World,generation,OlCS,tech1,nickel,425.782,425.782,425.782
2020,inflow,kg/MW,World,generation,OlCS,tech1,steel,94097.87234,94097.87234,94097.87234
2020,inflow,kg/MW,World,generation,OlCS,tech1,tantalum,4.756,4.756,4.756
2020,inflow,kg/MW,World,generation,OlCS,tech1,zinc,425.782,425.782,676
2020,inflow,kg/MW,World,generation,OlCHP,tech1,aluminium,600,600,600
2020,inflow,kg/MW,World,generation,OlCHP,tech1,chromium,0,0,0
2020,inflow,kg/MW,World,generation,OlCHP,tech1,cobalt,67.282,67.282,67.282
2020,inflow,kg/MW,World,generation,OlCHP,tech1,concrete,213360,213360,213360
2020,inflow,kg/MW,World,generation,OlCHP,tech1,copper,5206.912903,5206.912903,5206.912903
2020,inflow,kg/MW,World,generation,OlCHP,tech1,lead,0,0,0
2020,inflow,kg/MW,World,generation,OlCHP,tech1,manganese,10.8,10.8,10.8
2020,inflow,kg/MW,World,generation,OlCHP,tech1,nickel,425.782,425.782,425.782
2020,inflow,kg/MW,World,generation,OlCHP,tech1,steel,72900,72900,72900
2020,inflow,kg/MW,World,generation,OlCHP,tech1,tantalum,4.756,4.756,4.756
2020,inflow,kg/MW,World,generation,OlCHP,tech1,zinc,425.782,425.782,425.782
2020,inflow,kg/MW,World,generation,OlCHPCS,tech1,aluminium,600,600,600
2020,inflow,kg/MW,World,generation,OlCHPCS,tech1,chromium,0,0,0
2020,inflow,kg/MW,World,generation,OlCHPCS,tech1,cobalt,74.782,74.782,74.782
2020,inflow,kg/MW,World,generation,OlCHPCS,tech1,concrete,213360,213360,213360
2020,inflow,kg/MW,World,generation,OlCHPCS,tech1,copper,5898.912903,5898.912903,5898.912903
2020,inflow,kg/MW,World,generation,OlCHPCS,tech1,lead,0,0,0
2020,inflow,kg/MW,World,generation,OlCHPCS,tech1,manganese,3771.8,3771.8,3771.8
2020,inflow,kg/MW,World,generation,OlCHPCS,tech1,nickel,425.782,425.782,425.782
2020,inflow,kg/MW,World,generation,OlCHPCS,tech1,steel,94097.87234,94097.87234,94097.87234
2020,inflow,kg/MW,World,generation,OlCHPCS,tech1,tantalum,4.756,4.756,4.756
2020,inflow,kg/MW,World,generation,OlCHPCS,tech1,zinc,425.782,425.782,425.782
2020,inflow,kg/MW,World,generation,NGOT,tech1,aluminium,376.451613,376.451613,922
2020,inflow,kg/MW,World,generation,NGOT,tech1,chromium,48,52.5,57
2020,inflow,kg/MW,World,generation,NGOT,tech1,cobalt,19.078,1.8,19.078
2020,inflow,kg/MW,World,generation,NGOT,tech1,concrete,43029.35484,43029.35484,43029.35484
2020,inflow,kg/MW,World,generation,NGOT,tech1,copper,378.2258065,378.2258065,1110
2020,inflow,kg/MW,World,generation,NGOT,tech1,lead,0,0,5
2020,inflow,kg/MW,World,generation,NGOT,tech1,magnesium,2,2,2
2020,inflow,kg/MW,World,generation,NGOT,tech1,manganese,27.419,27,199
2020,inflow,kg/MW,World,generation,NGOT,tech1,nickel,20.7,8,425.782
2020,inflow,kg/MW,World,generation,NGOT,tech1,steel,4035.483871,4035.483871,15538
2020,inflow,kg/MW,World,generation,NGOT,tech1,tantalum,0.755,0.755,0.755
2020,inflow,kg/MW,World,generation,NGOT,tech1,zinc,20,20,20
2020,inflow,kg/MW,World,generation,NGCC,tech1,aluminium,652,204,652
2020,inflow,kg/MW,World,generation,NGCC,tech1,chromium,48,52.5,57
2020,inflow,kg/MW,World,generation,NGCC,tech1,cobalt,19.078,19.078,19.078
2020,inflow,kg/MW,World,generation,NGCC,tech1,concrete,64624.5,64624.5,97800
2020,inflow,kg/MW,World,generation,NGCC,tech1,copper,1051.282051,500,1051.282051
2020,inflow,kg/MW,World,generation,NGCC,tech1,lead,0,0,0
2020,inflow,kg/MW,World,generation,NGCC,tech1,magnesium,2,2,2
2020,inflow,kg/MW,World,generation,NGCC,tech1,manganese,27.419,27.419,124
2020,inflow,kg/MW,World,generation,NGCC,tech1,nickel,15.75,15.75,15.75
2020,inflow,kg/MW,World,generation,NGCC,tech1,steel,28969,28969,51130
2020,inflow,kg/MW,World,generation,NGCC,tech1,tantalum,0.755,0.755,0.755
2020,inflow,kg/MW,World,generation,NGCC,tech1,zinc,20,20,20
2020,inflow,kg/MW,World,generation,NGCS,tech1,aluminium,376.451613,204,376.451613
2020,inflow,kg/MW,World,generation,NGCS,tech1,chromium,48,52.5,57
2020,inflow,kg/MW,World,generation,NGCS,tech1,cobalt,26.578,26.578,26.578
2020,inflow,kg/MW,World,generation,NGCS,tech1,concrete,43029.35484,43029.35484,109043
2020,inflow,kg/MW,World,generation,NGCS,tech1,copper,1070.225806,545,1070.225806
2020,inflow,kg/MW,World,generation,NGCS,tech1,lead,0,0,0
2020,inflow,kg/MW,World,generation,NGCS,tech1,magnesium,2,2,2
2020,inflow,kg/MW,World,generation,NGCS,tech1,manganese,3788.419,112,3788.419
2020,inflow,kg/MW,World,generation,NGCS,tech1,nickel,425.782,425.782,425.782
2020,inflow,kg/MW,World,generation,NGCS,tech1,steel,5208.922443,5208.922443,78229
2020,inflow,kg/MW,World,generation,NGCS,tech1,tantalum,0.755,0.755,0.755
2020,inflow,kg/MW,World,generation,NGCS,tech1,zinc,20,20,20
2020,inflow,kg/MW,World,generation,NGCHP,tech1,aluminium,376.451613,376.451613,376.451613
2020,inflow,kg/MW,World,generation,NGCHP,tech1,chromium,48,52.5,57
2020,inflow,kg/MW,World,generation,NGCHP,tech1,cobalt,19.078,19.078,19.078
2020,inflow,kg/MW,World,generation,NGCHP,tech1,concrete,43029.35484,43029.35484,43029.35484
2020,inflow,kg/MW,World,generation,NGCHP,tech1,copper,4823.025806,4823.025806,4823.025806
2020,inflow,kg/MW,World,generation,NGCHP,tech1,lead,0,0,0
2020,inflow,kg/MW,World,generation,NGCHP,tech1,magnesium,2,2,2
2020,inflow,kg/MW,World,generation,NGCHP,tech1,manganese,38.219,38.219,38.219
2020,inflow,kg/MW,World,generation,NGCHP,tech1,neodymium,0,0,0
2020,inflow,kg/MW,World,generation,NGCHP,tech1,nickel,425.782,425.782,425.782
2020,inflow,kg/MW,World,generation,NGCHP,tech1,steel,4035.483871,4035.483871,4035.483871
2020,inflow,kg/MW,World,generation,NGCHP,tech1,tantalum,0.755,0.755,0.755
2020,inflow,kg/MW,World,generation,NGCHP,tech1,zinc,20,20,20
2020,inflow,kg/MW,World,generation,NGCHPCS,tech1,aluminium,376.451613,376.451613,376.451613
2020,inflow,kg/MW,World,generation,NGCHPCS,tech1,chromium,48,52.5,57
2020,inflow,kg/MW,World,generation,NGCHPCS,tech1,cobalt,26.578,26.578,26.578
2020,inflow,kg/MW,World,generation,NGCHPCS,tech1,concrete,43029.35484,43029.35484,109043
2020,inflow,kg/MW,World,generation,NGCHPCS,tech1,copper,5515.025806,5515.025806,5515.025806
2020,inflow,kg/MW,World,generation,NGCHPCS,tech1,lead,0,0,0
2020,inflow,kg/MW,World,generation,NGCHPCS,tech1,magnesium,2,2,2
2020,inflow,kg/MW,World,generation,NGCHPCS,tech1,manganese,3799.219,3799.219,3799.219
2020,inflow,kg/MW,World,generation,NGCHPCS,tech1,nickel,425.782,425.782,425.782
2020,inflow,kg/MW,World,generation,NGCHPCS,tech1,steel,5208.922443,5208.922443,78229
2020,inflow,kg/MW,World,generation,NGCHPCS,tech1,tantalum,0.755,0.755,0.755
2020,inflow,kg/MW,World,generation,NGCHPCS,tech1,zinc,20,20,20
