Time,type_data,unit,Region,category,technology,sub_technology,material,value

2020,inflow,kg/kWh,World,storage,battery,LFP,steel,1.176
2020,inflow,kg/kWh,World,storage,battery,LFP,aluminium,0.418
2020,inflow,kg/kWh,World,storage,battery,LFP,concrete,0
2020,inflow,kg/kWh,World,storage,battery,LFP,plastics,0.835
2020,inflow,kg/kWh,World,storage,battery,LFP,glass,0
2020,inflow,kg/kWh,World,storage,battery,LFP,copper,0.418
2020,inflow,kg/kWh,World,storage,battery,LFP,neodymium,0
2020,inflow,kg/kWh,World,storage,battery,LFP,cobalt,0
2020,inflow,kg/kWh,World,storage,battery,LFP,lead,0
2020,inflow,kg/kWh,World,storage,battery,LFP,lithium,0.111
2020,inflow,kg/kWh,World,storage,battery,LFP,nickel,0
2020,inflow,kg/kWh,World,storage,battery,LFP,manganese,0
2020,inflow,kg/kWh,World,storage,battery,LFP,graphite,1.34
2020,inflow,kg/kWh,World,storage,battery,LFP,phosphorous,0.38

2020,inflow,kg/kWh,World,storage,battery,NMC333,steel,1.094
2020,inflow,kg/kWh,World,storage,battery,NMC333,aluminium,0.191
2020,inflow,kg/kWh,World,storage,battery,NMC333,concrete,0
2020,inflow,kg/kWh,World,storage,battery,NMC333,plastics,0.428
2020,inflow,kg/kWh,World,storage,battery,NMC333,glass,0
2020,inflow,kg/kWh,World,storage,battery,NMC333,copper,0.511
2020,inflow,kg/kWh,World,storage,battery,NMC333,lead,0
2020,inflow,kg/kWh,World,storage,battery,NMC333,cobalt,0.394
2020,inflow,kg/kWh,World,storage,battery,NMC333,lithium,0.152
2020,inflow,kg/kWh,World,storage,battery,NMC333,nickel,0.39
2020,inflow,kg/kWh,World,storage,battery,NMC333,manganese,0.37
2020,inflow,kg/kWh,World,storage,battery,NMC333,graphite,0.87
2020,inflow,kg/kWh,World,storage,battery,NMC333,neodymium,0
2020,inflow,kg/kWh,World,storage,battery,NMC333,phosphorous,0

2020,inflow,kg/kWh,World,storage,battery,NMC532,steel,1.094
2020,inflow,kg/kWh,World,storage,battery,NMC532,aluminium,0.191
2020,inflow,kg/kWh,World,storage,battery,NMC532,concrete,0
2020,inflow,kg/kWh,World,storage,battery,NMC532,plastics,0.428
2020,inflow,kg/kWh,World,storage,battery,NMC532,glass,0
2020,inflow,kg/kWh,World,storage,battery,NMC532,copper,0.511
2020,inflow,kg/kWh,World,storage,battery,NMC532,lead,0
2020,inflow,kg/kWh,World,storage,battery,NMC532,cobalt,0.23
2020,inflow,kg/kWh,World,storage,battery,NMC532,lithium,0.15
2020,inflow,kg/kWh,World,storage,battery,NMC532,nickel,0.494
2020,inflow,kg/kWh,World,storage,battery,NMC532,manganese,0.37
2020,inflow,kg/kWh,World,storage,battery,NMC532,graphite,0
2020,inflow,kg/kWh,World,storage,battery,NMC532,neodymium,0
2020,inflow,kg/kWh,World,storage,battery,NMC532,phosphorous,0

2020,inflow,kg/kWh,World,storage,battery,NMC622,steel,1.094
2020,inflow,kg/kWh,World,storage,battery,NMC622,aluminium,0.191
2020,inflow,kg/kWh,World,storage,battery,NMC622,concrete,0
2020,inflow,kg/kWh,World,storage,battery,NMC622,plastics,0.428
2020,inflow,kg/kWh,World,storage,battery,NMC622,glass,0
2020,inflow,kg/kWh,World,storage,battery,NMC622,copper,0.511
2020,inflow,kg/kWh,World,storage,battery,NMC622,neodymium,0
2020,inflow,kg/kWh,World,storage,battery,NMC622,cobalt,0.214
2020,inflow,kg/kWh,World,storage,battery,NMC622,lead,0
2020,inflow,kg/kWh,World,storage,battery,NMC622,lithium,0.1368
2020,inflow,kg/kWh,World,storage,battery,NMC622,nickel,0.62
2020,inflow,kg/kWh,World,storage,battery,NMC622,manganese,0.2
2020,inflow,kg/kWh,World,storage,battery,NMC622,graphite,0
2020,inflow,kg/kWh,World,storage,battery,NMC622,phosphorous,0

2020,inflow,kg/kWh,World,storage,battery,NMC811,steel,1.094
2020,inflow,kg/kWh,World,storage,battery,NMC811,aluminium,0.191
2020,inflow,kg/kWh,World,storage,battery,NMC811,concrete,0
2020,inflow,kg/kWh,World,storage,battery,NMC811,plastics,0.428
2020,inflow,kg/kWh,World,storage,battery,NMC811,glass,0
2020,inflow,kg/kWh,World,storage,battery,NMC811,copper,0.511
2020,inflow,kg/kWh,World,storage,battery,NMC811,neodymium,0
2020,inflow,kg/kWh,World,storage,battery,NMC811,cobalt,0.094
2020,inflow,kg/kWh,World,storage,battery,NMC811,lead,0
2020,inflow,kg/kWh,World,storage,battery,NMC811,lithium,0.1246
2020,inflow,kg/kWh,World,storage,battery,NMC811,nickel,0.75
2020,inflow,kg/kWh,World,storage,battery,NMC811,manganese,0.09
2020,inflow,kg/kWh,World,storage,battery,NMC811,graphite,0
2020,inflow,kg/kWh,World,storage,battery,NMC811,phosphorous,0

2020,inflow,kg/kWh,World,storage,battery,NMC955,steel,1.094
2020,inflow,kg/kWh,World,storage,battery,NMC955,aluminium,0.191
2020,inflow,kg/kWh,World,storage,battery,NMC955,concrete,0
2020,inflow,kg/kWh,World,storage,battery,NMC955,plastics,0.428
2020,inflow,kg/kWh,World,storage,battery,NMC955,glass,0
2020,inflow,kg/kWh,World,storage,battery,NMC955,copper,0.511
2020,inflow,kg/kWh,World,storage,battery,NMC955,neodymium,0
2020,inflow,kg/kWh,World,storage,battery,NMC955,cobalt,0.094
2020,inflow,kg/kWh,World,storage,battery,NMC955,lead,0
2020,inflow,kg/kWh,World,storage,battery,NMC955,lithium,0.1246
2020,inflow,kg/kWh,World,storage,battery,NMC955,nickel,0.75
2020,inflow,kg/kWh,World,storage,battery,NMC955,manganese,0.09
2020,inflow,kg/kWh,World,storage,battery,NMC955,graphite,0
2020,inflow,kg/kWh,World,storage,battery,NMC955,phosphorous,0

2020,inflow,kg/kWh,World,storage,battery,NCA,steel,1.176
2020,inflow,kg/kWh,World,storage,battery,NCA,aluminium,0.418
2020,inflow,kg/kWh,World,storage,battery,NCA,concrete,0
2020,inflow,kg/kWh,World,storage,battery,NCA,plastics,0.835
2020,inflow,kg/kWh,World,storage,battery,NCA,glass,0
2020,inflow,kg/kWh,World,storage,battery,NCA,copper,0.418
2020,inflow,kg/kWh,World,storage,battery,NCA,neodymium,0
2020,inflow,kg/kWh,World,storage,battery,NCA,cobalt,0.143
2020,inflow,kg/kWh,World,storage,battery,NCA,lead,0
2020,inflow,kg/kWh,World,storage,battery,NCA,lithium,0.342
2020,inflow,kg/kWh,World,storage,battery,NCA,nickel,0.705
2020,inflow,kg/kWh,World,storage,battery,NCA,manganese,0
2020,inflow,kg/kWh,World,storage,battery,NCA,graphite,0.87
2020,inflow,kg/kWh,World,storage,battery,NCA,phosphorous,0

2020,inflow,kg/kWh,World,storage,battery,lead-acid,steel,0
2020,inflow,kg/kWh,World,storage,battery,lead-acid,aluminium,0
2020,inflow,kg/kWh,World,storage,battery,lead-acid,concrete,0
2020,inflow,kg/kWh,World,storage,battery,lead-acid,plastics,2
2020,inflow,kg/kWh,World,storage,battery,lead-acid,glass,0.4
2020,inflow,kg/kWh,World,storage,battery,lead-acid,copper,0
2020,inflow,kg/kWh,World,storage,battery,lead-acid,neodymium,0
2020,inflow,kg/kWh,World,storage,battery,lead-acid,cobalt,0
2020,inflow,kg/kWh,World,storage,battery,lead-acid,lead,12.2
2020,inflow,kg/kWh,World,storage,battery,lead-acid,lithium,0
2020,inflow,kg/kWh,World,storage,battery,lead-acid,nickel,0
2020,inflow,kg/kWh,World,storage,battery,lead-acid,manganese,0
2020,inflow,kg/kWh,World,storage,battery,lead-acid,graphite,0
2020,inflow,kg/kWh,World,storage,battery,lead-acid,phosphorous,0

2020,inflow,kg/kWh,World,storage,battery,Na-ion,steel,0
2020,inflow,kg/kWh,World,storage,battery,Na-ion,aluminium,0
2020,inflow,kg/kWh,World,storage,battery,Na-ion,concrete,0
2020,inflow,kg/kWh,World,storage,battery,Na-ion,plastics,0
2020,inflow,kg/kWh,World,storage,battery,Na-ion,glass,0
2020,inflow,kg/kWh,World,storage,battery,Na-ion,copper,0.75
2020,inflow,kg/kWh,World,storage,battery,Na-ion,neodymium,0
2020,inflow,kg/kWh,World,storage,battery,Na-ion,cobalt,0
2020,inflow,kg/kWh,World,storage,battery,Na-ion,lead,0
2020,inflow,kg/kWh,World,storage,battery,Na-ion,lithium,0
2020,inflow,kg/kWh,World,storage,battery,Na-ion,nickel,0.26
2020,inflow,kg/kWh,World,storage,battery,Na-ion,manganese,0.41
2020,inflow,kg/kWh,World,storage,battery,Na-ion,graphite,0
2020,inflow,kg/kWh,World,storage,battery,Na-ion,phosphorous,0

2020,inflow,kg/kWh,World,storage,battery,flow-ZnBr,steel,3.498
2020,inflow,kg/kWh,World,storage,battery,flow-ZnBr,aluminium,0
2020,inflow,kg/kWh,World,storage,battery,flow-ZnBr,concrete,0
2020,inflow,kg/kWh,World,storage,battery,flow-ZnBr,plastics,1.003
2020,inflow,kg/kWh,World,storage,battery,flow-ZnBr,glass,0
2020,inflow,kg/kWh,World,storage,battery,flow-ZnBr,copper,0.233
2020,inflow,kg/kWh,World,storage,battery,flow-ZnBr,neodymium,0
2020,inflow,kg/kWh,World,storage,battery,flow-ZnBr,cobalt,0
2020,inflow,kg/kWh,World,storage,battery,flow-ZnBr,lead,0
2020,inflow,kg/kWh,World,storage,battery,flow-ZnBr,lithium,0
2020,inflow,kg/kWh,World,storage,battery,flow-ZnBr,nickel,0
2020,inflow,kg/kWh,World,storage,battery,flow-ZnBr,manganese,0
2020,inflow,kg/kWh,World,storage,battery,flow-ZnBr,graphite,0
2020,inflow,kg/kWh,World,storage,battery,flow-ZnBr,phosphorous,0

2020,inflow,kg/kWh,World,storage,battery,flow-vanadium,steel,4.038
2020,inflow,kg/kWh,World,storage,battery,flow-vanadium,aluminium,0
2020,inflow,kg/kWh,World,storage,battery,flow-vanadium,concrete,0
2020,inflow,kg/kWh,World,storage,battery,flow-vanadium,plastics,1.638
2020,inflow,kg/kWh,World,storage,battery,flow-vanadium,glass,0
2020,inflow,kg/kWh,World,storage,battery,flow-vanadium,copper,0.305
2020,inflow,kg/kWh,World,storage,battery,flow-vanadium,neodymium,0
2020,inflow,kg/kWh,World,storage,battery,flow-vanadium,cobalt,0
2020,inflow,kg/kWh,World,storage,battery,flow-vanadium,lead,0
2020,inflow,kg/kWh,World,storage,battery,flow-vanadium,lithium,0
2020,inflow,kg/kWh,World,storage,battery,flow-vanadium,nickel,0
2020,inflow,kg/kWh,World,storage,battery,flow-vanadium,manganese,0
2020,inflow,kg/kWh,World,storage,battery,flow-vanadium,graphite,0
2020,inflow,kg/kWh,World,storage,battery,flow-vanadium,phosphorous,0

2020,inflow,kg/kWh,World,storage,battery,low-nickel,steel,1.094
2020,inflow,kg/kWh,World,storage,battery,low-nickel,aluminium,0.191
2020,inflow,kg/kWh,World,storage,battery,low-nickel,concrete,0
2020,inflow,kg/kWh,World,storage,battery,low-nickel,plastics,0.428
2020,inflow,kg/kWh,World,storage,battery,low-nickel,glass,0
2020,inflow,kg/kWh,World,storage,battery,low-nickel,copper,0.511
2020,inflow,kg/kWh,World,storage,battery,low-nickel,neodymium,0
2020,inflow,kg/kWh,World,storage,battery,low-nickel,cobalt,0.312
2020,inflow,kg/kWh,World,storage,battery,low-nickel,lead,0
2020,inflow,kg/kWh,World,storage,battery,low-nickel,lithium,0.151
2020,inflow,kg/kWh,World,storage,battery,low-nickel,nickel,0.442
2020,inflow,kg/kWh,World,storage,battery,low-nickel,manganese,0.37
2020,inflow,kg/kWh,World,storage,battery,low-nickel,graphite,0.87
2020,inflow,kg/kWh,World,storage,battery,low-nickel,phosphorous,0

2020,inflow,kg/kWh,World,storage,battery,high-nickel,steel,1.115
2020,inflow,kg/kWh,World,storage,battery,high-nickel,aluminium,0.248
2020,inflow,kg/kWh,World,storage,battery,high-nickel,concrete,0
2020,inflow,kg/kWh,World,storage,battery,high-nickel,plastics,0.53
2020,inflow,kg/kWh,World,storage,battery,high-nickel,glass,0
2020,inflow,kg/kWh,World,storage,battery,high-nickel,copper,0.488
2020,inflow,kg/kWh,World,storage,battery,high-nickel,neodymium,0
2020,inflow,kg/kWh,World,storage,battery,high-nickel,cobalt,0.137
2020,inflow,kg/kWh,World,storage,battery,high-nickel,lead,0
2020,inflow,kg/kWh,World,storage,battery,high-nickel,lithium,0.162
2020,inflow,kg/kWh,World,storage,battery,high-nickel,nickel,0.684
2020,inflow,kg/kWh,World,storage,battery,high-nickel,manganese,0.117
2020,inflow,kg/kWh,World,storage,battery,high-nickel,graphite,0.87
2020,inflow,kg/kWh,World,storage,battery,high-nickel,phosphorous,0

2020,inflow,kg/kWh,World,storage,battery,PHS,steel,25.417
2020,inflow,kg/kWh,World,storage,battery,PHS,aluminium,0.086
2020,inflow,kg/kWh,World,storage,battery,PHS,concrete,0
2020,inflow,kg/kWh,World,storage,battery,PHS,plastics,0
2020,inflow,kg/kWh,World,storage,battery,PHS,glass,0
2020,inflow,kg/kWh,World,storage,battery,PHS,copper,0.583
2020,inflow,kg/kWh,World,storage,battery,PHS,neodymium,0
2020,inflow,kg/kWh,World,storage,battery,PHS,cobalt,0
2020,inflow,kg/kWh,World,storage,battery,PHS,lead,0
2020,inflow,kg/kWh,World,storage,battery,PHS,lithium,0
2020,inflow,kg/kWh,World,storage,battery,PHS,nickel,0
2020,inflow,kg/kWh,World,storage,battery,PHS,manganese,0
2020,inflow,kg/kWh,World,storage,battery,PHS,graphite,0
2020,inflow,kg/kWh,World,storage,battery,PHS,phosphorous,0

